{"stats":{"minecraft:used":{"minecraft:oak_fence":100,"minecraft:jack_o_lantern":47,"minecraft:blue_terracotta":7,"minecraft:writable_book":20,"minecraft:acacia_log":19,"minecraft:redstone_ore":23,"minecraft:red_concrete":19,"minecraft:zombie_villager_spawn_egg":1,"minecraft:oak_sign":50,"minecraft:light_blue_terracotta":1,"minecraft:stone":153,"minecraft:zombie_spawn_egg":1,"minecraft:white_shulker_box":1,"minecraft:warped_sign":1,"minecraft:stripped_birch_wood":1,"minecraft:quartz_stairs":32,"minecraft:dirt":14,"minecraft:soul_sand":19,"minecraft:blue_stained_glass":16,"minecraft:nether_quartz_ore":1,"minecraft:dead_brain_coral_block":1,"minecraft:cyan_wool":2,"minecraft:packed_ice":45,"minecraft:cyan_terracotta":19,"minecraft:coal_ore":20,"minecraft:villager_spawn_egg":12,"minecraft:quartz_pillar":9,"minecraft:red_wool":284,"minecraft:iron_block":3,"minecraft:grass_block":88,"minecraft:slime_block":5,"minecraft:acacia_slab":52,"minecraft:quartz_block":2,"minecraft:smooth_quartz":1042,"minecraft:stone_bricks":1,"minecraft:item_frame":2,"minecraft:bedrock":40,"minecraft:light_gray_wool":22,"minecraft:redstone_lamp":10,"minecraft:bow":42,"minecraft:gray_glazed_terracotta":5,"minecraft:magenta_wool":1,"minecraft:magenta_terracotta":5,"minecraft:written_book":17,"minecraft:furnace":2,"minecraft:minecart":4,"minecraft:acacia_wood":46,"minecraft:stone_pressure_plate":2,"minecraft:acacia_planks":1,"minecraft:stripped_spruce_wood":2,"minecraft:cooked_mutton":3,"minecraft:water_bucket":7,"minecraft:acacia_boat":1,"minecraft:diorite":3,"minecraft:iron_ore":13,"minecraft:light_blue_glazed_terracotta":2,"minecraft:sandstone_stairs":201,"minecraft:snow_block":94,"minecraft:birch_planks":21,"minecraft:polished_andesite":1,"minecraft:lime_wool":10,"minecraft:oak_planks":83,"minecraft:birch_wood":90,"minecraft:andesite_slab":52,"minecraft:redstone_block":12,"minecraft:spruce_sign":1,"minecraft:sheep_spawn_egg":33,"minecraft:clay":58,"minecraft:gold_ore":4,"minecraft:white_wool":813,"minecraft:mossy_cobblestone":1,"minecraft:sand":82,"minecraft:infested_chiseled_stone_bricks":1,"minecraft:crafting_table":2,"minecraft:cyan_glazed_terracotta":2,"minecraft:loom":2,"minecraft:dead_fire_coral_block":1,"minecraft:light_blue_wool":222,"minecraft:birch_sign":28,"minecraft:blue_ice":2,"minecraft:crossbow":9,"minecraft:chiseled_quartz_block":2,"minecraft:purple_terracotta":9,"minecraft:gray_concrete":6,"minecraft:brown_glazed_terracotta":15,"minecraft:gray_terracotta":2,"minecraft:firework_rocket":29,"minecraft:acacia_sign":12,"minecraft:command_block":15,"minecraft:light_gray_concrete":2,"minecraft:stone_button":15,"minecraft:oak_button":3,"minecraft:lectern":3,"minecraft:stone_slab":31,"minecraft:gravel":8,"minecraft:blue_carpet":2,"minecraft:jungle_sign":2,"minecraft:diamond_sword":9,"minecraft:fishing_rod":50,"minecraft:cobblestone":10,"minecraft:andesite":2,"minecraft:stripped_oak_wood":1,"minecraft:sandstone_slab":47,"minecraft:red_banner":30,"minecraft:birch_log":3,"minecraft:lapis_block":13,"minecraft:sea_pickle":78,"minecraft:white_concrete":319,"minecraft:tropical_fish_bucket":20,"minecraft:gray_wool":20,"minecraft:splash_potion":7},"minecraft:killed":{"minecraft:husk":2,"minecraft:sheep":1,"minecraft:pillager":1,"minecraft:zombie":3},"minecraft:picked_up":{"minecraft:splash_potion":5,"minecraft:ladder":1,"minecraft:packed_ice":1,"minecraft:potion":2,"minecraft:birch_button":1,"minecraft:brain_coral_block":1,"minecraft:shield":1,"minecraft:cornflower":2,"minecraft:string":1,"minecraft:elytra":1,"minecraft:beetroot_soup":1,"minecraft:item_frame":9,"minecraft:oak_sign":1,"minecraft:sea_pickle":7,"minecraft:black_glazed_terracotta":1,"minecraft:written_book":6,"minecraft:blue_shulker_box":1,"minecraft:spruce_trapdoor":1,"minecraft:tipped_arrow":3,"minecraft:white_glazed_terracotta":1,"minecraft:stone":2,"minecraft:torch":1,"minecraft:stone_button":5,"minecraft:trident":2,"minecraft:brown_carpet":1,"minecraft:honey_bottle":1,"minecraft:command_block":2,"minecraft:arrow":320,"minecraft:rotten_flesh":14,"minecraft:blue_glazed_terracotta":1,"minecraft:pink_glazed_terracotta":1,"minecraft:tube_coral_block":1,"minecraft:white_terracotta":1,"minecraft:petrified_oak_slab":1,"minecraft:netherite_chestplate":1,"minecraft:white_shulker_box":16,"minecraft:mutton":2,"minecraft:white_wool":2,"minecraft:netherite_boots":1,"minecraft:water_bucket":22,"minecraft:filled_map":4,"minecraft:crimson_fungus":1,"minecraft:stripped_spruce_wood":1,"minecraft:yellow_glazed_terracotta":2,"minecraft:netherite_leggings":2,"minecraft:name_tag":65,"minecraft:cooked_mutton":14,"minecraft:gray_carpet":1,"minecraft:bow":3,"minecraft:light_gray_glazed_terracotta":1,"minecraft:wheat_seeds":1,"minecraft:cooked_chicken":1,"minecraft:book":1,"minecraft:tropical_fish_bucket":1,"minecraft:oak_slab":3,"minecraft:chain_command_block":66,"minecraft:milk_bucket":3,"minecraft:gray_glazed_terracotta":1,"minecraft:green_glazed_terracotta":1,"minecraft:sand":2,"minecraft:grass_block":6,"minecraft:firework_rocket":12,"minecraft:sugar":1,"minecraft:purple_glazed_terracotta":1,"minecraft:netherite_helmet":2,"minecraft:writable_book":8,"minecraft:crossbow":2,"minecraft:birch_sign":4,"minecraft:white_concrete":1,"minecraft:emerald":1,"minecraft:blue_banner":2,"minecraft:black_wool":16,"minecraft:ender_pearl":1,"minecraft:sunflower":15},"minecraft:custom":{"minecraft:inspect_dropper":2,"minecraft:mob_kills":7,"minecraft:interact_with_anvil":7,"minecraft:interact_with_crafting_table":1,"minecraft:open_barrel":2,"minecraft:open_shulker_box":78,"minecraft:bell_ring":81,"minecraft:eat_cake_slice":7,"minecraft:leave_game":167,"minecraft:time_since_death":2005175,"minecraft:climb_one_cm":31064,"minecraft:sprint_one_cm":3095397,"minecraft:walk_one_cm":5619731,"minecraft:drop":105,"minecraft:target_hit":10,"minecraft:strider_one_cm":2205,"minecraft:deaths":6,"minecraft:sneak_time":98377,"minecraft:walk_under_water_one_cm":162766,"minecraft:boat_one_cm":28761,"minecraft:interact_with_lectern":38,"minecraft:jump":4415,"minecraft:walk_on_water_one_cm":41358,"minecraft:interact_with_furnace":1,"minecraft:play_one_minute":7345281,"minecraft:interact_with_loom":4,"minecraft:time_since_rest":2005206,"minecraft:damage_taken":1384,"minecraft:trigger_trapped_chest":2,"minecraft:minecart_one_cm":61334,"minecraft:damage_dealt":652,"minecraft:swim_one_cm":6540,"minecraft:fly_one_cm":23783334,"minecraft:open_chest":51,"minecraft:crouch_one_cm":49844,"minecraft:fall_one_cm":21744,"minecraft:inspect_dispenser":2},"minecraft:dropped":{"minecraft:crossbow":1,"minecraft:command_block":3,"minecraft:sheep_spawn_egg":1,"minecraft:grass_block":8,"minecraft:item_frame":7,"minecraft:emerald":1,"minecraft:packed_ice":1,"minecraft:stone_button":1,"minecraft:white_concrete":1,"minecraft:yellow_glazed_terracotta":2,"minecraft:writable_book":1,"minecraft:sand":2,"minecraft:sunflower":50,"minecraft:white_wool":1,"minecraft:tropical_fish_bucket":1,"minecraft:blue_terracotta":1,"minecraft:crimson_fungus":1,"minecraft:oak_planks":1,"minecraft:white_terracotta":1,"minecraft:white_shulker_box":6,"minecraft:oak_sign":2,"minecraft:filled_map":1,"minecraft:stone":7,"minecraft:spruce_trapdoor":1,"minecraft:iron_ore":1,"minecraft:chain_command_block":2,"minecraft:stripped_spruce_wood":1}},"DataVersion":2567}