{"stats":{"minecraft:used":{"minecraft:light_blue_banner":124,"minecraft:light_blue_stained_glass_pane":5,"minecraft:blue_terracotta":140,"minecraft:writable_book":13,"minecraft:polished_granite_stairs":58,"minecraft:smooth_quartz_slab":330,"minecraft:dead_horn_coral_block":3,"minecraft:dispenser":1,"minecraft:poppy":249,"minecraft:bone_block":329,"minecraft:white_concrete_powder":5,"minecraft:green_banner":10,"minecraft:chest":2,"minecraft:white_terracotta":3781,"minecraft:stone":59,"minecraft:stripped_jungle_wood":2,"minecraft:quartz_stairs":45,"minecraft:grass":3,"minecraft:mossy_stone_brick_slab":568,"minecraft:green_terracotta":1,"minecraft:soul_sand":314,"minecraft:brick_slab":6,"minecraft:blue_stained_glass":1,"minecraft:orange_glazed_terracotta":21,"minecraft:jungle_planks":26,"minecraft:nether_bricks":108,"minecraft:prismarine_brick_stairs":171,"minecraft:pink_terracotta":27,"minecraft:glass":173,"minecraft:cyan_terracotta":202,"minecraft:lava_bucket":21,"minecraft:stripped_dark_oak_wood":100,"minecraft:bricks":42,"minecraft:coal_ore":391,"minecraft:lime_banner":3,"minecraft:quartz_pillar":382,"minecraft:quartz_slab":24,"minecraft:red_wool":5,"minecraft:spruce_wood":11,"minecraft:lantern":50,"minecraft:grass_block":740,"minecraft:polished_andesite_stairs":19,"minecraft:quartz_block":1195,"minecraft:wet_sponge":4,"minecraft:dark_oak_wood":9,"minecraft:dark_oak_slab":5,"minecraft:music_disc_wait":1,"minecraft:pink_wool":148,"minecraft:blue_banner":9,"minecraft:stone_brick_stairs":31,"minecraft:stone_bricks":598,"minecraft:item_frame":66,"minecraft:bedrock":1068,"minecraft:birch_trapdoor":9,"minecraft:repeater":1,"minecraft:red_stained_glass_pane":10,"minecraft:red_carpet":49,"minecraft:redstone_lamp":21,"minecraft:magma_block":39,"minecraft:yellow_glazed_terracotta":59,"minecraft:acacia_fence":1,"minecraft:polished_diorite_stairs":288,"minecraft:gold_block":100,"minecraft:skeleton_skull":11,"minecraft:gray_banner":4,"minecraft:dark_prismarine_stairs":95,"minecraft:stripped_spruce_wood":9,"minecraft:emerald_ore":1,"minecraft:dark_oak_stairs":122,"minecraft:mossy_stone_bricks":12,"minecraft:diorite":53,"minecraft:end_rod":134,"minecraft:spruce_door":1,"minecraft:dropper":6,"minecraft:stripped_birch_log":82,"minecraft:red_stained_glass":3,"minecraft:acacia_trapdoor":9,"minecraft:dark_oak_sign":5,"minecraft:prismarine":141,"minecraft:birch_wood":54,"minecraft:oak_planks":41,"minecraft:prismarine_stairs":21,"minecraft:polished_diorite_slab":133,"minecraft:mossy_stone_brick_stairs":3,"minecraft:sandstone":5,"minecraft:black_glazed_terracotta":894,"minecraft:redstone_block":147,"minecraft:clay":266,"minecraft:smooth_quartz_stairs":41,"minecraft:white_wool":29844,"minecraft:dark_oak_trapdoor":71,"minecraft:purpur_stairs":8,"minecraft:lime_stained_glass_pane":3,"minecraft:infested_chiseled_stone_bricks":3,"minecraft:light_blue_concrete":2231,"minecraft:loom":3,"minecraft:light_blue_wool":2,"minecraft:black_banner":101,"minecraft:light_gray_terracotta":69,"minecraft:yellow_concrete":2,"minecraft:sponge":32,"minecraft:chiseled_quartz_block":178,"minecraft:purple_terracotta":260,"minecraft:note_block":10,"minecraft:gray_concrete":50,"minecraft:black_concrete_powder":3,"minecraft:end_stone":1,"minecraft:birch_fence":11,"minecraft:redstone_torch":24,"minecraft:black_terracotta":19,"minecraft:lever":15,"minecraft:green_concrete":4,"minecraft:blue_glazed_terracotta":5,"minecraft:red_sandstone":5,"minecraft:black_concrete":369,"minecraft:firework_rocket":1,"minecraft:chiseled_sandstone":67,"minecraft:daylight_detector":8,"minecraft:dark_oak_log":4,"minecraft:birch_slab":58,"minecraft:light_gray_concrete":217,"minecraft:heavy_weighted_pressure_plate":12,"minecraft:brown_wool":2,"minecraft:string":2,"minecraft:brown_stained_glass":1,"minecraft:stone_button":33,"minecraft:cyan_carpet":3,"minecraft:lectern":3,"minecraft:white_glazed_terracotta":1,"minecraft:red_terracotta":16,"minecraft:polished_granite":109,"minecraft:diamond_ore":22,"minecraft:iron_door":13,"minecraft:magenta_stained_glass_pane":1,"minecraft:coal_block":2,"minecraft:nether_wart_block":8,"minecraft:smooth_red_sandstone_slab":31,"minecraft:stripped_oak_wood":3,"minecraft:grindstone":10,"minecraft:dark_oak_fence":7,"minecraft:andesite":148,"minecraft:white_stained_glass":2,"minecraft:birch_log":62,"minecraft:pink_stained_glass":8,"minecraft:white_concrete":239,"minecraft:coarse_dirt":25,"minecraft:bone_meal":285,"minecraft:purple_wool":74,"minecraft:gray_stained_glass":16,"minecraft:oak_fence":5,"minecraft:oak_trapdoor":34,"minecraft:iron_bars":1038,"minecraft:enchanting_table":6,"minecraft:dead_tube_coral_block":3,"minecraft:acacia_log":379,"minecraft:flint_and_steel":258,"minecraft:armor_stand":77,"minecraft:redstone_ore":607,"minecraft:red_concrete":3,"minecraft:redstone":100,"minecraft:light_blue_terracotta":184,"minecraft:spruce_planks":5,"minecraft:ender_chest":2,"minecraft:stripped_birch_wood":444,"minecraft:netherrack":10,"minecraft:oak_door":7,"minecraft:torch":84,"minecraft:orange_stained_glass":1,"minecraft:brewing_stand":4,"minecraft:dirt":661,"minecraft:anvil":2,"minecraft:white_carpet":17,"minecraft:hopper":6,"minecraft:nether_quartz_ore":51,"minecraft:prismarine_bricks":114,"minecraft:spruce_stairs":71,"minecraft:stone_stairs":2,"minecraft:nether_brick_slab":3,"minecraft:light_gray_glazed_terracotta":178,"minecraft:oak_wood":7,"minecraft:pink_carpet":14,"minecraft:polished_granite_slab":68,"minecraft:jungle_trapdoor":7,"minecraft:dead_brain_coral_block":3,"minecraft:light_blue_stained_glass":2,"minecraft:granite":14,"minecraft:blue_concrete":5,"minecraft:nether_brick_stairs":78,"minecraft:polished_diorite":2098,"minecraft:purple_banner":7,"minecraft:purple_stained_glass_pane":1,"minecraft:stone_brick_slab":77,"minecraft:brown_terracotta":48,"minecraft:dark_oak_planks":1681,"minecraft:sea_lantern":339,"minecraft:light_gray_stained_glass":3,"minecraft:bookshelf":43,"minecraft:yellow_stained_glass":6,"minecraft:iron_block":2775,"minecraft:light_weighted_pressure_plate":6,"minecraft:brick_stairs":42,"minecraft:slime_block":72,"minecraft:smooth_sandstone":67,"minecraft:jungle_log":3,"minecraft:smooth_quartz":947,"minecraft:pink_stained_glass_pane":11,"minecraft:light_gray_wool":314,"minecraft:tripwire_hook":2,"minecraft:purple_concrete":3,"minecraft:glowstone":162,"minecraft:gray_glazed_terracotta":27,"minecraft:tall_grass":19,"minecraft:black_stained_glass":5,"minecraft:magenta_wool":91,"minecraft:magenta_terracotta":156,"minecraft:iron_trapdoor":25,"minecraft:dark_oak_pressure_plate":5,"minecraft:lime_stained_glass":2,"minecraft:white_stained_glass_pane":3,"minecraft:acacia_wood":594,"minecraft:trapped_chest":2,"minecraft:cyan_banner":8,"minecraft:stone_pressure_plate":36,"minecraft:dead_bubble_coral_block":139,"minecraft:orange_terracotta":5,"minecraft:orange_stained_glass_pane":1,"minecraft:quartz_bricks":2,"minecraft:yellow_banner":10,"minecraft:iron_ore":229,"minecraft:cobblestone_stairs":42,"minecraft:light_blue_glazed_terracotta":115,"minecraft:pink_glazed_terracotta":405,"minecraft:snow_block":753,"minecraft:birch_planks":407,"minecraft:polished_andesite":341,"minecraft:blue_wool":56,"minecraft:pink_banner":23,"minecraft:purple_glazed_terracotta":28,"minecraft:cut_sandstone":1,"minecraft:magenta_stained_glass":4,"minecraft:gold_ore":89,"minecraft:sheep_spawn_egg":1,"minecraft:red_glazed_terracotta":28,"minecraft:cracked_stone_bricks":13,"minecraft:pink_concrete":68,"minecraft:diamond_block":182,"minecraft:rail":1,"minecraft:comparator":2,"minecraft:jungle_wood":4,"minecraft:mossy_cobblestone":13,"minecraft:lime_terracotta":3,"minecraft:light_gray_banner":4,"minecraft:terracotta":6,"minecraft:stripped_dark_oak_log":2,"minecraft:cyan_glazed_terracotta":184,"minecraft:oak_slab":13,"minecraft:dark_prismarine_slab":17,"minecraft:tnt":68,"minecraft:crafting_table":4,"minecraft:dead_fire_coral_block":3,"minecraft:brown_banner":259,"minecraft:birch_sign":7,"minecraft:yellow_stained_glass_pane":3,"minecraft:white_bed":1,"minecraft:light_gray_concrete_powder":3,"minecraft:painting":143,"minecraft:brown_glazed_terracotta":140,"minecraft:smooth_red_sandstone_stairs":31,"minecraft:spruce_log":99,"minecraft:cake":5,"minecraft:smoker":5,"minecraft:dark_oak_door":11,"minecraft:cyan_stained_glass":15,"minecraft:purple_stained_glass":1,"minecraft:oak_log":13,"minecraft:blue_stained_glass_pane":2,"minecraft:gray_terracotta":1279,"minecraft:piston":143,"minecraft:dark_prismarine":130,"minecraft:flower_pot":7,"minecraft:ender_eye":12,"minecraft:cornflower":255,"minecraft:acacia_sign":3,"minecraft:map":5,"minecraft:lapis_ore":49,"minecraft:magenta_concrete":8,"minecraft:spruce_trapdoor":32,"minecraft:magenta_banner":8,"minecraft:chiseled_stone_bricks":139,"minecraft:cobblestone":797,"minecraft:potion":27,"minecraft:orange_banner":8,"minecraft:cyan_stained_glass_pane":3,"minecraft:white_banner":112,"minecraft:red_banner":7,"minecraft:glass_pane":418,"minecraft:magenta_glazed_terracotta":148,"minecraft:end_portal_frame":20,"minecraft:gray_wool":95,"minecraft:smooth_stone":14,"minecraft:jukebox":21,"minecraft:birch_stairs":198,"minecraft:green_stained_glass":1},"minecraft:crafted":{"minecraft:cobblestone_stairs":4,"minecraft:leather_boots":1,"minecraft:leather_helmet":1,"minecraft:blue_dye":1,"minecraft:white_dye":65},"minecraft:picked_up":{"minecraft:potion":1,"minecraft:dark_oak_pressure_plate":2,"minecraft:oak_sign":1,"minecraft:light_weighted_pressure_plate":1,"minecraft:smooth_quartz_stairs":1,"minecraft:torch":17,"minecraft:vine":1,"minecraft:iron_block":2,"minecraft:music_disc_wait":1,"minecraft:iron_bars":2,"minecraft:iron_door":2,"minecraft:chiseled_quartz_block":1,"minecraft:dirt":2,"minecraft:lantern":2,"minecraft:light_gray_concrete_powder":1,"minecraft:wheat_seeds":5,"minecraft:pink_banner":2,"minecraft:light_blue_dye":1,"minecraft:dark_oak_sign":1,"minecraft:black_concrete_powder":1,"minecraft:lever":3,"minecraft:writable_book":1,"minecraft:white_concrete":1,"minecraft:blue_banner":1,"minecraft:azure_bluet":1,"minecraft:heavy_weighted_pressure_plate":2,"minecraft:cornflower":1,"minecraft:white_carpet":2,"minecraft:item_frame":3,"minecraft:quartz_slab":1,"minecraft:poppy":33,"minecraft:quartz_stairs":1,"minecraft:music_disc_mellohi":2,"minecraft:stone_button":3,"minecraft:redstone":15,"minecraft:stone_pressure_plate":11,"minecraft:black_banner":26,"minecraft:oxeye_daisy":2,"minecraft:white_banner":43,"minecraft:red_carpet":5,"minecraft:stone_bricks":64,"minecraft:light_blue_banner":11,"minecraft:polished_andesite_stairs":2,"minecraft:dandelion":1,"minecraft:lava_bucket":2,"minecraft:lime_dye":1,"minecraft:brown_banner":64},"minecraft:custom":{"minecraft:interact_with_crafting_table":17,"minecraft:open_shulker_box":3,"minecraft:eat_cake_slice":35,"minecraft:leave_game":48,"minecraft:time_since_death":5700113,"minecraft:sprint_one_cm":1063106,"minecraft:drop":243,"minecraft:deaths":1,"minecraft:jump":12774,"minecraft:interact_with_brewingstand":1,"minecraft:walk_on_water_one_cm":722,"minecraft:play_record":1,"minecraft:play_one_minute":7515139,"minecraft:interact_with_loom":68,"minecraft:open_enderchest":3,"minecraft:crouch_one_cm":376282,"minecraft:interact_with_smoker":2,"minecraft:inspect_dropper":3,"minecraft:interact_with_anvil":4,"minecraft:inspect_hopper":1,"minecraft:climb_one_cm":4754,"minecraft:walk_one_cm":6851465,"minecraft:sneak_time":297038,"minecraft:walk_under_water_one_cm":14372,"minecraft:interact_with_lectern":40,"minecraft:tune_noteblock":6,"minecraft:time_since_rest":5700161,"minecraft:damage_taken":240,"minecraft:trigger_trapped_chest":13,"minecraft:fly_one_cm":24818824,"minecraft:open_chest":33},"minecraft:dropped":{"minecraft:gold_ore":1,"minecraft:soul_sand":1,"minecraft:birch_planks":2,"minecraft:dark_oak_stairs":1,"minecraft:cyan_glazed_terracotta":2,"minecraft:crafting_table":1,"minecraft:stripped_birch_wood":2,"minecraft:flower_banner_pattern":1,"minecraft:quartz_pillar":4,"minecraft:bedrock":4,"minecraft:brown_banner":35,"minecraft:red_carpet":5,"minecraft:cobblestone_stairs":6,"minecraft:gold_block":1,"minecraft:cyan_terracotta":1,"minecraft:dirt":11,"minecraft:gray_concrete":1,"minecraft:stone_button":3,"minecraft:light_gray_banner":2,"minecraft:white_stained_glass_pane":1,"minecraft:bone_block":1,"minecraft:black_concrete":3,"minecraft:pink_glazed_terracotta":2,"minecraft:white_wool":1,"minecraft:note_block":1,"minecraft:magenta_banner":2,"minecraft:pink_terracotta":1,"minecraft:diamond_block":4,"minecraft:stripped_jungle_wood":1,"minecraft:black_terracotta":2,"minecraft:diamond_shovel":1,"minecraft:lime_dye":1,"minecraft:dead_fire_coral_block":2,"minecraft:black_glazed_terracotta":2,"minecraft:chiseled_stone_bricks":1,"minecraft:oak_wood":1,"minecraft:quartz_block":3,"minecraft:glowstone":2,"minecraft:leather_boots":1,"minecraft:spruce_wood":1,"minecraft:white_dye":1,"minecraft:iron_ore":1,"minecraft:iron_bars":7,"minecraft:glass":1,"minecraft:white_concrete_powder":1,"minecraft:stone_brick_stairs":1,"minecraft:polished_granite":1,"minecraft:light_gray_concrete_powder":1,"minecraft:dead_tube_coral_block":1,"minecraft:vine":2,"minecraft:smooth_quartz_stairs":1,"minecraft:yellow_concrete":1,"minecraft:iron_helmet":1,"minecraft:cobblestone":3,"minecraft:light_gray_glazed_terracotta":1,"minecraft:jungle_wood":1,"minecraft:dead_horn_coral_block":1,"minecraft:coal_block":1,"minecraft:polished_andesite":1,"minecraft:end_rod":2,"minecraft:oxeye_daisy":1,"minecraft:lava_bucket":3,"minecraft:iron_block":9,"minecraft:gray_wool":1,"minecraft:light_blue_stained_glass":1,"minecraft:torch":3,"minecraft:nether_wart_block":2,"minecraft:white_concrete":3,"minecraft:smooth_quartz":4,"minecraft:iron_door":2,"minecraft:potion":7,"minecraft:stripped_birch_log":1,"minecraft:pink_banner":2,"minecraft:polished_andesite_stairs":2,"minecraft:white_banner":24,"minecraft:music_disc_wait":1,"minecraft:smooth_stone":1,"minecraft:trapped_chest":1,"minecraft:pink_stained_glass_pane":1,"minecraft:chiseled_sandstone":1,"minecraft:redstone_block":2,"minecraft:redstone":3,"minecraft:snow_block":2,"minecraft:polished_diorite":4,"minecraft:red_concrete":1,"minecraft:blue_terracotta":3,"minecraft:bricks":1,"minecraft:anvil":1,"minecraft:redstone_ore":3,"minecraft:ender_chest":1,"minecraft:chiseled_quartz_block":4,"minecraft:brown_glazed_terracotta":1,"minecraft:dead_bubble_coral_block":1,"minecraft:red_banner":1,"minecraft:magenta_stained_glass_pane":1,"minecraft:slime_block":1,"minecraft:light_gray_concrete":3,"minecraft:light_blue_concrete":1,"minecraft:oak_sign":1,"minecraft:flint_and_steel":1,"minecraft:light_blue_dye":1,"minecraft:stone":1,"minecraft:gray_terracotta":3,"minecraft:black_concrete_powder":1,"minecraft:quartz_stairs":1,"minecraft:stone_pressure_plate":3,"minecraft:stone_bricks":66,"minecraft:light_gray_dye":1,"minecraft:orange_stained_glass_pane":1,"minecraft:dead_brain_coral_block":1,"minecraft:light_blue_terracotta":2,"minecraft:magma_block":2,"minecraft:quartz_slab":1}},"DataVersion":2567}