{"stats":{"minecraft:used":{"minecraft:peony":1,"minecraft:nether_brick_fence":28,"minecraft:jack_o_lantern":2,"minecraft:writable_book":96,"minecraft:polished_granite_stairs":2,"minecraft:cut_red_sandstone_slab":4,"minecraft:smooth_quartz_slab":132,"minecraft:spruce_slab":147,"minecraft:dead_horn_coral_block":11,"minecraft:red_sandstone_slab":2,"minecraft:dispenser":3,"minecraft:poppy":2,"minecraft:dead_brain_coral":1,"minecraft:ladder":91,"minecraft:black_carpet":397,"minecraft:green_banner":7,"minecraft:chest":121,"minecraft:stone":256,"minecraft:brown_concrete":2,"minecraft:white_shulker_box":26,"minecraft:red_nether_brick_stairs":1,"minecraft:quartz_stairs":303,"minecraft:farmland":11,"minecraft:tube_coral":1,"minecraft:chiseled_red_sandstone":85,"minecraft:soul_sand":116,"minecraft:lily_of_the_valley":1,"minecraft:cocoa_beans":2,"minecraft:blue_stained_glass":517,"minecraft:brick_slab":5,"minecraft:jungle_slab":137,"minecraft:allium":2,"minecraft:orange_wool":49,"minecraft:acacia_sapling":3,"minecraft:acacia_button":1,"minecraft:azure_bluet":3,"minecraft:stripped_spruce_log":95,"minecraft:jungle_sapling":1,"minecraft:packed_ice":20,"minecraft:honey_block":163,"minecraft:lava_bucket":9,"minecraft:stripped_dark_oak_wood":165,"minecraft:quartz_pillar":479,"minecraft:lime_banner":1,"minecraft:jungle_fence_gate":1,"minecraft:red_wool":116,"minecraft:black_stained_glass_pane":33,"minecraft:grass_block":443,"minecraft:birch_sapling":1,"minecraft:polished_andesite_stairs":36,"minecraft:orange_shulker_box":6,"minecraft:quartz_block":1911,"minecraft:wet_sponge":3,"minecraft:dark_oak_leaves":15,"minecraft:dark_oak_slab":422,"minecraft:dark_oak_button":6,"minecraft:diorite_wall":31,"minecraft:pink_wool":752,"minecraft:stone_brick_stairs":150,"minecraft:blue_banner":16,"minecraft:red_stained_glass_pane":26,"minecraft:infested_mossy_stone_bricks":1,"minecraft:snow":165,"minecraft:sweet_berries":1,"minecraft:oak_sapling":13,"minecraft:yellow_glazed_terracotta":137,"minecraft:furnace":25,"minecraft:acacia_fence":3,"minecraft:gray_banner":2,"minecraft:end_stone_brick_stairs":102,"minecraft:potato":1,"minecraft:dragon_head":4,"minecraft:seagrass":2,"minecraft:green_stained_glass_pane":1,"minecraft:dark_prismarine_stairs":10,"minecraft:brown_concrete_powder":1,"minecraft:magenta_shulker_box":4,"minecraft:lime_glazed_terracotta":36,"minecraft:light_blue_carpet":74,"minecraft:emerald_ore":24,"minecraft:mossy_stone_bricks":599,"minecraft:diorite":288,"minecraft:end_stone_bricks":486,"minecraft:spruce_door":65,"minecraft:brick_wall":1,"minecraft:stripped_birch_log":34,"minecraft:infested_stone":1,"minecraft:red_stained_glass":1,"minecraft:acacia_trapdoor":395,"minecraft:powered_rail":5,"minecraft:prismarine":55,"minecraft:lily_pad":1,"minecraft:orange_tulip":3,"minecraft:cactus":2,"minecraft:lime_concrete_powder":1,"minecraft:mossy_stone_brick_stairs":44,"minecraft:black_glazed_terracotta":30,"minecraft:jungle_pressure_plate":3,"minecraft:composter":49,"minecraft:clay":596,"minecraft:purpur_pillar":9,"minecraft:oak_leaves":54,"minecraft:smooth_quartz_stairs":75,"minecraft:dark_oak_trapdoor":527,"minecraft:purpur_stairs":1,"minecraft:sand":12,"minecraft:cut_sandstone_slab":18,"minecraft:blast_furnace":5,"minecraft:smooth_red_sandstone":5,"minecraft:blue_ice":20,"minecraft:acacia_leaves":28,"minecraft:purple_terracotta":139,"minecraft:chiseled_quartz_block":442,"minecraft:gray_concrete":16,"minecraft:black_concrete_powder":1,"minecraft:red_sandstone_wall":2,"minecraft:pumpkin_seeds":1,"minecraft:purple_concrete_powder":1,"minecraft:birch_fence":156,"minecraft:red_sandstone":173,"minecraft:chiseled_sandstone":99,"minecraft:crying_obsidian":3,"minecraft:birch_slab":574,"minecraft:gray_stained_glass_pane":2,"minecraft:zombie_head":2,"minecraft:stone_button":606,"minecraft:cyan_carpet":116,"minecraft:lectern":79,"minecraft:white_glazed_terracotta":1577,"minecraft:red_terracotta":40,"minecraft:polished_granite":118,"minecraft:oak_pressure_plate":9,"minecraft:diamond_ore":87,"minecraft:cut_red_sandstone":86,"minecraft:lilac":1,"minecraft:polished_andesite_slab":16,"minecraft:soul_lantern":1,"minecraft:magenta_stained_glass_pane":1,"minecraft:coal_block":108,"minecraft:nether_wart_block":29,"minecraft:diamond_sword":1,"minecraft:smithing_table":2,"minecraft:dark_oak_fence":41,"minecraft:bubble_coral_block":1,"minecraft:white_stained_glass":132,"minecraft:green_concrete_powder":1,"minecraft:birch_log":143,"minecraft:pink_stained_glass":2,"minecraft:ice":1,"minecraft:purple_wool":103,"minecraft:diorite_slab":15,"minecraft:gray_stained_glass":13,"minecraft:diorite_stairs":1,"minecraft:oak_trapdoor":326,"minecraft:stripped_acacia_wood":298,"minecraft:iron_bars":251,"minecraft:enchanting_table":2,"minecraft:dead_tube_coral_block":4,"minecraft:acacia_log":594,"minecraft:orange_concrete":124,"minecraft:dead_bush":2,"minecraft:carved_pumpkin":2,"minecraft:red_concrete":119,"minecraft:armor_stand":71,"minecraft:light_gray_carpet":146,"minecraft:mycelium":1,"minecraft:sandstone_wall":1,"minecraft:netherrack":99,"minecraft:torch":75,"minecraft:green_glazed_terracotta":32,"minecraft:orange_bed":7,"minecraft:orange_stained_glass":1,"minecraft:light_gray_shulker_box":5,"minecraft:brewing_stand":18,"minecraft:anvil":41,"minecraft:nether_quartz_ore":28,"minecraft:stone_stairs":6,"minecraft:dead_tube_coral":1,"minecraft:nether_brick_slab":228,"minecraft:light_gray_glazed_terracotta":453,"minecraft:yellow_carpet":77,"minecraft:jungle_trapdoor":50,"minecraft:polished_granite_slab":16,"minecraft:dead_brain_coral_block":172,"minecraft:blue_concrete":406,"minecraft:nether_brick_stairs":94,"minecraft:oak_fence_gate":3,"minecraft:fern":9,"minecraft:polished_diorite":399,"minecraft:shroomlight":1,"minecraft:mossy_cobblestone_stairs":1,"minecraft:red_shulker_box":4,"minecraft:sea_lantern":6265,"minecraft:cyan_shulker_box":4,"minecraft:iron_block":443,"minecraft:light_weighted_pressure_plate":13,"minecraft:spruce_button":1,"minecraft:slime_block":109,"minecraft:brick_stairs":52,"minecraft:jungle_log":9,"minecraft:smooth_quartz":4672,"minecraft:melon_seeds":1,"minecraft:pink_stained_glass_pane":2,"minecraft:barrel":144,"minecraft:prismarine_slab":6,"minecraft:bamboo":12,"minecraft:tripwire_hook":37,"minecraft:purple_concrete":19,"minecraft:glowstone":4,"minecraft:lime_concrete":235,"minecraft:magenta_wool":34,"minecraft:tall_grass":6,"minecraft:gray_glazed_terracotta":275,"minecraft:iron_trapdoor":30,"minecraft:magenta_terracotta":186,"minecraft:podzol":1,"minecraft:acacia_wood":13,"minecraft:trapped_chest":3,"minecraft:crimson_pressure_plate":3,"minecraft:acacia_planks":45,"minecraft:observer":44,"minecraft:orange_terracotta":34,"minecraft:wheat_seeds":1,"minecraft:water_bucket":222,"minecraft:yellow_banner":23,"minecraft:light_blue_shulker_box":4,"minecraft:nether_brick_wall":1,"minecraft:tube_coral_block":1,"minecraft:light_blue_glazed_terracotta":1336,"minecraft:sandstone_stairs":4,"minecraft:prismarine_brick_slab":34,"minecraft:birch_planks":1100,"minecraft:yellow_shulker_box":26,"minecraft:lime_wool":252,"minecraft:cartography_table":16,"minecraft:smooth_sandstone_slab":43,"minecraft:red_mushroom_block":1,"minecraft:blue_concrete_powder":1,"minecraft:cauldron":27,"minecraft:fletching_table":2,"minecraft:spruce_fence_gate":2,"minecraft:gold_ore":336,"minecraft:cracked_stone_bricks":89,"minecraft:pink_concrete":220,"minecraft:diamond_block":767,"minecraft:orange_carpet":70,"minecraft:mossy_cobblestone":51,"minecraft:light_gray_banner":15,"minecraft:lime_terracotta":13,"minecraft:rail":25,"minecraft:comparator":52,"minecraft:vine":6,"minecraft:crafting_table":52,"minecraft:oak_slab":636,"minecraft:tnt":17,"minecraft:cyan_glazed_terracotta":6,"minecraft:red_bed":3,"minecraft:birch_sign":738,"minecraft:campfire":8,"minecraft:white_bed":5,"minecraft:dark_oak_fence_gate":6,"minecraft:fire_coral":1,"minecraft:lime_shulker_box":4,"minecraft:cake":4,"minecraft:spruce_log":9,"minecraft:mushroom_stem":2,"minecraft:oak_log":202,"minecraft:blue_stained_glass_pane":7,"minecraft:dark_prismarine":721,"minecraft:cornflower":40,"minecraft:oxeye_daisy":4,"minecraft:diamond_shovel":3,"minecraft:acacia_sign":2,"minecraft:stripped_jungle_log":58,"minecraft:sunflower":1,"minecraft:oak_button":46,"minecraft:spruce_pressure_plate":7,"minecraft:cyan_concrete":103,"minecraft:purpur_slab":1,"minecraft:spruce_trapdoor":438,"minecraft:magenta_concrete_powder":1,"minecraft:spruce_sapling":1,"minecraft:chiseled_stone_bricks":33,"minecraft:blue_carpet":108,"minecraft:green_carpet":139,"minecraft:pink_bed":2,"minecraft:cobblestone":122,"minecraft:potion":13,"minecraft:orange_banner":4,"minecraft:purple_bed":3,"minecraft:acacia_pressure_plate":17,"minecraft:red_concrete_powder":1,"minecraft:andesite_stairs":11,"minecraft:sandstone_slab":13,"minecraft:glass_pane":145,"minecraft:repeating_command_block":79,"minecraft:end_portal_frame":18,"minecraft:stripped_oak_log":138,"minecraft:kelp":1,"minecraft:dandelion":2,"minecraft:brown_mushroom_block":1,"minecraft:jukebox":123,"minecraft:green_stained_glass":1,"minecraft:light_blue_banner":90,"minecraft:light_blue_stained_glass_pane":2,"minecraft:blue_terracotta":1484,"minecraft:red_sand":1,"minecraft:melon":120,"minecraft:light_gray_stained_glass_pane":1,"minecraft:bone_block":518,"minecraft:oak_sign":911,"minecraft:white_concrete_powder":496,"minecraft:white_terracotta":532,"minecraft:nether_wart":1,"minecraft:purple_shulker_box":3,"minecraft:creeper_head":1,"minecraft:stripped_jungle_wood":381,"minecraft:bubble_coral":1,"minecraft:bell":17,"minecraft:grass":12,"minecraft:mossy_stone_brick_slab":22,"minecraft:smooth_sandstone_stairs":33,"minecraft:green_terracotta":12,"minecraft:spruce_leaves":245,"minecraft:birch_pressure_plate":29,"minecraft:carrot":1,"minecraft:nether_bricks":45,"minecraft:orange_glazed_terracotta":96,"minecraft:jungle_planks":738,"minecraft:prismarine_brick_stairs":13,"minecraft:pink_terracotta":53,"minecraft:beehive":850,"minecraft:cyan_wool":118,"minecraft:milk_bucket":1,"minecraft:obsidian":74,"minecraft:red_sandstone_stairs":29,"minecraft:glass":295,"minecraft:cyan_terracotta":302,"minecraft:bricks":216,"minecraft:coal_ore":165,"minecraft:quartz_slab":154,"minecraft:lantern":198,"minecraft:blue_orchid":2,"minecraft:green_wool":84,"minecraft:dark_oak_wood":15,"minecraft:light_blue_bed":3,"minecraft:mossy_cobblestone_slab":1,"minecraft:gray_concrete_powder":41,"minecraft:tropical_fish_spawn_egg":3,"minecraft:hopper_minecart":9,"minecraft:stone_bricks":229,"minecraft:item_frame":695,"minecraft:bedrock":841,"minecraft:birch_button":5,"minecraft:birch_trapdoor":568,"minecraft:red_nether_brick_wall":1,"minecraft:red_carpet":291,"minecraft:repeater":296,"minecraft:redstone_lamp":414,"minecraft:honeycomb_block":1,"minecraft:magma_block":3,"minecraft:brown_carpet":31,"minecraft:horn_coral":1,"minecraft:written_book":73,"minecraft:hay_block":42,"minecraft:scaffolding":137,"minecraft:infested_cracked_stone_bricks":1,"minecraft:jungle_button":1,"minecraft:blue_shulker_box":19,"minecraft:gray_bed":1,"minecraft:beetroot_seeds":2,"minecraft:polished_diorite_stairs":1,"minecraft:gold_block":5,"minecraft:skeleton_skull":3,"minecraft:pink_concrete_powder":3,"minecraft:large_fern":3,"minecraft:stripped_spruce_wood":98,"minecraft:dark_oak_sapling":2,"minecraft:dark_oak_stairs":132,"minecraft:end_rod":155,"minecraft:stripped_acacia_log":1,"minecraft:dropper":344,"minecraft:wither_skeleton_skull":8,"minecraft:birch_leaves":22,"minecraft:gray_carpet":12,"minecraft:dark_oak_sign":45,"minecraft:jungle_fence":281,"minecraft:oak_planks":2481,"minecraft:prismarine_stairs":1,"minecraft:polished_diorite_slab":2,"minecraft:sandstone":24,"minecraft:redstone_block":178,"minecraft:end_stone_brick_slab":70,"minecraft:blue_bed":30,"minecraft:diamond_axe":278,"minecraft:sugar_cane":1,"minecraft:brain_coral":1,"minecraft:white_wool":3916,"minecraft:light_blue_concrete":870,"minecraft:yellow_terracotta":113,"minecraft:infested_chiseled_stone_bricks":1,"minecraft:lime_stained_glass_pane":1,"minecraft:loom":54,"minecraft:light_blue_wool":327,"minecraft:black_banner":102,"minecraft:light_gray_terracotta":133,"minecraft:yellow_concrete":1525,"minecraft:crossbow":39,"minecraft:dead_bubble_coral":1,"minecraft:sponge":3,"minecraft:note_block":52,"minecraft:lingering_potion":12,"minecraft:stone_brick_wall":2,"minecraft:black_bed":7,"minecraft:end_stone":19,"minecraft:sticky_piston":98,"minecraft:redstone_torch":270,"minecraft:black_terracotta":16,"minecraft:blue_glazed_terracotta":14,"minecraft:lever":202,"minecraft:green_concrete":93,"minecraft:black_concrete":488,"minecraft:firework_rocket":41,"minecraft:gray_shulker_box":4,"minecraft:daylight_detector":3,"minecraft:birch_fence_gate":1,"minecraft:acacia_door":5,"minecraft:dark_oak_log":38,"minecraft:light_gray_concrete":2177,"minecraft:lime_carpet":60,"minecraft:heavy_weighted_pressure_plate":323,"minecraft:string":186,"minecraft:cyan_bed":2,"minecraft:brown_stained_glass":1,"minecraft:barrier":20,"minecraft:brown_wool":219,"minecraft:iron_door":84,"minecraft:prismarine_wall":10,"minecraft:gravel":173,"minecraft:granite_slab":42,"minecraft:dead_horn_coral":1,"minecraft:jungle_sign":2,"minecraft:smooth_red_sandstone_slab":27,"minecraft:light_blue_concrete_powder":1,"minecraft:stripped_oak_wood":725,"minecraft:grindstone":116,"minecraft:andesite":167,"minecraft:chain":13,"minecraft:mossy_cobblestone_wall":2,"minecraft:smooth_stone_slab":719,"minecraft:white_concrete":1817,"minecraft:tropical_fish_bucket":3,"minecraft:coarse_dirt":8,"minecraft:chorus_plant":1,"minecraft:bone_meal":40,"minecraft:cobweb":3,"minecraft:oak_fence":150,"minecraft:purpur_block":2,"minecraft:petrified_oak_slab":4,"minecraft:trident":1,"minecraft:orange_concrete_powder":1,"minecraft:jungle_leaves":42,"minecraft:rose_bush":2,"minecraft:granite_stairs":1,"minecraft:crimson_fence":6,"minecraft:white_tulip":1,"minecraft:flint_and_steel":2,"minecraft:redstone_ore":385,"minecraft:redstone":1129,"minecraft:light_blue_terracotta":1790,"minecraft:spruce_planks":352,"minecraft:ender_chest":3,"minecraft:brown_shulker_box":16,"minecraft:stripped_birch_wood":254,"minecraft:wooden_shovel":2,"minecraft:dried_kelp_block":35,"minecraft:oak_door":52,"minecraft:end_stone_brick_wall":2,"minecraft:dirt":914,"minecraft:red_nether_brick_slab":2,"minecraft:white_carpet":310,"minecraft:hopper":24,"minecraft:prismarine_bricks":2407,"minecraft:spruce_stairs":79,"minecraft:cobblestone_wall":2,"minecraft:shulker_box":1,"minecraft:oak_wood":41,"minecraft:bee_nest":2,"minecraft:pink_carpet":22,"minecraft:warped_pressure_plate":5,"minecraft:spruce_fence":12,"minecraft:granite":67,"minecraft:light_blue_stained_glass":164,"minecraft:purple_banner":9,"minecraft:andesite_wall":26,"minecraft:birch_door":21,"minecraft:purple_stained_glass_pane":4,"minecraft:stone_brick_slab":25,"minecraft:dark_oak_planks":50,"minecraft:brown_terracotta":29,"minecraft:red_tulip":3,"minecraft:bookshelf":471,"minecraft:light_gray_stained_glass":1,"minecraft:yellow_stained_glass":4,"minecraft:oak_stairs":249,"minecraft:smooth_sandstone":492,"minecraft:acacia_slab":374,"minecraft:yellow_concrete_powder":1,"minecraft:light_gray_wool":640,"minecraft:black_stained_glass":157,"minecraft:emerald_block":17,"minecraft:dark_oak_pressure_plate":4,"minecraft:wolf_spawn_egg":1,"minecraft:lime_stained_glass":11,"minecraft:salmon_spawn_egg":2,"minecraft:white_stained_glass_pane":166,"minecraft:minecart":2,"minecraft:infested_cobblestone":1,"minecraft:cyan_banner":2,"minecraft:cyan_concrete_powder":1,"minecraft:granite_wall":1,"minecraft:horn_coral_block":1,"minecraft:stone_pressure_plate":107,"minecraft:dead_bubble_coral_block":10,"minecraft:orange_stained_glass_pane":2,"minecraft:mossy_stone_brick_wall":2,"minecraft:pumpkin":1,"minecraft:light_gray_bed":1,"minecraft:beetroot_soup":2,"minecraft:brown_bed":1,"minecraft:brain_coral_block":1,"minecraft:iron_ore":221,"minecraft:pink_tulip":1,"minecraft:cobblestone_stairs":2,"minecraft:pink_glazed_terracotta":282,"minecraft:snow_block":7645,"minecraft:polished_andesite":20,"minecraft:red_nether_bricks":1,"minecraft:blue_wool":206,"minecraft:pink_banner":3,"minecraft:andesite_slab":2,"minecraft:purple_glazed_terracotta":161,"minecraft:black_shulker_box":17,"minecraft:cut_sandstone":2,"minecraft:brown_mushroom":1,"minecraft:spruce_sign":4,"minecraft:magenta_stained_glass":1,"minecraft:red_glazed_terracotta":1,"minecraft:beacon":22,"minecraft:stonecutter":1,"minecraft:green_bed":1,"minecraft:cobblestone_slab":4,"minecraft:jungle_wood":1,"minecraft:polished_blackstone_pressure_plate":1,"minecraft:terracotta":75,"minecraft:stripped_dark_oak_log":1,"minecraft:dark_prismarine_slab":11,"minecraft:lime_bed":2,"minecraft:brown_banner":7,"minecraft:magenta_bed":1,"minecraft:dead_fire_coral_block":78,"minecraft:red_mushroom":1,"minecraft:yellow_stained_glass_pane":2,"minecraft:light_gray_concrete_powder":489,"minecraft:painting":735,"minecraft:brown_glazed_terracotta":131,"minecraft:magenta_carpet":49,"minecraft:infested_stone_bricks":1,"minecraft:smooth_red_sandstone_stairs":17,"minecraft:smoker":37,"minecraft:warped_planks":26,"minecraft:dark_oak_door":60,"minecraft:cyan_stained_glass":1,"minecraft:purple_stained_glass":10,"minecraft:gray_terracotta":108,"minecraft:piston":234,"minecraft:flower_pot":92,"minecraft:activator_rail":3,"minecraft:acacia_stairs":34,"minecraft:black_wool":1062,"minecraft:dead_fire_coral":1,"minecraft:command_block":357,"minecraft:map":152,"minecraft:lapis_ore":545,"minecraft:detector_rail":3,"minecraft:jungle_stairs":36,"minecraft:magenta_concrete":25,"minecraft:stone_slab":214,"minecraft:yellow_wool":213,"minecraft:acacia_fence_gate":1,"minecraft:magenta_banner":6,"minecraft:brown_stained_glass_pane":1,"minecraft:fishing_rod":89,"minecraft:fire_coral_block":1,"minecraft:green_shulker_box":4,"minecraft:cyan_stained_glass_pane":1,"minecraft:white_banner":711,"minecraft:bucket":4,"minecraft:jungle_door":1,"minecraft:pink_shulker_box":4,"minecraft:lapis_block":777,"minecraft:red_banner":116,"minecraft:chain_command_block":3449,"minecraft:grass_path":1,"minecraft:magenta_glazed_terracotta":230,"minecraft:yellow_bed":1,"minecraft:wither_rose":1,"minecraft:sea_pickle":369,"minecraft:purple_carpet":32,"minecraft:gray_wool":99,"minecraft:smooth_stone":67,"minecraft:splash_potion":158,"minecraft:birch_stairs":118},"minecraft:mined":{"minecraft:white_bed":3,"minecraft:orange_bed":4,"minecraft:black_bed":2,"minecraft:purple_bed":1,"minecraft:light_blue_bed":1,"minecraft:blue_bed":18},"minecraft:killed":{"minecraft:chicken":1,"minecraft:tropical_fish":15,"minecraft:salmon":1,"minecraft:zombie":1,"minecraft:husk":2,"minecraft:bee":1,"minecraft:wolf":6,"minecraft:sheep":189,"minecraft:villager":1},"minecraft:crafted":{"minecraft:firework_star":28,"minecraft:leather_helmet":1,"minecraft:written_book":12,"minecraft:leather_boots":2,"minecraft:filled_map":5,"minecraft:firework_rocket":197},"minecraft:picked_up":{"minecraft:magenta_carpet":14,"minecraft:lead":1,"minecraft:acacia_pressure_plate":5,"minecraft:birch_button":2,"minecraft:purple_shulker_box":4,"minecraft:brewing_stand":1,"minecraft:dark_oak_pressure_plate":1,"minecraft:string":11,"minecraft:cooked_salmon":845,"minecraft:beetroot_soup":2,"minecraft:blue_stained_glass_pane":1,"minecraft:beetroot":13,"minecraft:black_glazed_terracotta":1,"minecraft:horn_coral_block":2,"minecraft:written_book":7837,"minecraft:hopper_minecart":1,"minecraft:dark_oak_door":6,"minecraft:spruce_pressure_plate":3,"minecraft:crimson_pressure_plate":1,"minecraft:pink_carpet":10,"minecraft:honeycomb_block":10,"minecraft:warped_pressure_plate":1,"minecraft:gray_shulker_box":5,"minecraft:brown_carpet":10,"minecraft:command_block":5,"minecraft:lime_carpet":7,"minecraft:honey_bottle":26,"minecraft:light_blue_wool":12,"minecraft:tropical_fish":15,"minecraft:blue_dye":63,"minecraft:bookshelf":1,"minecraft:end_rod":1,"minecraft:netherite_chestplate":1,"minecraft:iron_bars":1,"minecraft:feather":4,"minecraft:cooked_beef":4,"minecraft:water_bucket":78,"minecraft:iron_door":1,"minecraft:birch_slab":4,"minecraft:brown_wool":4,"minecraft:map":15,"minecraft:lantern":5,"minecraft:light_gray_concrete_powder":1,"minecraft:purple_carpet":8,"minecraft:dark_oak_sign":2,"minecraft:rabbit":1,"minecraft:glowstone_dust":1,"minecraft:gray_glazed_terracotta":2,"minecraft:lime_terracotta":1,"minecraft:dropper":2,"minecraft:loom":1,"minecraft:barrel":1,"minecraft:lever":20,"minecraft:writable_book":3,"minecraft:chainmail_helmet":3,"minecraft:blue_banner":2,"minecraft:light_gray_carpet":15,"minecraft:crafting_table":1,"minecraft:bee_nest":1,"minecraft:purple_wool":5,"minecraft:leather_leggings":162,"minecraft:heavy_weighted_pressure_plate":44,"minecraft:cornflower":33,"minecraft:white_carpet":11,"minecraft:iron_shovel":11,"minecraft:glass_pane":55,"minecraft:cyan_wool":5,"minecraft:poppy":3,"minecraft:spruce_slab":1,"minecraft:chest":4,"minecraft:egg":6,"minecraft:lime_shulker_box":5,"minecraft:stone":1,"minecraft:oak_door":1,"minecraft:fire_charge":118,"minecraft:white_dye":282,"minecraft:redstone":111,"minecraft:cyan_shulker_box":6,"minecraft:prismarine_crystals":12,"minecraft:blue_carpet":44,"minecraft:jungle_sign":1,"minecraft:shears":24,"minecraft:tube_coral_block":3,"minecraft:white_shulker_box":29,"minecraft:mutton":542,"minecraft:rail":4,"minecraft:white_wool":172,"minecraft:yellow_shulker_box":30,"minecraft:clock":20,"minecraft:tripwire_hook":2,"minecraft:filled_map":3858,"minecraft:paper":148,"minecraft:white_banner":15,"minecraft:birch_pressure_plate":4,"minecraft:light_gray_glazed_terracotta":1,"minecraft:light_blue_banner":1,"minecraft:apple":15,"minecraft:iron_sword":23,"minecraft:white_stained_glass_pane":6,"minecraft:chain_command_block":24,"minecraft:milk_bucket":7,"minecraft:green_glazed_terracotta":1,"minecraft:sweet_berries":14,"minecraft:red_wool":3,"minecraft:light_blue_glazed_terracotta":1,"minecraft:gravel":2,"minecraft:birch_stairs":1,"minecraft:sea_lantern":1,"minecraft:leather_helmet":7,"minecraft:firework_rocket":11,"minecraft:slime_ball":15,"minecraft:light_blue_carpet":6,"minecraft:diamond_axe":2,"minecraft:painting":488,"minecraft:birch_sign":52,"minecraft:gray_wool":9,"minecraft:oak_button":1,"minecraft:smooth_quartz_slab":1,"minecraft:black_carpet":49,"minecraft:light_gray_shulker_box":6,"minecraft:yellow_wool":12,"minecraft:potion":71,"minecraft:sticky_piston":2,"minecraft:armor_stand":1,"minecraft:pink_shulker_box":5,"minecraft:oak_sign":27,"minecraft:sea_pickle":17,"minecraft:activator_rail":1,"minecraft:black_shulker_box":14,"minecraft:comparator":1,"minecraft:light_weighted_pressure_plate":1,"minecraft:white_tulip":1,"minecraft:red_dye":1,"minecraft:redstone_torch":31,"minecraft:iron_pickaxe":11,"minecraft:smooth_quartz":2,"minecraft:iron_boots":13,"minecraft:blue_wool":26,"minecraft:tipped_arrow":128,"minecraft:stick":1,"minecraft:orange_shulker_box":6,"minecraft:torch":23,"minecraft:snow_block":1,"minecraft:light_gray_banner":1,"minecraft:blue_stained_glass":1,"minecraft:cactus":318,"minecraft:rotten_flesh":2,"minecraft:brown_shulker_box":11,"minecraft:green_wool":4,"minecraft:blaze_powder":1,"minecraft:leather_chestplate":128,"minecraft:jungle_pressure_plate":1,"minecraft:repeater":14,"minecraft:orange_carpet":10,"minecraft:potato":14,"minecraft:magenta_dye":5,"minecraft:light_gray_dye":119,"minecraft:green_shulker_box":5,"minecraft:dirt":1,"minecraft:leather_boots":16,"minecraft:bow":12,"minecraft:granite_wall":1,"minecraft:wheat_seeds":1,"minecraft:bell":2,"minecraft:bamboo":2449,"minecraft:powered_rail":4,"minecraft:oak_planks":66,"minecraft:lime_glazed_terracotta":1,"minecraft:ghast_tear":1,"minecraft:black_terracotta":1,"minecraft:cooked_porkchop":9,"minecraft:oak_pressure_plate":3,"minecraft:jungle_planks":1,"minecraft:light_blue_shulker_box":5,"minecraft:spectral_arrow":63,"minecraft:jungle_slab":103,"minecraft:mossy_cobblestone":1,"minecraft:orange_wool":5,"minecraft:yellow_carpet":6,"minecraft:polished_blackstone_pressure_plate":1,"minecraft:yellow_stained_glass_pane":2,"minecraft:crossbow":12,"minecraft:bone_meal":4,"minecraft:oak_sapling":3,"minecraft:bubble_coral_block":3,"minecraft:fishing_rod":11,"minecraft:lingering_potion":15,"minecraft:azure_bluet":2,"minecraft:firework_star":67,"minecraft:splash_potion":67,"minecraft:chicken":7,"minecraft:turtle_helmet":6,"minecraft:rabbit_stew":1,"minecraft:pink_wool":8,"minecraft:stone_brick_wall":1,"minecraft:dragon_breath":1,"minecraft:oak_trapdoor":1,"minecraft:stone_stairs":1,"minecraft:iron_axe":23,"minecraft:item_frame":4741,"minecraft:birch_fence":1,"minecraft:magenta_wool":3,"minecraft:cyan_carpet":22,"minecraft:mossy_cobblestone_wall":1,"minecraft:player_head":1,"minecraft:sugar_cane":1024,"minecraft:lectern":2,"minecraft:light_gray_wool":11,"minecraft:blue_shulker_box":31,"minecraft:phantom_membrane":1,"minecraft:lime_wool":5,"minecraft:orange_dye":1,"minecraft:red_stained_glass_pane":140,"minecraft:bowl":13,"minecraft:stone_button":44,"minecraft:cookie":3,"minecraft:magenta_shulker_box":5,"minecraft:trident":11,"minecraft:red_shulker_box":4,"minecraft:purple_dye":1,"minecraft:magenta_banner":1,"minecraft:salmon":2668,"minecraft:birch_planks":1,"minecraft:crimson_fungus":5,"minecraft:yellow_glazed_terracotta":2,"minecraft:gunpowder":208,"minecraft:red_carpet":36,"minecraft:gray_carpet":7,"minecraft:fire_coral_block":2,"minecraft:rabbit_hide":1,"minecraft:iron_ingot":19,"minecraft:cooked_chicken":19,"minecraft:mossy_stone_brick_wall":1,"minecraft:acacia_sapling":1,"minecraft:scaffolding":3,"minecraft:pumpkin":3460,"minecraft:red_banner":2,"minecraft:white_bed":1,"minecraft:green_carpet":16,"minecraft:mossy_stone_brick_slab":1,"minecraft:spruce_door":21,"minecraft:music_disc_mall":13,"minecraft:iron_helmet":11,"minecraft:black_wool":24,"minecraft:sunflower":1816},"minecraft:custom":{"minecraft:interact_with_crafting_table":38,"minecraft:open_barrel":152,"minecraft:bell_ring":15,"minecraft:leave_game":543,"minecraft:time_since_death":2161651,"minecraft:deaths":3,"minecraft:jump":29188,"minecraft:interact_with_furnace":21,"minecraft:interact_with_cartography_table":41,"minecraft:damage_dealt":16659,"minecraft:interact_with_smoker":7,"minecraft:inspect_dispenser":22,"minecraft:inspect_dropper":58,"minecraft:interact_with_anvil":126,"minecraft:inspect_hopper":84,"minecraft:sneak_time":224941,"minecraft:interact_with_lectern":83,"minecraft:tune_noteblock":204,"minecraft:time_since_rest":2162021,"minecraft:swim_one_cm":26495,"minecraft:fly_one_cm":65904088,"minecraft:open_chest":438,"minecraft:fall_one_cm":9669,"minecraft:open_shulker_box":433,"minecraft:sprint_one_cm":7824230,"minecraft:drop":307,"minecraft:walk_on_water_one_cm":60331,"minecraft:play_one_minute":20310668,"minecraft:interact_with_loom":86,"minecraft:open_enderchest":7,"minecraft:interact_with_beacon":13,"minecraft:crouch_one_cm":153414,"minecraft:mob_kills":217,"minecraft:fill_cauldron":6,"minecraft:climb_one_cm":74019,"minecraft:walk_one_cm":27530971,"minecraft:strider_one_cm":516,"minecraft:walk_under_water_one_cm":58092,"minecraft:pot_flower":181,"minecraft:interact_with_grindstone":3,"minecraft:damage_taken":468,"minecraft:trigger_trapped_chest":38,"minecraft:minecart_one_cm":32354},"minecraft:dropped":{"minecraft:crafting_table":1,"minecraft:dirt":1,"minecraft:birch_fence":1,"minecraft:writable_book":2,"minecraft:sunflower":91,"minecraft:birch_stairs":1,"minecraft:magenta_banner":1,"minecraft:black_carpet":1,"minecraft:oak_planks":2,"minecraft:blue_stained_glass":1,"minecraft:black_glazed_terracotta":1,"minecraft:heavy_weighted_pressure_plate":1,"minecraft:spruce_slab":1,"minecraft:granite_wall":1,"minecraft:lectern":1,"minecraft:chainmail_helmet":3,"minecraft:end_rod":1,"minecraft:jungle_slab":10,"minecraft:potion":3,"minecraft:pumpkin":1,"minecraft:white_banner":6,"minecraft:string":1,"minecraft:beetroot_soup":1,"minecraft:sticky_piston":2,"minecraft:chicken":3,"minecraft:white_shulker_box":2,"minecraft:oak_sign":1,"minecraft:stone":1,"minecraft:redstone_torch":1,"minecraft:barrel":1,"minecraft:magenta_dye":5,"minecraft:blue_shulker_box":14,"minecraft:birch_planks":1,"minecraft:orange_dye":1,"minecraft:loom":1,"minecraft:jungle_planks":1,"minecraft:mossy_cobblestone_wall":1,"minecraft:polished_blackstone_pressure_plate":1,"minecraft:blaze_spawn_egg":1,"minecraft:light_gray_banner":1,"minecraft:gravel":2,"minecraft:crimson_fungus":4,"minecraft:black_terracotta":1,"minecraft:mossy_stone_brick_slab":1,"minecraft:cyan_shulker_box":1,"minecraft:beehive":1,"minecraft:brown_shulker_box":1,"minecraft:leather_chestplate":5,"minecraft:mossy_stone_brick_wall":1,"minecraft:birch_trapdoor":1,"minecraft:dropper":2,"minecraft:spruce_pressure_plate":1,"minecraft:stone_brick_wall":1,"minecraft:chest":4,"minecraft:iron_bars":1,"minecraft:arrow":1,"minecraft:chain_command_block":65,"minecraft:written_book":45,"minecraft:splash_potion":5,"minecraft:firework_rocket":12,"minecraft:water_bucket":6,"minecraft:mossy_cobblestone":1,"minecraft:hopper_minecart":1,"minecraft:smooth_quartz":1,"minecraft:light_gray_shulker_box":1,"minecraft:yellow_shulker_box":10,"minecraft:iron_door":1,"minecraft:redstone":7,"minecraft:birch_pressure_plate":2,"minecraft:light_gray_wool":1,"minecraft:comparator":1,"minecraft:filled_map":66,"minecraft:magma_cream":1}},"DataVersion":2567}