{"stats":{"minecraft:used":{"minecraft:writable_book":39,"minecraft:blue_terracotta":2337,"minecraft:red_sand":90,"minecraft:light_gray_stained_glass_pane":1,"minecraft:smooth_quartz_slab":124,"minecraft:dead_horn_coral_block":65,"minecraft:dispenser":141,"minecraft:spruce_slab":16,"minecraft:ladder":23,"minecraft:bone_block":24,"minecraft:oak_sign":128,"minecraft:black_carpet":66,"minecraft:chest":90,"minecraft:stripped_jungle_wood":4,"minecraft:white_terracotta":773,"minecraft:brown_concrete":8,"minecraft:stone":1964,"minecraft:zombie_spawn_egg":1,"minecraft:creeper_head":1,"minecraft:white_shulker_box":2,"minecraft:warped_sign":3,"minecraft:bell":1,"minecraft:quartz_stairs":1567,"minecraft:grass":1,"minecraft:smooth_sandstone_stairs":8,"minecraft:green_terracotta":872,"minecraft:soul_sand":159,"minecraft:birch_pressure_plate":1,"minecraft:jungle_planks":363,"minecraft:nether_bricks":14,"minecraft:blue_stained_glass":288,"minecraft:orange_wool":1355,"minecraft:jungle_slab":443,"minecraft:pink_terracotta":145,"minecraft:acacia_button":13,"minecraft:beehive":5,"minecraft:cyan_wool":1410,"minecraft:snowball":52,"minecraft:obsidian":346,"minecraft:glass":2598,"minecraft:packed_ice":1150,"minecraft:honey_block":1,"minecraft:cyan_terracotta":790,"minecraft:lava_bucket":4,"minecraft:stripped_dark_oak_wood":59,"minecraft:bricks":569,"minecraft:quartz_pillar":47,"minecraft:villager_spawn_egg":1,"minecraft:quartz_slab":697,"minecraft:black_stained_glass_pane":6,"minecraft:red_wool":856,"minecraft:spruce_wood":6,"minecraft:lantern":4,"minecraft:grass_block":2176,"minecraft:quartz_block":520,"minecraft:orange_shulker_box":6,"minecraft:green_wool":1729,"minecraft:wet_sponge":1,"minecraft:dark_oak_slab":111,"minecraft:dark_oak_button":48,"minecraft:pink_wool":315,"minecraft:stone_bricks":11,"minecraft:blue_banner":7,"minecraft:item_frame":708,"minecraft:repeater":830,"minecraft:honeycomb_block":1,"minecraft:bedrock":48,"minecraft:birch_button":27,"minecraft:snow":320,"minecraft:brown_carpet":26,"minecraft:red_carpet":8,"minecraft:birch_trapdoor":35,"minecraft:redstone_lamp":378,"minecraft:bow":121,"minecraft:hay_block":1,"minecraft:written_book":20,"minecraft:scaffolding":5,"minecraft:jungle_button":5,"minecraft:acacia_fence":8,"minecraft:gold_block":379,"minecraft:skeleton_skull":2,"minecraft:pink_concrete_powder":4,"minecraft:end_stone_brick_stairs":107,"minecraft:brown_concrete_powder":80,"minecraft:dark_oak_sapling":28,"minecraft:dark_oak_stairs":22,"minecraft:spruce_door":5,"minecraft:diorite":122,"minecraft:end_rod":483,"minecraft:end_stone_bricks":1464,"minecraft:dropper":168,"minecraft:wither_skeleton_skull":2,"minecraft:stripped_acacia_log":1,"minecraft:gray_carpet":6,"minecraft:stripped_birch_log":69,"minecraft:red_stained_glass":360,"minecraft:powered_rail":139,"minecraft:acacia_trapdoor":23,"minecraft:dark_oak_sign":143,"minecraft:prismarine":2,"minecraft:jungle_fence":40,"minecraft:oak_planks":9185,"minecraft:polished_diorite_slab":20,"minecraft:cactus":7,"minecraft:redstone_block":609,"minecraft:jungle_pressure_plate":3,"minecraft:black_glazed_terracotta":78,"minecraft:end_stone_brick_slab":97,"minecraft:blue_bed":2,"minecraft:clay":1460,"minecraft:oak_leaves":653,"minecraft:white_wool":31891,"minecraft:dark_oak_trapdoor":170,"minecraft:sand":433,"minecraft:yellow_terracotta":282,"minecraft:light_blue_concrete":1,"minecraft:cut_sandstone_slab":18,"minecraft:loom":2,"minecraft:yellow_concrete":1,"minecraft:light_blue_wool":4390,"minecraft:crossbow":19,"minecraft:smooth_red_sandstone":1,"minecraft:blue_ice":79,"minecraft:light_gray_terracotta":909,"minecraft:stone_brick_wall":20,"minecraft:sponge":60,"minecraft:gray_concrete":165,"minecraft:purple_terracotta":117,"minecraft:chiseled_quartz_block":14,"minecraft:black_concrete_powder":1,"minecraft:note_block":213,"minecraft:black_bed":1,"minecraft:end_stone":155,"minecraft:shears":11,"minecraft:red_sandstone_wall":24,"minecraft:crimson_fence_gate":1,"minecraft:sticky_piston":24,"minecraft:birch_fence":34,"minecraft:redstone_torch":628,"minecraft:black_terracotta":3412,"minecraft:lever":242,"minecraft:blue_glazed_terracotta":25,"minecraft:red_sandstone":15,"minecraft:black_concrete":40,"minecraft:firework_rocket":33,"minecraft:daylight_detector":18,"minecraft:acacia_door":3,"minecraft:birch_slab":42,"minecraft:dark_oak_log":9,"minecraft:heavy_weighted_pressure_plate":3,"minecraft:light_gray_concrete":416,"minecraft:barrier":208,"minecraft:cyan_carpet":43,"minecraft:stone_button":194,"minecraft:string":43,"minecraft:brown_wool":1699,"minecraft:lectern":48,"minecraft:white_glazed_terracotta":8,"minecraft:red_terracotta":211,"minecraft:polished_granite":130,"minecraft:oak_pressure_plate":3,"minecraft:diamond_ore":1,"minecraft:iron_door":23,"minecraft:gravel":146,"minecraft:cat_spawn_egg":1,"minecraft:jungle_sign":39,"minecraft:nether_wart_block":9,"minecraft:diamond_sword":39,"minecraft:stripped_oak_wood":1,"minecraft:grindstone":10,"minecraft:smithing_table":11,"minecraft:andesite":1,"minecraft:white_stained_glass":84,"minecraft:pink_stained_glass":789,"minecraft:birch_log":26,"minecraft:chain":35,"minecraft:smooth_stone_slab":1111,"minecraft:ice":4,"minecraft:oak_boat":4,"minecraft:white_concrete":249,"minecraft:warped_button":1,"minecraft:bone_meal":52,"minecraft:purple_wool":160,"minecraft:gray_stained_glass":2,"minecraft:oak_fence":7,"minecraft:purpur_block":87,"minecraft:oak_trapdoor":35,"minecraft:stripped_acacia_wood":54,"minecraft:petrified_oak_slab":2191,"minecraft:iron_bars":101,"minecraft:enchanting_table":11,"minecraft:acacia_log":8,"minecraft:flint_and_steel":11,"minecraft:red_concrete":1,"minecraft:armor_stand":26,"minecraft:redstone":2819,"minecraft:zombie_villager_spawn_egg":2,"minecraft:light_gray_carpet":60,"minecraft:light_blue_terracotta":722,"minecraft:spruce_planks":589,"minecraft:ender_chest":81,"minecraft:wooden_shovel":3,"minecraft:stripped_birch_wood":2,"minecraft:sandstone_wall":14,"minecraft:oak_door":1,"minecraft:dried_kelp_block":2,"minecraft:netherrack":293,"minecraft:torch":255,"minecraft:orange_stained_glass":170,"minecraft:light_gray_shulker_box":2,"minecraft:end_stone_brick_wall":6,"minecraft:brewing_stand":6,"minecraft:dirt":1371,"minecraft:anvil":48,"minecraft:target":28,"minecraft:white_carpet":313,"minecraft:hopper":501,"minecraft:nether_quartz_ore":6,"minecraft:prismarine_bricks":187,"minecraft:spruce_stairs":4,"minecraft:cobblestone_wall":5,"minecraft:nether_brick_slab":1,"minecraft:shulker_box":1,"minecraft:yellow_carpet":30,"minecraft:salmon_bucket":1,"minecraft:oak_wood":10,"minecraft:jungle_trapdoor":28,"minecraft:blue_concrete":1,"minecraft:granite":181,"minecraft:polished_diorite":8067,"minecraft:shroomlight":5,"minecraft:andesite_wall":7,"minecraft:brown_terracotta":5051,"minecraft:red_shulker_box":13,"minecraft:stone_brick_slab":3,"minecraft:dark_oak_planks":2319,"minecraft:sea_lantern":2710,"minecraft:bookshelf":83,"minecraft:light_gray_stained_glass":77,"minecraft:smooth_sandstone":20,"minecraft:yellow_stained_glass":163,"minecraft:brick_stairs":32,"minecraft:iron_block":3393,"minecraft:light_weighted_pressure_plate":2,"minecraft:oak_stairs":44,"minecraft:slime_block":493,"minecraft:crimson_slab":4,"minecraft:jungle_log":9,"minecraft:chicken_spawn_egg":1,"minecraft:smooth_quartz":3569,"minecraft:barrel":1,"minecraft:light_gray_wool":3283,"minecraft:tripwire_hook":7,"minecraft:purple_concrete":4,"minecraft:glowstone":44,"minecraft:magenta_terracotta":119,"minecraft:lime_concrete":287,"minecraft:emerald_block":447,"minecraft:magenta_wool":136,"minecraft:dark_oak_pressure_plate":23,"minecraft:iron_trapdoor":165,"minecraft:lime_stained_glass":14,"minecraft:salmon_spawn_egg":2,"minecraft:podzol":130,"minecraft:minecart":12,"minecraft:trapped_chest":9,"minecraft:stone_pressure_plate":50,"minecraft:acacia_planks":132,"minecraft:orange_terracotta":125,"minecraft:observer":67,"minecraft:pumpkin":25,"minecraft:acacia_boat":5,"minecraft:water_bucket":1593,"minecraft:warped_stem":6,"minecraft:nether_brick_wall":1,"minecraft:light_blue_glazed_terracotta":5,"minecraft:tube_coral_block":2,"minecraft:sandstone_stairs":18,"minecraft:prismarine_brick_slab":937,"minecraft:snow_block":2469,"minecraft:birch_planks":6598,"minecraft:polished_andesite":6,"minecraft:lime_wool":1020,"minecraft:red_nether_bricks":13,"minecraft:cartography_table":19,"minecraft:blue_wool":1500,"minecraft:red_mushroom_block":788,"minecraft:spruce_sign":19,"minecraft:cauldron":9,"minecraft:magenta_stained_glass":46,"minecraft:stonecutter":6,"minecraft:red_glazed_terracotta":287,"minecraft:polished_blackstone_bricks":2,"minecraft:cracked_stone_bricks":4,"minecraft:diamond_block":31,"minecraft:rail":112,"minecraft:orange_carpet":173,"minecraft:lime_terracotta":1096,"minecraft:comparator":244,"minecraft:crafting_table":6,"minecraft:dark_prismarine_slab":30,"minecraft:oak_slab":739,"minecraft:red_bed":1,"minecraft:birch_sign":512,"minecraft:dark_oak_fence_gate":34,"minecraft:campfire":35,"minecraft:light_gray_concrete_powder":12,"minecraft:painting":127,"minecraft:brown_glazed_terracotta":23,"minecraft:magenta_carpet":34,"minecraft:cake":7,"minecraft:spruce_log":13,"minecraft:dark_oak_door":22,"minecraft:mushroom_stem":4321,"minecraft:oak_log":9,"minecraft:piston":31,"minecraft:gray_terracotta":6003,"minecraft:purple_stained_glass":267,"minecraft:blue_stained_glass_pane":13,"minecraft:dark_prismarine":392,"minecraft:flower_pot":1,"minecraft:black_wool":18323,"minecraft:acacia_stairs":13,"minecraft:activator_rail":7,"minecraft:acacia_sign":690,"minecraft:command_block":589,"minecraft:oak_button":7,"minecraft:map":27,"minecraft:spruce_pressure_plate":9,"minecraft:detector_rail":28,"minecraft:spruce_trapdoor":253,"minecraft:yellow_wool":754,"minecraft:blue_carpet":19,"minecraft:pink_bed":1,"minecraft:green_carpet":20,"minecraft:fishing_rod":117,"minecraft:cobblestone":51,"minecraft:potion":5,"minecraft:acacia_pressure_plate":9,"minecraft:red_concrete_powder":2,"minecraft:white_banner":1,"minecraft:sandstone_slab":5,"minecraft:bucket":3,"minecraft:jungle_door":7,"minecraft:lapis_block":13907,"minecraft:chain_command_block":739,"minecraft:glass_pane":53,"minecraft:magenta_glazed_terracotta":13,"minecraft:repeating_command_block":356,"minecraft:kelp":491,"minecraft:stripped_oak_log":12,"minecraft:sea_pickle":48,"minecraft:splash_potion":29,"minecraft:birch_stairs":30,"minecraft:purple_carpet":19,"minecraft:gray_wool":2375,"minecraft:brown_mushroom_block":8,"minecraft:jukebox":1,"minecraft:smooth_stone":1406,"minecraft:green_stained_glass":271},"minecraft:mined":{"minecraft:pink_bed":1,"minecraft:red_bed":1,"minecraft:slime_block":1,"minecraft:black_bed":1,"minecraft:oak_leaves":11,"minecraft:lime_wool":1,"minecraft:campfire":1,"minecraft:blue_bed":2},"minecraft:killed":{"minecraft:skeleton":2,"minecraft:creeper":2,"minecraft:sheep":1,"minecraft:pillager":5,"minecraft:zombie":3,"minecraft:husk":31},"minecraft:crafted":{"minecraft:shield":1,"minecraft:leather_chestplate":1,"minecraft:leather_leggings":1,"minecraft:leather_boots":1,"minecraft:firework_star":38,"minecraft:firework_rocket":75},"minecraft:picked_up":{"minecraft:light_gray_shulker_box":1,"minecraft:redstone_block":1,"minecraft:iron_trapdoor":1,"minecraft:creeper_head":448,"minecraft:anvil":1,"minecraft:yellow_wool":3,"minecraft:diamond_sword":29,"minecraft:magenta_carpet":1,"minecraft:oak_stairs":1,"minecraft:potion":65,"minecraft:birch_button":3,"minecraft:brain_coral_block":2,"minecraft:golden_sword":19,"minecraft:string":6,"minecraft:smooth_stone_slab":2,"minecraft:orange_glazed_terracotta":1,"minecraft:oak_sign":19,"minecraft:sea_pickle":1,"minecraft:activator_rail":1,"minecraft:gold_nugget":448,"minecraft:black_shulker_box":2,"minecraft:comparator":10,"minecraft:bucket":4,"minecraft:light_weighted_pressure_plate":1,"minecraft:spruce_planks":17,"minecraft:horn_coral_block":2,"minecraft:acacia_sign":261,"minecraft:red_dye":768,"minecraft:redstone_torch":106,"minecraft:written_book":4,"minecraft:ender_eye":1,"minecraft:wooden_shovel":1,"minecraft:smooth_quartz":3,"minecraft:coal_block":1,"minecraft:dark_oak_door":17,"minecraft:blue_wool":3,"minecraft:tipped_arrow":50,"minecraft:spruce_pressure_plate":1,"minecraft:white_glazed_terracotta":4,"minecraft:torch":29,"minecraft:snow_block":4,"minecraft:honeycomb_block":1,"minecraft:end_crystal":957,"minecraft:blue_stained_glass":1,"minecraft:brown_carpet":3,"minecraft:cactus":2,"minecraft:honey_bottle":50,"minecraft:command_block":6,"minecraft:rotten_flesh":21,"minecraft:light_blue_wool":1,"minecraft:blue_glazed_terracotta":1,"minecraft:red_tulip":51,"minecraft:blue_dye":573,"minecraft:iron_block":32,"minecraft:end_rod":1,"minecraft:green_wool":5,"minecraft:white_terracotta":1,"minecraft:iron_bars":2,"minecraft:snowball":17,"minecraft:feather":448,"minecraft:repeater":24,"minecraft:iron_door":3,"minecraft:water_bucket":7,"minecraft:orange_carpet":1,"minecraft:brown_wool":38,"minecraft:magenta_dye":256,"minecraft:light_gray_dye":256,"minecraft:acacia_boat":5,"minecraft:map":514,"minecraft:gray_concrete":9,"minecraft:dirt":9,"minecraft:stripped_birch_log":1,"minecraft:polished_granite":1,"minecraft:bone":2,"minecraft:wheat_seeds":28,"minecraft:light_blue_dye":515,"minecraft:grindstone":64,"minecraft:dark_oak_sign":54,"minecraft:glowstone_dust":512,"minecraft:powered_rail":2,"minecraft:lime_glazed_terracotta":3,"minecraft:dropper":2,"minecraft:sand":72,"minecraft:jungle_planks":3,"minecraft:light_blue_shulker_box":3,"minecraft:grass_block":5,"minecraft:shulker_box":5,"minecraft:orange_wool":1,"minecraft:blue_terracotta":1,"minecraft:sugar":1030,"minecraft:diamond":448,"minecraft:slime_block":2,"minecraft:spruce_boat":2,"minecraft:lever":27,"minecraft:writable_book":7,"minecraft:blue_ice":1,"minecraft:white_concrete":1,"minecraft:cyan_dye":531,"minecraft:blue_banner":2,"minecraft:light_gray_carpet":6,"minecraft:bubble_coral_block":5,"minecraft:oak_leaves":11,"minecraft:end_stone_bricks":2,"minecraft:lingering_potion":4,"minecraft:charcoal":2,"minecraft:crafting_table":2,"minecraft:firework_star":196,"minecraft:splash_potion":11,"minecraft:ladder":24,"minecraft:chest_minecart":2,"minecraft:redstone_lamp":7,"minecraft:pink_wool":1,"minecraft:gold_block":1,"minecraft:purpur_block":3,"minecraft:shield":1,"minecraft:heavy_weighted_pressure_plate":3,"minecraft:elytra":15,"minecraft:flint_and_steel":15,"minecraft:white_carpet":7,"minecraft:item_frame":43,"minecraft:quartz_slab":1,"minecraft:detector_rail":2,"minecraft:observer":2,"minecraft:lectern":1,"minecraft:minecart":23,"minecraft:quartz_stairs":1,"minecraft:chest":7,"minecraft:spruce_trapdoor":3,"minecraft:egg":5,"minecraft:lime_wool":2,"minecraft:orange_dye":515,"minecraft:end_stone":2,"minecraft:cyan_glazed_terracotta":5,"minecraft:gray_dye":256,"minecraft:fire_charge":448,"minecraft:white_dye":512,"minecraft:stone_button":24,"minecraft:brown_concrete_powder":1,"minecraft:trident":7,"minecraft:redstone":255,"minecraft:mushroom_stem":1,"minecraft:brown_dye":256,"minecraft:prismarine_crystals":7,"minecraft:stone_pressure_plate":4,"minecraft:dark_oak_planks":1,"minecraft:tnt":1588,"minecraft:repeating_command_block":1,"minecraft:pink_glazed_terracotta":1,"minecraft:yellow_terracotta":1,"minecraft:pink_tulip":32,"minecraft:black_banner":1,"minecraft:white_shulker_box":2,"minecraft:mutton":2,"minecraft:white_wool":2,"minecraft:rail":129,"minecraft:purple_dye":512,"minecraft:dark_oak_button":4,"minecraft:yellow_dye":512,"minecraft:filled_map":37,"minecraft:birch_planks":16,"minecraft:ice":64,"minecraft:yellow_glazed_terracotta":1,"minecraft:jungle_button":1,"minecraft:gunpowder":448,"minecraft:paper":1088,"minecraft:birch_pressure_plate":1,"minecraft:cooked_mutton":66,"minecraft:podzol":1,"minecraft:stone_bricks":7,"minecraft:apple":1,"minecraft:gray_carpet":2,"minecraft:fire_coral_block":1,"minecraft:light_gray_glazed_terracotta":3,"minecraft:cooked_chicken":73,"minecraft:stripped_oak_wood":1,"minecraft:green_dye":613,"minecraft:book":67,"minecraft:oak_slab":2,"minecraft:chain_command_block":9,"minecraft:white_stained_glass_pane":1,"minecraft:milk_bucket":3,"minecraft:chiseled_stone_bricks":10,"minecraft:stone_brick_slab":30,"minecraft:dandelion":7,"minecraft:light_blue_glazed_terracotta":2,"minecraft:gravel":1,"minecraft:lava_bucket":1,"minecraft:sea_lantern":2,"minecraft:spruce_door":1,"minecraft:leather_helmet":1,"minecraft:lime_dye":530,"minecraft:firework_rocket":13750,"minecraft:slime_ball":1,"minecraft:purple_glazed_terracotta":1,"minecraft:iron_helmet":2,"minecraft:painting":6,"minecraft:birch_sign":21,"minecraft:oak_button":6,"minecraft:end_stone_brick_slab":1,"minecraft:black_wool":85,"minecraft:red_concrete":70,"minecraft:hopper":3,"minecraft:pink_dye":531,"minecraft:ender_pearl":33},"minecraft:custom":{"minecraft:interact_with_crafting_table":30,"minecraft:open_barrel":45,"minecraft:open_shulker_box":178,"minecraft:bell_ring":2,"minecraft:eat_cake_slice":8,"minecraft:leave_game":238,"minecraft:time_since_death":2787086,"minecraft:sprint_one_cm":4134182,"minecraft:drop":151,"minecraft:deaths":9,"minecraft:jump":12539,"minecraft:interact_with_brewingstand":2,"minecraft:walk_on_water_one_cm":221772,"minecraft:interact_with_furnace":1,"minecraft:interact_with_cartography_table":18,"minecraft:play_one_minute":28774408,"minecraft:interact_with_loom":9,"minecraft:open_enderchest":4,"minecraft:damage_dealt":3217,"minecraft:crouch_one_cm":159334,"minecraft:interact_with_smoker":1,"minecraft:inspect_dispenser":215,"minecraft:inspect_dropper":526,"minecraft:mob_kills":44,"minecraft:interact_with_anvil":35,"minecraft:inspect_hopper":578,"minecraft:fill_cauldron":5,"minecraft:climb_one_cm":68547,"minecraft:walk_one_cm":14836158,"minecraft:target_hit":19,"minecraft:strider_one_cm":298,"minecraft:sneak_time":591843,"minecraft:walk_under_water_one_cm":526912,"minecraft:boat_one_cm":100946,"minecraft:interact_with_lectern":60,"minecraft:interact_with_blast_furnace":2,"minecraft:tune_noteblock":148,"minecraft:interact_with_grindstone":4,"minecraft:interact_with_stonecutter":1,"minecraft:time_since_rest":2787341,"minecraft:damage_taken":2595,"minecraft:trigger_trapped_chest":23,"minecraft:minecart_one_cm":454847,"minecraft:swim_one_cm":6926,"minecraft:fly_one_cm":97225788,"minecraft:open_chest":499,"minecraft:aviate_one_cm":2017814,"minecraft:fall_one_cm":127321},"minecraft:dropped":{"minecraft:acacia_boat":1,"minecraft:birch_planks":3,"minecraft:orange_dye":64,"minecraft:elytra":5,"minecraft:red_carpet":1,"minecraft:item_frame":1,"minecraft:orange_glazed_terracotta":1,"minecraft:light_weighted_pressure_plate":1,"minecraft:redstone_lamp":1,"minecraft:dirt":3,"minecraft:stone_button":1,"minecraft:yellow_dye":64,"minecraft:snowball":13,"minecraft:sugar":2,"minecraft:gray_dye":64,"minecraft:end_crystal":2,"minecraft:green_wool":3,"minecraft:gravel":1,"minecraft:lever":2,"minecraft:pink_dye":64,"minecraft:blue_wool":1,"minecraft:grindstone":64,"minecraft:lime_dye":67,"minecraft:mushroom_stem":1,"minecraft:chiseled_stone_bricks":10,"minecraft:firework_star":189,"minecraft:sea_lantern":1,"minecraft:heavy_weighted_pressure_plate":1,"minecraft:hopper":1,"minecraft:white_dye":64,"minecraft:chain_command_block":6,"minecraft:splash_potion":1,"minecraft:polished_granite":1,"minecraft:white_glazed_terracotta":1,"minecraft:egg":1,"minecraft:firework_rocket":1188,"minecraft:cyan_dye":64,"minecraft:iron_helmet":2,"minecraft:command_block":2,"minecraft:purple_dye":64,"minecraft:grass_block":3,"minecraft:acacia_trapdoor":1,"minecraft:end_rod":1,"minecraft:acacia_sign":1,"minecraft:blue_dye":64,"minecraft:green_dye":98,"minecraft:smooth_quartz":1,"minecraft:brown_wool":16,"minecraft:potion":1,"minecraft:red_dye":304,"minecraft:string":1,"minecraft:stone_brick_slab":2,"minecraft:redstone":2,"minecraft:brown_dye":64,"minecraft:white_carpet":1,"minecraft:birch_pressure_plate":1,"minecraft:slime_block":1,"minecraft:oak_sign":1,"minecraft:shulker_box":1,"minecraft:filled_map":11,"minecraft:light_blue_dye":64,"minecraft:spruce_trapdoor":2,"minecraft:quartz_stairs":1,"minecraft:blue_ice":1,"minecraft:golden_sword":12,"minecraft:stone_pressure_plate":2,"minecraft:stone_bricks":7,"minecraft:birch_sign":2,"minecraft:brown_carpet":3,"minecraft:light_gray_dye":64,"minecraft:magenta_dye":64,"minecraft:black_wool":2},"minecraft:killed_by":{"minecraft:zombie":2}},"DataVersion":2567}