{"stats":{"minecraft:used":{"minecraft:peony":2,"minecraft:nether_brick_fence":4,"minecraft:writable_book":217,"minecraft:jack_o_lantern":12,"minecraft:polished_granite_stairs":43,"minecraft:cut_red_sandstone_slab":20,"minecraft:smooth_quartz_slab":931,"minecraft:dead_horn_coral_block":584,"minecraft:polished_blackstone":79,"minecraft:dispenser":133,"minecraft:spruce_slab":3108,"minecraft:ladder":201,"minecraft:dead_brain_coral":3,"minecraft:poppy":392,"minecraft:black_carpet":113,"minecraft:green_banner":179,"minecraft:chest":132,"minecraft:brown_concrete":101,"minecraft:stone":2557,"minecraft:white_shulker_box":212,"minecraft:quartz_stairs":1366,"minecraft:red_nether_brick_stairs":56,"minecraft:warped_sign":4,"minecraft:farmland":1,"minecraft:chiseled_red_sandstone":17,"minecraft:soul_sand":956,"minecraft:lily_of_the_valley":111,"minecraft:skeleton_spawn_egg":2,"minecraft:brick_slab":449,"minecraft:blue_stained_glass":776,"minecraft:orange_wool":709,"minecraft:jungle_slab":1015,"minecraft:allium":208,"minecraft:acacia_sapling":1,"minecraft:acacia_button":43,"minecraft:azure_bluet":6,"minecraft:stripped_spruce_log":461,"minecraft:spruce_boat":10,"minecraft:polished_blackstone_slab":9,"minecraft:packed_ice":182,"minecraft:honey_block":166,"minecraft:lava_bucket":39,"minecraft:stripped_dark_oak_wood":65,"minecraft:quartz_pillar":1228,"minecraft:lime_banner":12,"minecraft:jungle_fence_gate":4,"minecraft:red_wool":1719,"minecraft:warped_hyphae":1,"minecraft:black_stained_glass_pane":155,"minecraft:grass_block":1662,"minecraft:birch_sapling":93,"minecraft:polished_andesite_stairs":255,"minecraft:orange_shulker_box":48,"minecraft:quartz_block":1714,"minecraft:wet_sponge":49,"minecraft:dark_oak_leaves":288,"minecraft:dark_oak_slab":3367,"minecraft:dark_oak_button":29,"minecraft:diorite_wall":220,"minecraft:pink_wool":3855,"minecraft:stone_brick_stairs":2304,"minecraft:blue_banner":418,"minecraft:snow":457,"minecraft:rabbit_stew":2,"minecraft:red_stained_glass_pane":240,"minecraft:bow":204,"minecraft:furnace":71,"minecraft:yellow_glazed_terracotta":308,"minecraft:oak_sapling":16,"minecraft:acacia_fence":88,"minecraft:dragon_head":5,"minecraft:end_stone_brick_stairs":85,"minecraft:dark_prismarine_stairs":789,"minecraft:gray_banner":104,"minecraft:magenta_shulker_box":28,"minecraft:seagrass":22,"minecraft:brown_concrete_powder":1,"minecraft:lime_glazed_terracotta":14,"minecraft:light_blue_carpet":127,"minecraft:emerald_ore":4,"minecraft:diorite":92,"minecraft:mossy_stone_bricks":469,"minecraft:damaged_anvil":6,"minecraft:end_stone_bricks":435,"minecraft:spruce_door":88,"minecraft:brick_wall":2592,"minecraft:stripped_birch_log":569,"minecraft:infested_stone":8,"minecraft:chorus_fruit":1,"minecraft:red_stained_glass":104,"minecraft:acacia_trapdoor":215,"minecraft:powered_rail":316,"minecraft:prismarine":14,"minecraft:lily_pad":19,"minecraft:orange_tulip":467,"minecraft:lime_concrete_powder":3,"minecraft:mossy_stone_brick_stairs":15,"minecraft:black_glazed_terracotta":58,"minecraft:composter":15,"minecraft:parrot_spawn_egg":1,"minecraft:clay":441,"minecraft:purpur_pillar":100,"minecraft:oak_leaves":275,"minecraft:smooth_quartz_stairs":489,"minecraft:cookie":1,"minecraft:respawn_anchor":13,"minecraft:dark_oak_trapdoor":134,"minecraft:sand":184,"minecraft:purpur_stairs":1205,"minecraft:cut_sandstone_slab":105,"minecraft:blast_furnace":7,"minecraft:smooth_red_sandstone":55,"minecraft:acacia_leaves":88,"minecraft:blue_ice":2,"minecraft:purple_terracotta":1192,"minecraft:chiseled_quartz_block":4612,"minecraft:gray_concrete":227,"minecraft:black_concrete_powder":1,"minecraft:red_sandstone_wall":33,"minecraft:birch_fence":612,"minecraft:red_sandstone":314,"minecraft:chiseled_sandstone":135,"minecraft:crying_obsidian":5,"minecraft:birch_slab":577,"minecraft:gray_stained_glass_pane":219,"minecraft:zombie_head":11,"minecraft:red_terracotta":250,"minecraft:stone_button":397,"minecraft:cyan_carpet":72,"minecraft:oak_pressure_plate":5,"minecraft:white_glazed_terracotta":65,"minecraft:diamond_ore":33,"minecraft:lectern":76,"minecraft:polished_granite":480,"minecraft:cut_red_sandstone":503,"minecraft:cat_spawn_egg":9,"minecraft:lilac":4,"minecraft:polished_andesite_slab":68,"minecraft:soul_lantern":9,"minecraft:pufferfish":2,"minecraft:magenta_stained_glass_pane":14,"minecraft:coal_block":94,"minecraft:nether_wart_block":1384,"minecraft:diamond_sword":325,"minecraft:dark_oak_fence":1578,"minecraft:smithing_table":56,"minecraft:white_stained_glass":1086,"minecraft:bubble_coral_block":2,"minecraft:green_concrete_powder":5,"minecraft:birch_log":1019,"minecraft:pink_stained_glass":614,"minecraft:ice":39,"minecraft:purple_wool":1017,"minecraft:diorite_slab":97,"minecraft:gray_stained_glass":902,"minecraft:diorite_stairs":20,"minecraft:stripped_acacia_wood":361,"minecraft:oak_trapdoor":289,"minecraft:iron_bars":4295,"minecraft:enchanting_table":44,"minecraft:dead_tube_coral_block":172,"minecraft:acacia_log":1793,"minecraft:orange_concrete":383,"minecraft:dead_bush":5,"minecraft:red_concrete":2115,"minecraft:armor_stand":332,"minecraft:mycelium":3,"minecraft:light_gray_carpet":711,"minecraft:torch":1763,"minecraft:green_glazed_terracotta":63,"minecraft:sandstone_wall":86,"minecraft:orange_bed":13,"minecraft:orange_stained_glass":10,"minecraft:netherrack":1776,"minecraft:light_gray_shulker_box":1,"minecraft:brewing_stand":24,"minecraft:anvil":210,"minecraft:target":10,"minecraft:ancient_debris":2,"minecraft:nether_quartz_ore":503,"minecraft:chorus_flower":3,"minecraft:oak_fence_gate":11,"minecraft:light_gray_glazed_terracotta":112,"minecraft:stone_stairs":51,"minecraft:fern":17,"minecraft:blue_concrete":67,"minecraft:nether_brick_slab":364,"minecraft:nether_brick_stairs":286,"minecraft:polished_granite_slab":42,"minecraft:yellow_carpet":308,"minecraft:dead_brain_coral_block":60,"minecraft:jungle_trapdoor":79,"minecraft:polished_diorite":406,"minecraft:shroomlight":50,"minecraft:music_disc_mellohi":1,"minecraft:red_shulker_box":23,"minecraft:sea_lantern":3779,"minecraft:chipped_anvil":5,"minecraft:cyan_shulker_box":1,"minecraft:spruce_button":22,"minecraft:iron_block":10290,"minecraft:brick_stairs":516,"minecraft:slime_block":185,"minecraft:jungle_log":45,"minecraft:smooth_quartz":2383,"minecraft:pink_stained_glass_pane":593,"minecraft:barrel":507,"minecraft:bamboo":18,"minecraft:tripwire_hook":50,"minecraft:basalt":31,"minecraft:purple_concrete":512,"minecraft:glowstone":247,"minecraft:lime_concrete":194,"minecraft:magenta_wool":573,"minecraft:tall_grass":469,"minecraft:gray_glazed_terracotta":76,"minecraft:iron_trapdoor":1067,"minecraft:magenta_terracotta":530,"minecraft:podzol":25041,"minecraft:trapped_chest":32,"minecraft:acacia_wood":587,"minecraft:dead_bubble_coral_fan":38,"minecraft:acacia_planks":1173,"minecraft:observer":557,"minecraft:orange_terracotta":125,"minecraft:water_bucket":339,"minecraft:sandstone_stairs":276,"minecraft:yellow_banner":172,"minecraft:warped_stem":24,"minecraft:light_blue_shulker_box":24,"minecraft:nether_brick_wall":208,"minecraft:light_blue_glazed_terracotta":461,"minecraft:birch_planks":4416,"minecraft:tube_coral_block":1,"minecraft:prismarine_brick_slab":71,"minecraft:lead":4,"minecraft:yellow_shulker_box":34,"minecraft:lime_wool":4259,"minecraft:cartography_table":28,"minecraft:red_mushroom_block":5,"minecraft:cauldron":109,"minecraft:fletching_table":2,"minecraft:sheep_spawn_egg":10,"minecraft:spruce_fence_gate":18,"minecraft:gold_ore":130,"minecraft:pink_concrete":1221,"minecraft:diamond_block":158,"minecraft:polished_blackstone_bricks":30,"minecraft:cracked_stone_bricks":647,"minecraft:gilded_blackstone":7,"minecraft:orange_carpet":162,"minecraft:light_gray_banner":117,"minecraft:lime_terracotta":1119,"minecraft:comparator":213,"minecraft:cyan_glazed_terracotta":68,"minecraft:vine":478,"minecraft:rail":189,"minecraft:mossy_cobblestone":1338,"minecraft:tnt":56,"minecraft:crafting_table":60,"minecraft:oak_slab":1839,"minecraft:red_bed":10,"minecraft:crimson_trapdoor":9,"minecraft:white_bed":3,"minecraft:birch_sign":1109,"minecraft:campfire":118,"minecraft:dark_oak_fence_gate":9,"minecraft:lime_shulker_box":26,"minecraft:cake":9,"minecraft:spruce_log":3282,"minecraft:mushroom_stem":161,"minecraft:cornflower":40,"minecraft:oak_log":4223,"minecraft:dark_prismarine":140,"minecraft:oxeye_daisy":150,"minecraft:warped_trapdoor":15,"minecraft:acacia_sign":281,"minecraft:stripped_jungle_log":706,"minecraft:sunflower":1,"minecraft:oak_button":6,"minecraft:spruce_pressure_plate":3,"minecraft:cyan_concrete":272,"minecraft:purpur_slab":713,"minecraft:magenta_concrete_powder":1,"minecraft:spruce_trapdoor":996,"minecraft:spruce_sapling":12,"minecraft:chiseled_stone_bricks":296,"minecraft:blue_carpet":398,"minecraft:pink_bed":8,"minecraft:green_carpet":186,"minecraft:cobblestone":905,"minecraft:potion":75,"minecraft:orange_banner":37,"minecraft:purple_bed":3,"minecraft:red_concrete_powder":2,"minecraft:crimson_stairs":1,"minecraft:cooked_porkchop":6,"minecraft:andesite_stairs":141,"minecraft:glass_pane":1294,"minecraft:repeating_command_block":6,"minecraft:end_portal_frame":12,"minecraft:stripped_oak_log":473,"minecraft:dandelion":214,"minecraft:kelp":240,"minecraft:jukebox":68,"minecraft:green_stained_glass":66,"minecraft:light_blue_banner":111,"minecraft:light_blue_stained_glass_pane":57,"minecraft:blue_terracotta":814,"minecraft:red_sand":1,"minecraft:iron_shovel":17,"minecraft:melon":374,"minecraft:light_gray_stained_glass_pane":1912,"minecraft:oak_sign":58,"minecraft:bone_block":2499,"minecraft:polished_basalt":3,"minecraft:white_concrete_powder":78,"minecraft:white_terracotta":3999,"minecraft:zombie_spawn_egg":16,"minecraft:purple_shulker_box":15,"minecraft:creeper_head":22,"minecraft:stripped_jungle_wood":35,"minecraft:grass":1522,"minecraft:bell":22,"minecraft:mossy_stone_brick_slab":62,"minecraft:player_head":5,"minecraft:smooth_sandstone_stairs":179,"minecraft:soul_campfire":2,"minecraft:green_terracotta":92,"minecraft:spruce_leaves":140,"minecraft:birch_pressure_plate":10,"minecraft:stray_spawn_egg":1,"minecraft:orange_glazed_terracotta":36,"minecraft:jungle_planks":2263,"minecraft:nether_bricks":3066,"minecraft:prismarine_brick_stairs":67,"minecraft:pink_terracotta":39,"minecraft:beehive":117,"minecraft:cyan_wool":1625,"minecraft:obsidian":1452,"minecraft:honey_bottle":6,"minecraft:red_sandstone_stairs":100,"minecraft:glass":7789,"minecraft:cyan_terracotta":723,"minecraft:coal_ore":560,"minecraft:bricks":5452,"minecraft:quartz_slab":1212,"minecraft:lantern":263,"minecraft:blue_orchid":1,"minecraft:green_wool":1400,"minecraft:warped_nylium":1,"minecraft:dark_oak_wood":64,"minecraft:gray_concrete_powder":142,"minecraft:tropical_fish_spawn_egg":2,"minecraft:hopper_minecart":109,"minecraft:stone_bricks":3591,"minecraft:item_frame":595,"minecraft:birch_button":19,"minecraft:bedrock":2093,"minecraft:golden_sword":5,"minecraft:birch_trapdoor":300,"minecraft:red_nether_brick_wall":78,"minecraft:repeater":1128,"minecraft:red_carpet":502,"minecraft:redstone_lamp":321,"minecraft:honeycomb_block":57,"minecraft:magma_block":91,"minecraft:brown_carpet":303,"minecraft:hay_block":428,"minecraft:written_book":23,"minecraft:scaffolding":4,"minecraft:jungle_button":43,"minecraft:blue_shulker_box":1,"minecraft:gray_bed":3,"minecraft:gold_block":110,"minecraft:polished_diorite_stairs":666,"minecraft:skeleton_skull":23,"minecraft:pink_concrete_powder":271,"minecraft:large_fern":60,"minecraft:stripped_spruce_wood":61,"minecraft:dark_oak_sapling":18,"minecraft:chiseled_polished_blackstone":1,"minecraft:dark_oak_stairs":1275,"minecraft:end_rod":830,"minecraft:dropper":268,"minecraft:wither_skeleton_skull":11,"minecraft:stripped_acacia_log":29,"minecraft:gray_carpet":204,"minecraft:dark_oak_sign":25,"minecraft:birch_leaves":41,"minecraft:polished_diorite_slab":1024,"minecraft:birch_wood":83,"minecraft:prismarine_stairs":18,"minecraft:jungle_fence":416,"minecraft:oak_planks":3274,"minecraft:sandstone":19,"minecraft:redstone_block":169,"minecraft:end_stone_brick_slab":92,"minecraft:diamond_axe":1802,"minecraft:blue_bed":2,"minecraft:brain_coral":5,"minecraft:white_wool":2462,"minecraft:light_blue_concrete":49,"minecraft:infested_chiseled_stone_bricks":36,"minecraft:lime_stained_glass_pane":44,"minecraft:yellow_terracotta":197,"minecraft:loom":206,"minecraft:light_blue_wool":4218,"minecraft:black_banner":326,"minecraft:light_gray_terracotta":492,"minecraft:yellow_concrete":640,"minecraft:crossbow":23,"minecraft:black_bed":3,"minecraft:sponge":281,"minecraft:note_block":428,"minecraft:stone_brick_wall":29,"minecraft:end_stone":5,"minecraft:creeper_spawn_egg":13,"minecraft:sticky_piston":989,"minecraft:blue_glazed_terracotta":24,"minecraft:redstone_torch":1144,"minecraft:black_terracotta":17,"minecraft:lever":372,"minecraft:green_concrete":96,"minecraft:black_concrete":48,"minecraft:firework_rocket":106,"minecraft:gray_shulker_box":1,"minecraft:daylight_detector":39,"minecraft:birch_fence_gate":14,"minecraft:acacia_door":1,"minecraft:dark_oak_log":640,"minecraft:string":435,"minecraft:lime_carpet":82,"minecraft:light_gray_concrete":8173,"minecraft:heavy_weighted_pressure_plate":87,"minecraft:cyan_bed":7,"minecraft:brown_wool":726,"minecraft:barrier":147,"minecraft:brown_stained_glass":7,"minecraft:warped_slab":78,"minecraft:prismarine_wall":18,"minecraft:iron_door":114,"minecraft:gravel":1000,"minecraft:ocelot_spawn_egg":1,"minecraft:jungle_sign":40,"minecraft:light_blue_concrete_powder":3,"minecraft:stripped_oak_wood":16,"minecraft:grindstone":134,"minecraft:chorus_plant":35,"minecraft:andesite":200,"minecraft:chain":114,"minecraft:smooth_stone_slab":1078,"minecraft:mossy_cobblestone_wall":145,"minecraft:white_concrete":15693,"minecraft:coarse_dirt":28,"minecraft:bone_meal":947,"minecraft:oak_fence":441,"minecraft:cobweb":41,"minecraft:jungle_leaves":318,"minecraft:purpur_block":194,"minecraft:petrified_oak_slab":41,"minecraft:trident":28,"minecraft:rose_bush":4,"minecraft:granite_stairs":21,"minecraft:crimson_fence":34,"minecraft:white_tulip":6,"minecraft:flint_and_steel":26,"minecraft:redstone_ore":950,"minecraft:redstone":7021,"minecraft:light_blue_terracotta":1206,"minecraft:spruce_planks":7016,"minecraft:ender_chest":2,"minecraft:brown_shulker_box":22,"minecraft:stripped_birch_wood":97,"minecraft:cooked_chicken":4,"minecraft:dried_kelp_block":267,"minecraft:oak_door":43,"minecraft:end_stone_brick_wall":55,"minecraft:dirt":4225,"minecraft:white_carpet":286,"minecraft:hopper":204,"minecraft:prismarine_bricks":854,"minecraft:spruce_stairs":1078,"minecraft:cobblestone_wall":157,"minecraft:pink_carpet":142,"minecraft:warped_door":4,"minecraft:oak_wood":397,"minecraft:bee_nest":8,"minecraft:salmon_bucket":5,"minecraft:granite":113,"minecraft:spruce_fence":560,"minecraft:light_blue_stained_glass":132,"minecraft:purple_banner":16,"minecraft:birch_door":112,"minecraft:andesite_wall":86,"minecraft:dark_oak_planks":8223,"minecraft:stone_brick_slab":3379,"minecraft:brown_terracotta":751,"minecraft:red_tulip":84,"minecraft:light_gray_stained_glass":433,"minecraft:bookshelf":262,"minecraft:yellow_stained_glass":25,"minecraft:oak_stairs":1056,"minecraft:smooth_sandstone":315,"minecraft:acacia_slab":154,"minecraft:crimson_planks":5,"minecraft:light_gray_wool":4944,"minecraft:emerald_block":309,"minecraft:dark_oak_pressure_plate":2,"minecraft:soul_soil":39,"minecraft:black_stained_glass":430,"minecraft:wolf_spawn_egg":4,"minecraft:lime_stained_glass":258,"minecraft:salmon_spawn_egg":8,"minecraft:white_stained_glass_pane":892,"minecraft:cyan_banner":23,"minecraft:minecart":115,"minecraft:granite_wall":41,"minecraft:cyan_concrete_powder":3,"minecraft:stone_pressure_plate":29,"minecraft:dead_bubble_coral_block":66,"minecraft:enchanted_golden_apple":1,"minecraft:mossy_stone_brick_wall":31,"minecraft:light_gray_bed":17,"minecraft:pumpkin":25,"minecraft:orange_stained_glass_pane":23,"minecraft:brown_bed":1,"minecraft:brain_coral_block":5,"minecraft:quartz_bricks":11,"minecraft:acacia_boat":3,"minecraft:pink_tulip":100,"minecraft:iron_ore":317,"minecraft:cobblestone_stairs":7,"minecraft:pink_glazed_terracotta":458,"minecraft:snow_block":2101,"minecraft:polished_andesite":124,"minecraft:red_nether_bricks":84,"minecraft:blue_wool":1617,"minecraft:pink_banner":82,"minecraft:andesite_slab":84,"minecraft:purple_glazed_terracotta":395,"minecraft:cut_sandstone":120,"minecraft:spruce_sign":14,"minecraft:magenta_stained_glass":26,"minecraft:red_glazed_terracotta":93,"minecraft:green_bed":2,"minecraft:beacon":54,"minecraft:stonecutter":22,"minecraft:cobblestone_slab":248,"minecraft:polished_blackstone_pressure_plate":10,"minecraft:rabbit_spawn_egg":1,"minecraft:stripped_dark_oak_log":60,"minecraft:terracotta":105,"minecraft:dark_prismarine_slab":522,"minecraft:brown_banner":184,"minecraft:magenta_bed":8,"minecraft:dead_fire_coral_block":75,"minecraft:yellow_stained_glass_pane":102,"minecraft:light_gray_concrete_powder":548,"minecraft:brown_glazed_terracotta":276,"minecraft:painting":699,"minecraft:magenta_carpet":50,"minecraft:infested_stone_bricks":8,"minecraft:cyan_stained_glass":39,"minecraft:smoker":62,"minecraft:dark_oak_door":144,"minecraft:nether_gold_ore":1,"minecraft:purple_stained_glass":1,"minecraft:netherite_block":1,"minecraft:gray_terracotta":141,"minecraft:piston":301,"minecraft:wooden_hoe":4,"minecraft:flower_pot":120,"minecraft:activator_rail":7,"minecraft:acacia_stairs":570,"minecraft:black_wool":7463,"minecraft:command_block":96,"minecraft:cracked_polished_blackstone_bricks":2,"minecraft:map":24,"minecraft:netherite_axe":1,"minecraft:lapis_ore":157,"minecraft:detector_rail":109,"minecraft:magenta_concrete":158,"minecraft:jungle_stairs":330,"minecraft:stone_slab":727,"minecraft:yellow_wool":4646,"minecraft:brown_stained_glass_pane":42,"minecraft:acacia_fence_gate":38,"minecraft:magenta_banner":23,"minecraft:fishing_rod":588,"minecraft:green_shulker_box":21,"minecraft:cod_spawn_egg":2,"minecraft:stripped_crimson_hyphae":9,"minecraft:cyan_stained_glass_pane":6,"minecraft:white_banner":1571,"minecraft:bucket":370,"minecraft:jungle_door":39,"minecraft:pink_shulker_box":15,"minecraft:chain_command_block":39,"minecraft:red_banner":474,"minecraft:lapis_block":154,"minecraft:magenta_glazed_terracotta":388,"minecraft:yellow_bed":9,"minecraft:sea_pickle":117,"minecraft:polished_blackstone_button":2,"minecraft:birch_stairs":1642,"minecraft:gray_wool":1533,"minecraft:purple_carpet":53,"minecraft:smooth_stone":3104,"minecraft:splash_potion":32,"minecraft:soul_torch":15},"minecraft:mined":{"minecraft:white_bed":3,"minecraft:pink_bed":7,"minecraft:light_gray_bed":14,"minecraft:orange_bed":11,"minecraft:red_bed":7,"minecraft:cyan_bed":4,"minecraft:magenta_bed":6,"minecraft:black_bed":2,"minecraft:purple_bed":1,"minecraft:green_bed":1,"minecraft:blue_bed":1,"minecraft:gray_bed":2,"minecraft:yellow_bed":8},"minecraft:killed":{"minecraft:skeleton":1,"minecraft:cat":14,"minecraft:pillager":1,"minecraft:zombie":8,"minecraft:ocelot":1,"minecraft:husk":4,"minecraft:spider":4,"minecraft:wolf":4,"minecraft:pig":1,"minecraft:creeper":15,"minecraft:sheep":217,"minecraft:stray":1},"minecraft:crafted":{"minecraft:leather_leggings":10,"minecraft:firework_star":43,"minecraft:leather_helmet":11,"minecraft:leather_chestplate":11,"minecraft:leather_boots":13,"minecraft:black_banner":1,"minecraft:firework_rocket":129},"minecraft:picked_up":{"minecraft:seagrass":3,"minecraft:birch_door":3,"minecraft:anvil":4,"minecraft:creeper_head":456,"minecraft:flower_pot":2,"minecraft:stone_slab":1,"minecraft:smithing_table":1,"minecraft:magenta_carpet":6,"minecraft:lead":2,"minecraft:diamond_sword":35,"minecraft:birch_button":6,"minecraft:purple_shulker_box":3,"minecraft:string":25,"minecraft:dark_oak_trapdoor":3,"minecraft:red_nether_bricks":1,"minecraft:orange_glazed_terracotta":14,"minecraft:pufferfish":1,"minecraft:shroomlight":1,"minecraft:black_glazed_terracotta":5,"minecraft:spruce_planks":42,"minecraft:horn_coral_block":8,"minecraft:acacia_sign":1,"minecraft:written_book":513,"minecraft:flower_banner_pattern":3,"minecraft:enchanted_golden_apple":1,"minecraft:dark_oak_door":48,"minecraft:beehive":2,"minecraft:white_glazed_terracotta":14,"minecraft:mojang_banner_pattern":1,"minecraft:pink_carpet":3,"minecraft:honeycomb_block":19,"minecraft:end_crystal":69,"minecraft:cauldron":2,"minecraft:black_dye":349,"minecraft:brown_carpet":37,"minecraft:yellow_banner":63,"minecraft:command_block":1,"minecraft:lime_carpet":4,"minecraft:honey_bottle":13,"minecraft:light_blue_wool":5,"minecraft:blue_glazed_terracotta":6,"minecraft:tropical_fish":3,"minecraft:blue_dye":121,"minecraft:iron_block":453,"minecraft:red_tulip":64,"minecraft:cyan_terracotta":1,"minecraft:glowstone":1,"minecraft:end_rod":15,"minecraft:white_terracotta":4,"minecraft:iron_bars":5,"minecraft:snowball":100,"minecraft:feather":60,"minecraft:cooked_beef":4,"minecraft:water_bucket":14,"minecraft:iron_door":5,"minecraft:birch_slab":1,"minecraft:jungle_log":3,"minecraft:brown_wool":3,"minecraft:smoker":1,"minecraft:gray_concrete":25,"minecraft:pink_concrete_powder":1,"minecraft:lantern":28,"minecraft:gray_concrete_powder":1,"minecraft:diamond_helmet":1,"minecraft:glowstone_dust":54,"minecraft:honeycomb":2,"minecraft:gray_glazed_terracotta":5,"minecraft:lime_terracotta":1,"minecraft:stripped_acacia_wood":3,"minecraft:crimson_door":1,"minecraft:loom":11,"minecraft:acacia_stairs":1,"minecraft:trapped_chest":2,"minecraft:dark_oak_log":2,"minecraft:barrel":7,"minecraft:polished_andesite":4,"minecraft:lever":102,"minecraft:writable_book":112,"minecraft:granite":5,"minecraft:spruce_button":3,"minecraft:bread":62,"minecraft:cyan_dye":1030,"minecraft:blue_banner":132,"minecraft:jack_o_lantern":1,"minecraft:light_gray_carpet":39,"minecraft:dark_oak_fence":111,"minecraft:bricks":3,"minecraft:magenta_glazed_terracotta":10,"minecraft:crafting_table":2,"minecraft:bee_nest":1,"minecraft:purple_wool":2,"minecraft:nether_wart":40,"minecraft:redstone_lamp":9,"minecraft:orange_banner":6,"minecraft:dragon_head":3,"minecraft:acacia_button":15,"minecraft:purpur_block":18,"minecraft:heavy_weighted_pressure_plate":5,"minecraft:cornflower":26,"minecraft:jungle_trapdoor":2,"minecraft:elytra":1,"minecraft:snow":2,"minecraft:compass":1,"minecraft:white_carpet":14,"minecraft:white_stained_glass":1,"minecraft:glass_pane":2,"minecraft:cracked_stone_bricks":2,"minecraft:netherite_sword":1,"minecraft:cyan_wool":1,"minecraft:poppy":2,"minecraft:spruce_slab":1,"minecraft:minecart":2,"minecraft:quartz_stairs":2,"minecraft:chest":6,"minecraft:birch_sapling":3,"minecraft:egg":3,"minecraft:lime_shulker_box":5,"minecraft:stone":2,"minecraft:oak_door":4,"minecraft:cyan_glazed_terracotta":3,"minecraft:spruce_fence":2,"minecraft:fire_charge":7,"minecraft:white_dye":558,"minecraft:cake":2,"minecraft:redstone":988,"minecraft:mushroom_stem":2,"minecraft:red_nether_brick_wall":6,"minecraft:prismarine_crystals":32,"minecraft:blue_carpet":43,"minecraft:jungle_sign":1,"minecraft:tnt":3,"minecraft:diamond_chestplate":1,"minecraft:tube_coral_block":26,"minecraft:totem_of_undying":1,"minecraft:white_shulker_box":107,"minecraft:mutton":360,"minecraft:white_wool":219,"minecraft:rail":25,"minecraft:oxeye_daisy":27,"minecraft:lapis_ore":3,"minecraft:stripped_oak_log":64,"minecraft:yellow_shulker_box":7,"minecraft:tripwire_hook":5,"minecraft:red_glazed_terracotta":3,"minecraft:yellow_dye":203,"minecraft:jungle_fence":1,"minecraft:end_portal_frame":1,"minecraft:filled_map":29,"minecraft:oak_log":196,"minecraft:lily_pad":1,"minecraft:jungle_button":34,"minecraft:white_banner":322,"minecraft:birch_pressure_plate":2,"minecraft:light_blue_banner":23,"minecraft:stone_bricks":2,"minecraft:kelp":1318,"minecraft:light_gray_glazed_terracotta":4,"minecraft:creeper_spawn_egg":2,"minecraft:iron_ore":126,"minecraft:stone_pickaxe":7,"minecraft:cobweb":1,"minecraft:dark_oak_stairs":4,"minecraft:dark_oak_slab":2,"minecraft:chain_command_block":1,"minecraft:milk_bucket":1,"minecraft:light_gray_stained_glass":1,"minecraft:green_glazed_terracotta":11,"minecraft:yellow_concrete":1,"minecraft:red_wool":7,"minecraft:lime_concrete":1,"minecraft:light_blue_glazed_terracotta":10,"minecraft:gravel":3,"minecraft:birch_stairs":2,"minecraft:spruce_sapling":12,"minecraft:sea_lantern":2,"minecraft:leather_helmet":1,"minecraft:infested_stone_bricks":1,"minecraft:oak_wood":191,"minecraft:firework_rocket":1061,"minecraft:red_stained_glass":1,"minecraft:slime_ball":3,"minecraft:purple_glazed_terracotta":8,"minecraft:polished_diorite":38,"minecraft:light_blue_carpet":3,"minecraft:diamond_axe":6,"minecraft:painting":148,"minecraft:birch_sign":75,"minecraft:gray_wool":7,"minecraft:oak_button":4,"minecraft:brown_banner":77,"minecraft:pink_dye":1,"minecraft:hopper":2,"minecraft:ender_pearl":3,"minecraft:black_carpet":17,"minecraft:wheat":63,"minecraft:light_blue_concrete":1,"minecraft:redstone_block":3,"minecraft:iron_trapdoor":1,"minecraft:yellow_wool":59,"minecraft:potion":27,"minecraft:brain_coral_block":60,"minecraft:stone_brick_stairs":1,"minecraft:lapis_block":3,"minecraft:globe_banner_pattern":2,"minecraft:armor_stand":3,"minecraft:sticky_piston":16,"minecraft:purple_banner":24,"minecraft:zombie_head":25,"minecraft:pink_shulker_box":6,"minecraft:oak_sign":5,"minecraft:sea_pickle":17,"minecraft:smooth_stone":6,"minecraft:comparator":17,"minecraft:bucket":9,"minecraft:red_dye":148,"minecraft:redstone_torch":412,"minecraft:ender_eye":128,"minecraft:wooden_shovel":1,"minecraft:smooth_quartz":7,"minecraft:blue_wool":79,"minecraft:tipped_arrow":188,"minecraft:stick":18,"minecraft:orange_shulker_box":13,"minecraft:jungle_door":2,"minecraft:acacia_fence":1,"minecraft:birch_trapdoor":4,"minecraft:torch":294,"minecraft:spruce_stairs":5,"minecraft:porkchop":2,"minecraft:snow_block":2,"minecraft:music_disc_pigstep":1,"minecraft:light_gray_banner":10,"minecraft:blue_stained_glass":2,"minecraft:green_banner":31,"minecraft:quartz_block":7,"minecraft:rotten_flesh":174,"minecraft:green_wool":7,"minecraft:stripped_birch_wood":2,"minecraft:obsidian":1,"minecraft:cod":2,"minecraft:cobblestone":3,"minecraft:leather_chestplate":1,"minecraft:magma_cream":1,"minecraft:repeater":106,"minecraft:andesite":1,"minecraft:orange_carpet":10,"minecraft:chiseled_quartz_block":1,"minecraft:magenta_dye":132,"minecraft:skull_banner_pattern":3,"minecraft:light_gray_dye":86,"minecraft:smooth_sandstone_stairs":1,"minecraft:prismarine_bricks":65,"minecraft:acacia_boat":1,"minecraft:green_shulker_box":1,"minecraft:lapis_lazuli":64,"minecraft:stripped_birch_log":1,"minecraft:dirt":50,"minecraft:polished_granite":74,"minecraft:name_tag":47,"minecraft:leather_boots":2,"minecraft:glass":7,"minecraft:bone":3,"minecraft:acacia_planks":3,"minecraft:bow":4,"minecraft:wheat_seeds":2,"minecraft:orange_tulip":2,"minecraft:pink_banner":12,"minecraft:bell":1,"minecraft:light_blue_dye":84,"minecraft:grindstone":3,"minecraft:mossy_stone_bricks":128,"minecraft:bamboo":1,"minecraft:powered_rail":118,"minecraft:cyan_concrete":1,"minecraft:oak_planks":4,"minecraft:lime_glazed_terracotta":9,"minecraft:ghast_tear":1,"minecraft:diorite_wall":2,"minecraft:jungle_planks":1,"minecraft:sand":2993,"minecraft:light_blue_shulker_box":12,"minecraft:melon":1,"minecraft:nether_brick_stairs":202,"minecraft:dead_bush":2,"minecraft:grass_block":4,"minecraft:lily_of_the_valley":4,"minecraft:spectral_arrow":64,"minecraft:jungle_slab":1,"minecraft:orange_wool":3,"minecraft:mossy_cobblestone":3,"minecraft:light_gray_concrete":39,"minecraft:skeleton_spawn_egg":2,"minecraft:light_gray_terracotta":1,"minecraft:yellow_carpet":13,"minecraft:polished_blackstone_button":2,"minecraft:crossbow":6,"minecraft:bone_meal":5,"minecraft:grass":1,"minecraft:white_concrete":39,"minecraft:spruce_sign":1,"minecraft:chorus_fruit":12,"minecraft:netherrack":1,"minecraft:oak_sapling":3,"minecraft:bubble_coral_block":41,"minecraft:end_stone_bricks":1,"minecraft:fishing_rod":4,"minecraft:charcoal":1,"minecraft:firework_star":191,"minecraft:end_stone_brick_stairs":1,"minecraft:allium":4,"minecraft:azure_bluet":65,"minecraft:splash_potion":38,"minecraft:chicken":2,"minecraft:ladder":37,"minecraft:rabbit_stew":1,"minecraft:pink_wool":4,"minecraft:gold_block":2,"minecraft:shield":2,"minecraft:oak_trapdoor":1,"minecraft:item_frame":191,"minecraft:birch_fence":2,"minecraft:magenta_wool":1,"minecraft:cyan_carpet":9,"minecraft:blue_orchid":1,"minecraft:detector_rail":30,"minecraft:player_head":1,"minecraft:observer":4,"minecraft:light_gray_wool":5,"minecraft:lectern":7,"minecraft:spruce_trapdoor":193,"minecraft:lime_wool":2,"minecraft:dark_oak_sapling":3,"minecraft:orange_dye":14,"minecraft:end_stone":3,"minecraft:brown_glazed_terracotta":7,"minecraft:gray_dye":137,"minecraft:quartz_pillar":2,"minecraft:stone_button":175,"minecraft:magenta_shulker_box":4,"minecraft:brown_dye":69,"minecraft:stone_pressure_plate":7,"minecraft:purple_terracotta":124,"minecraft:dark_oak_planks":8,"minecraft:arrow":1325,"minecraft:red_shulker_box":5,"minecraft:light_blue_stained_glass_pane":1,"minecraft:pumpkin_pie":1,"minecraft:jungle_stairs":1,"minecraft:nether_bricks":4,"minecraft:pink_glazed_terracotta":7,"minecraft:stripped_dark_oak_wood":2,"minecraft:saddle":1,"minecraft:glistering_melon_slice":1,"minecraft:black_banner":94,"minecraft:nether_brick_wall":223,"minecraft:skeleton_skull":17,"minecraft:purple_dye":136,"minecraft:dark_oak_button":6,"minecraft:magenta_banner":5,"minecraft:salmon":5,"minecraft:birch_planks":8,"minecraft:ice":118,"minecraft:bedrock":2,"minecraft:yellow_glazed_terracotta":10,"minecraft:nether_wart_block":3,"minecraft:gunpowder":153,"minecraft:orange_terracotta":70,"minecraft:cooked_mutton":180,"minecraft:podzol":71,"minecraft:red_carpet":52,"minecraft:gray_carpet":21,"minecraft:fire_coral_block":8,"minecraft:acacia_trapdoor":1,"minecraft:heart_of_the_sea":2,"minecraft:iron_ingot":1,"minecraft:cooked_chicken":6,"minecraft:purple_concrete":1,"minecraft:green_dye":96,"minecraft:book":1,"minecraft:tropical_fish_bucket":1,"minecraft:oak_slab":7,"minecraft:nether_quartz_ore":1,"minecraft:emerald_block":1,"minecraft:stone_brick_slab":1,"minecraft:dandelion":6,"minecraft:red_banner":125,"minecraft:gold_ore":256,"minecraft:green_carpet":5,"minecraft:spruce_door":6,"minecraft:spider_eye":1,"minecraft:brick_slab":2,"minecraft:stripped_jungle_log":2,"minecraft:cyan_banner":4,"minecraft:lime_banner":7,"minecraft:lime_dye":1,"minecraft:campfire":4,"minecraft:gray_banner":6,"minecraft:dead_bubble_coral_block":1,"minecraft:black_wool":334,"minecraft:red_concrete":401,"minecraft:dark_oak_wood":3},"minecraft:custom":{"minecraft:interact_with_crafting_table":168,"minecraft:open_barrel":127,"minecraft:bell_ring":24,"minecraft:eat_cake_slice":24,"minecraft:leave_game":229,"minecraft:time_since_death":2549816,"minecraft:deaths":7,"minecraft:jump":93178,"minecraft:interact_with_furnace":23,"minecraft:play_record":1,"minecraft:interact_with_cartography_table":4,"minecraft:damage_dealt":23981,"minecraft:interact_with_smoker":20,"minecraft:use_cauldron":1,"minecraft:inspect_dispenser":288,"minecraft:inspect_dropper":618,"minecraft:interact_with_anvil":291,"minecraft:inspect_hopper":401,"minecraft:target_hit":3,"minecraft:sneak_time":1464795,"minecraft:interact_with_lectern":178,"minecraft:interact_with_blast_furnace":1,"minecraft:tune_noteblock":3254,"minecraft:time_since_rest":2550061,"minecraft:swim_one_cm":31055,"minecraft:fly_one_cm":249976363,"minecraft:open_chest":773,"minecraft:fish_caught":2,"minecraft:fall_one_cm":46781,"minecraft:open_shulker_box":1469,"minecraft:sprint_one_cm":7194570,"minecraft:drop":3317,"minecraft:interact_with_brewingstand":11,"minecraft:walk_on_water_one_cm":216389,"minecraft:play_one_minute":71355633,"minecraft:interact_with_loom":1286,"minecraft:open_enderchest":6,"minecraft:interact_with_beacon":11,"minecraft:crouch_one_cm":1053553,"minecraft:mob_kills":271,"minecraft:fill_cauldron":13,"minecraft:interact_with_campfire":6,"minecraft:climb_one_cm":216232,"minecraft:walk_one_cm":73166603,"minecraft:strider_one_cm":248,"minecraft:walk_under_water_one_cm":793823,"minecraft:boat_one_cm":42461,"minecraft:pot_flower":40,"minecraft:interact_with_grindstone":23,"minecraft:damage_taken":2045,"minecraft:trigger_trapped_chest":109,"minecraft:minecart_one_cm":113004,"minecraft:aviate_one_cm":23297},"minecraft:dropped":{"minecraft:acacia_wood":1,"minecraft:porkchop":85,"minecraft:lapis_lazuli":112,"minecraft:cyan_glazed_terracotta":1,"minecraft:crafting_table":3,"minecraft:sandstone_stairs":1,"minecraft:crossbow":1,"minecraft:dark_oak_slab":2,"minecraft:orange_tulip":60,"minecraft:cookie":1,"minecraft:dark_oak_button":1,"minecraft:cracked_stone_bricks":3,"minecraft:saddle":1,"minecraft:quartz_pillar":4,"minecraft:purpur_stairs":1,"minecraft:brown_banner":67,"minecraft:rail":1,"minecraft:cut_sandstone_slab":1,"minecraft:leather_helmet":1,"minecraft:red_carpet":2,"minecraft:item_frame":195,"minecraft:gold_block":82,"minecraft:red_shulker_box":5,"minecraft:dirt":6,"minecraft:melon":1,"minecraft:grass":1,"minecraft:birch_fence":2,"minecraft:stone_button":18,"minecraft:dark_oak_fence":115,"minecraft:yellow_dye":329,"minecraft:dark_oak_trapdoor":2,"minecraft:netherite_boots":1,"minecraft:stripped_dark_oak_wood":3,"minecraft:writable_book":28,"minecraft:bubble_coral_block":12,"minecraft:acacia_fence_gate":1,"minecraft:bone_meal":70,"minecraft:bone_block":2,"minecraft:sand":448,"minecraft:sugar":1,"minecraft:purple_wool":3,"minecraft:dark_oak_planks":10,"minecraft:fishing_rod":4,"minecraft:white_wool":15,"minecraft:birch_stairs":5,"minecraft:gray_dye":344,"minecraft:cyan_carpet":1,"minecraft:end_crystal":180,"minecraft:tropical_fish_bucket":1,"minecraft:bone":1,"minecraft:green_wool":1,"minecraft:oak_door":5,"minecraft:pink_concrete":2,"minecraft:note_block":5,"minecraft:dark_oak_door":1,"minecraft:magenta_banner":12,"minecraft:emerald_block":3,"minecraft:diamond_block":1,"minecraft:lever":20,"minecraft:golden_chestplate":1,"minecraft:gray_banner":11,"minecraft:black_carpet":2,"minecraft:pink_dye":197,"minecraft:netherite_sword":1,"minecraft:wheat":1,"minecraft:blue_wool":9,"minecraft:obsidian":1,"minecraft:rotten_flesh":151,"minecraft:grindstone":4,"minecraft:oak_planks":6,"minecraft:pink_carpet":1,"minecraft:lime_dye":91,"minecraft:end_stone":11,"minecraft:light_gray_carpet":3,"minecraft:green_banner":75,"minecraft:blaze_powder":71,"minecraft:azure_bluet":65,"minecraft:jungle_trapdoor":4,"minecraft:dead_fire_coral_block":63,"minecraft:salmon":4,"minecraft:blue_stained_glass":3,"minecraft:acacia_button":4,"minecraft:black_glazed_terracotta":2,"minecraft:yellow_stained_glass_pane":1,"minecraft:firework_star":190,"minecraft:sea_lantern":7,"minecraft:skull_banner_pattern":8,"minecraft:orange_banner":14,"minecraft:jungle_stairs":1,"minecraft:honey_block":1,"minecraft:quartz_block":9,"minecraft:jungle_log":4,"minecraft:hopper":2,"minecraft:leather_boots":4,"minecraft:ladder":4,"minecraft:yellow_banner":183,"minecraft:leather_leggings":2,"minecraft:painting":72,"minecraft:white_dye":804,"minecraft:spruce_slab":2,"minecraft:red_nether_bricks":1,"minecraft:end_stone_bricks":1,"minecraft:glass":9,"minecraft:campfire":2,"minecraft:podzol":73,"minecraft:stone_brick_stairs":2,"minecraft:acacia_fence":1,"minecraft:white_glazed_terracotta":1,"minecraft:lectern":6,"minecraft:iron_ingot":1,"minecraft:orange_shulker_box":6,"minecraft:wolf_spawn_egg":65,"minecraft:black_dye":219,"minecraft:wheat_seeds":1,"minecraft:tnt":1,"minecraft:horn_coral_block":3,"minecraft:creeper_spawn_egg":2,"minecraft:light_gray_stained_glass_pane":1,"minecraft:netherite_chestplate":1,"minecraft:netherite_helmet":1,"minecraft:oak_fence":1,"minecraft:cobblestone":3,"minecraft:light_gray_glazed_terracotta":1,"minecraft:purple_concrete":2,"minecraft:granite":5,"minecraft:spruce_button":2,"minecraft:command_block":1,"minecraft:red_stained_glass":2,"minecraft:sheep_spawn_egg":1,"minecraft:stripped_jungle_log":3,"minecraft:spruce_door":1,"minecraft:purple_dye":193,"minecraft:chainmail_helmet":1,"minecraft:mushroom_stew":1,"minecraft:yellow_carpet":2,"minecraft:coal_block":2,"minecraft:lime_banner":5,"minecraft:end_rod":20,"minecraft:polished_andesite":8,"minecraft:pufferfish":1,"minecraft:acacia_sign":1,"minecraft:oxeye_daisy":23,"minecraft:lava_bucket":2,"minecraft:cobweb":1,"minecraft:dried_kelp_block":2,"minecraft:gray_wool":1,"minecraft:iron_trapdoor":2,"minecraft:sponge":1,"minecraft:gray_bed":2,"minecraft:yellow_glazed_terracotta":2,"minecraft:lapis_ore":3,"minecraft:potion":2,"minecraft:dead_bush":2,"minecraft:stripped_birch_log":6,"minecraft:oak_stairs":1,"minecraft:green_glazed_terracotta":6,"minecraft:magenta_glazed_terracotta":1,"minecraft:white_banner":554,"minecraft:red_dye":371,"minecraft:smooth_stone":8,"minecraft:iron_shovel":1,"minecraft:paper":1,"minecraft:string":4,"minecraft:smooth_sandstone":2,"minecraft:blue_carpet":1,"minecraft:lily_pad":1,"minecraft:trapped_chest":3,"minecraft:acacia_planks":3,"minecraft:red_nether_brick_wall":1,"minecraft:magenta_shulker_box":5,"minecraft:pink_stained_glass_pane":1,"minecraft:stone_brick_slab":2,"minecraft:snow_block":1,"minecraft:furnace":5,"minecraft:bricks":7,"minecraft:brick_wall":1,"minecraft:creeper_head":85,"minecraft:green_terracotta":2,"minecraft:light_blue_glazed_terracotta":3,"minecraft:player_head":1,"minecraft:polished_diorite_slab":1,"minecraft:sticky_piston":6,"minecraft:orange_concrete":1,"minecraft:red_banner":146,"minecraft:white_carpet":6,"minecraft:slime_block":2,"minecraft:stone_slab":1,"minecraft:name_tag":49,"minecraft:light_gray_concrete":11,"minecraft:white_terracotta":5,"minecraft:magenta_concrete":1,"minecraft:white_shulker_box":71,"minecraft:orange_wool":4,"minecraft:nether_bricks":5,"minecraft:spruce_fence":5,"minecraft:oak_sign":2,"minecraft:diamond_sword":7,"minecraft:light_blue_dye":138,"minecraft:cobblestone_slab":1,"minecraft:hay_block":1,"minecraft:brain_coral_block":10,"minecraft:shroomlight":1,"minecraft:stone":6,"minecraft:flower_pot":2,"minecraft:sea_pickle":2,"minecraft:allium":2,"minecraft:spruce_trapdoor":195,"minecraft:spruce_planks":13,"minecraft:light_blue_carpet":2,"minecraft:blue_banner":293,"minecraft:fire_coral_block":1,"minecraft:pink_shulker_box":5,"minecraft:redstone_torch":112,"minecraft:barrel":8,"minecraft:stone_pressure_plate":2,"minecraft:stone_bricks":3,"minecraft:brown_carpet":2,"minecraft:light_gray_dye":178,"minecraft:rabbit_stew":1,"minecraft:blue_orchid":1,"minecraft:bow":5,"minecraft:magenta_dye":145,"minecraft:red_tulip":62,"minecraft:bell":2,"minecraft:crimson_hyphae":63,"minecraft:green_concrete_powder":1,"minecraft:brick_slab":1,"minecraft:black_wool":5,"minecraft:pink_concrete_powder":1,"minecraft:quartz_slab":3,"minecraft:nether_brick_stairs":173,"minecraft:gold_ore":512,"minecraft:spruce_sign":1,"minecraft:daylight_detector":1,"minecraft:soul_sand":1,"minecraft:birch_planks":9,"minecraft:dark_oak_stairs":6,"minecraft:diamond_axe":7,"minecraft:orange_dye":299,"minecraft:polished_granite_slab":1,"minecraft:oak_log":135,"minecraft:loom":30,"minecraft:purple_glazed_terracotta":1,"minecraft:lime_shulker_box":5,"minecraft:tube_coral_block":3,"minecraft:jungle_fence":1,"minecraft:stripped_birch_wood":4,"minecraft:lime_terracotta":1,"minecraft:flower_banner_pattern":6,"minecraft:lantern":7,"minecraft:jungle_planks":1,"minecraft:creeper_banner_pattern":6,"minecraft:red_wool":70,"minecraft:bedrock":2,"minecraft:black_banner":128,"minecraft:birch_slab":4,"minecraft:orange_glazed_terracotta":3,"minecraft:spruce_leaves":1,"minecraft:cyan_terracotta":1,"minecraft:redstone_lamp":3,"minecraft:dark_oak_log":4,"minecraft:orange_carpet":1,"minecraft:polished_diorite_stairs":2,"minecraft:jungle_button":2,"minecraft:mojang_banner_pattern":6,"minecraft:cornflower":18,"minecraft:mutton":110,"minecraft:dark_oak_wood":4,"minecraft:seagrass":3,"minecraft:snowball":108,"minecraft:light_gray_banner":49,"minecraft:pumpkin_pie":148,"minecraft:jungle_sign":4,"minecraft:wet_sponge":1,"minecraft:light_blue_banner":36,"minecraft:birch_log":1,"minecraft:brown_mushroom_block":64,"minecraft:cauldron":2,"minecraft:armor_stand":6,"minecraft:honeycomb_block":64,"minecraft:gravel":4,"minecraft:red_glazed_terracotta":2,"minecraft:white_tulip":1,"minecraft:andesite_slab":1,"minecraft:yellow_wool":16,"minecraft:smooth_sandstone_stairs":1,"minecraft:lime_wool":5,"minecraft:purple_banner":24,"minecraft:beehive":6,"minecraft:cooked_mutton":270,"minecraft:honey_bottle":7,"minecraft:acacia_stairs":1,"minecraft:infested_stone_bricks":1,"minecraft:carrot":2,"minecraft:mushroom_stem":4,"minecraft:poppy":1,"minecraft:oak_fence_gate":1,"minecraft:leather_chestplate":6,"minecraft:gunpowder":11,"minecraft:birch_trapdoor":2,"minecraft:cyan_banner":26,"minecraft:skeleton_skull":17,"minecraft:oak_wood":317,"minecraft:acacia_slab":1,"minecraft:glowstone":4,"minecraft:bee_nest":1,"minecraft:birch_door":4,"minecraft:chest":19,"minecraft:iron_ore":189,"minecraft:birch_button":2,"minecraft:iron_bars":4,"minecraft:gray_shulker_box":1,"minecraft:cyan_concrete":3,"minecraft:powered_rail":2,"minecraft:prismarine_bricks":65,"minecraft:chain_command_block":1,"minecraft:light_gray_concrete_powder":3,"minecraft:polished_granite":29,"minecraft:splash_potion":3,"minecraft:netherrack":2,"minecraft:enchanting_table":1,"minecraft:water_bucket":2,"minecraft:bread":14,"minecraft:purple_terracotta":186,"minecraft:oak_slab":6,"minecraft:magenta_carpet":1,"minecraft:chorus_flower":5,"minecraft:mossy_cobblestone":4,"minecraft:smithing_table":1,"minecraft:minecart":3,"minecraft:bookshelf":2,"minecraft:yellow_concrete":63,"minecraft:cyan_dye":203,"minecraft:lead":4,"minecraft:andesite_wall":1,"minecraft:observer":4,"minecraft:hopper_minecart":1,"minecraft:nether_brick_wall":192,"minecraft:spruce_stairs":5,"minecraft:acacia_log":4,"minecraft:acacia_trapdoor":2,"minecraft:grass_block":5,"minecraft:stick":17,"minecraft:spruce_fence_gate":43,"minecraft:iron_block":22,"minecraft:blue_dye":250,"minecraft:light_blue_stained_glass":1,"minecraft:brewing_stand":1,"minecraft:torch":40,"minecraft:green_dye":100,"minecraft:light_blue_wool":5,"minecraft:repeater":24,"minecraft:nether_wart_block":5,"minecraft:smooth_quartz":11,"minecraft:white_concrete":24,"minecraft:light_gray_shulker_box":1,"minecraft:brown_wool":3,"minecraft:yellow_shulker_box":6,"minecraft:iron_door":3,"minecraft:zombie_head":2,"minecraft:jungle_door":2,"minecraft:light_gray_stained_glass":3,"minecraft:fire_charge":4,"minecraft:green_carpet":3,"minecraft:pink_banner":18,"minecraft:jungle_leaves":1,"minecraft:polished_andesite_stairs":2,"minecraft:blue_glazed_terracotta":3,"minecraft:orange_bed":1,"minecraft:light_blue_stained_glass_pane":1,"minecraft:tripwire_hook":1,"minecraft:bucket":4,"minecraft:lapis_block":5,"minecraft:redstone_block":3,"minecraft:redstone":151,"minecraft:polished_diorite":3,"minecraft:farmland":2,"minecraft:red_concrete":2,"minecraft:anvil":7,"minecraft:blue_terracotta":1,"minecraft:kelp":13,"minecraft:brown_dye":192,"minecraft:gray_stained_glass":2,"minecraft:oak_trapdoor":5,"minecraft:dragon_head":2,"minecraft:dark_prismarine_stairs":1,"minecraft:nether_wart":1,"minecraft:chiseled_quartz_block":2,"minecraft:lime_concrete":1,"minecraft:gray_glazed_terracotta":1,"minecraft:brown_glazed_terracotta":1,"minecraft:wither_skeleton_skull":1,"minecraft:light_gray_wool":3,"minecraft:smoker":1,"minecraft:stripped_oak_log":64,"minecraft:ender_eye":126,"minecraft:stripped_acacia_wood":3,"minecraft:skeleton_spawn_egg":2,"minecraft:totem_of_undying":1,"minecraft:glass_pane":4,"minecraft:netherite_leggings":1,"minecraft:flint_and_steel":1,"minecraft:red_nether_brick_stairs":1,"minecraft:filled_map":38,"minecraft:snow":3,"minecraft:orange_terracotta":72,"minecraft:quartz_stairs":4,"minecraft:cake":1,"minecraft:mossy_stone_bricks":195,"minecraft:pink_wool":4,"minecraft:end_portal_frame":1,"minecraft:birch_sign":66,"minecraft:brain_coral":63,"minecraft:gray_concrete_powder":2,"minecraft:slime_ball":1,"minecraft:spruce_log":1,"minecraft:beacon":7,"minecraft:purple_shulker_box":3,"minecraft:stone_pickaxe":7,"minecraft:globe_banner_pattern":7,"minecraft:light_blue_terracotta":4,"minecraft:white_stained_glass":2,"minecraft:light_blue_shulker_box":8,"minecraft:magenta_terracotta":1},"minecraft:killed_by":{"minecraft:zombie":2}},"DataVersion":2567}