{"stats":{"minecraft:used":{"minecraft:jack_o_lantern":2,"minecraft:writable_book":2,"minecraft:black_wool":2,"minecraft:firework_rocket":22,"minecraft:quartz_pillar":1,"minecraft:light_gray_concrete":1,"minecraft:snow_block":8,"minecraft:quartz_slab":1,"minecraft:red_wool":17,"minecraft:bread":1,"minecraft:grass_block":8,"minecraft:redstone":4,"minecraft:quartz_block":1,"minecraft:smooth_quartz":1,"minecraft:warped_sign":3,"minecraft:gravel":6,"minecraft:crimson_nylium":7,"minecraft:bedrock":1,"minecraft:torch":3,"minecraft:fishing_rod":13,"minecraft:cobblestone":20,"minecraft:glowstone":4,"minecraft:mossy_cobblestone":14,"minecraft:anvil":2,"minecraft:potion":4,"minecraft:wolf_spawn_egg":1,"minecraft:crafting_table":2,"minecraft:crimson_hyphae":1,"minecraft:lapis_block":38,"minecraft:crossbow":381,"minecraft:white_concrete":1,"minecraft:tropical_fish_bucket":1,"minecraft:splash_potion":1,"minecraft:milk_bucket":1,"minecraft:soul_torch":5},"minecraft:picked_up":{"minecraft:splash_potion":1,"minecraft:creeper_head":1,"minecraft:water_bucket":1,"minecraft:gravel":3,"minecraft:potion":11,"minecraft:soul_torch":1,"minecraft:elytra":1,"minecraft:apple":1,"minecraft:crossbow":1,"minecraft:tube_coral_block":1},"minecraft:crafted":{"minecraft:blue_dye":1,"minecraft:firework_star":65,"minecraft:firework_rocket":192},"minecraft:custom":{"minecraft:time_since_rest":1697145,"minecraft:sprint_one_cm":109384,"minecraft:inspect_dropper":5,"minecraft:walk_one_cm":1119697,"minecraft:trigger_trapped_chest":1,"minecraft:interact_with_anvil":3,"minecraft:drop":24,"minecraft:inspect_hopper":1,"minecraft:minecart_one_cm":6914,"minecraft:fly_one_cm":6271177,"minecraft:interact_with_crafting_table":10,"minecraft:target_hit":18,"minecraft:open_barrel":36,"minecraft:open_chest":16,"minecraft:play_one_minute":1697145,"minecraft:strider_one_cm":800,"minecraft:crouch_one_cm":27417,"minecraft:open_shulker_box":14,"minecraft:sneak_time":20658,"minecraft:walk_under_water_one_cm":40702,"minecraft:interact_with_lectern":1,"minecraft:aviate_one_cm":1015444,"minecraft:jump":1515,"minecraft:leave_game":35,"minecraft:walk_on_water_one_cm":3019,"minecraft:time_since_death":1697145,"minecraft:climb_one_cm":5490,"minecraft:fall_one_cm":6453,"minecraft:inspect_dispenser":3},"minecraft:dropped":{"minecraft:gravel":3,"minecraft:green_dye":1,"minecraft:crossbow":1,"minecraft:sunflower":1,"minecraft:apple":1,"minecraft:glistering_melon_slice":1,"minecraft:honey_bottle":16}},"DataVersion":2567}