{"stats":{"minecraft:used":{"minecraft:oak_fence":1,"minecraft:oak_trapdoor":4,"minecraft:jack_o_lantern":15,"minecraft:light_blue_banner":18,"minecraft:trident":160,"minecraft:light_blue_stained_glass_pane":5,"minecraft:blue_terracotta":3,"minecraft:jungle_leaves":127,"minecraft:writable_book":8,"minecraft:armor_stand":56,"minecraft:dispenser":3,"minecraft:bone_block":98,"minecraft:oak_sign":11,"minecraft:green_banner":3,"minecraft:white_terracotta":5,"minecraft:brown_concrete":29,"minecraft:stone":25,"minecraft:white_shulker_box":19,"minecraft:warped_sign":2,"minecraft:bubble_coral":2,"minecraft:torch":7,"minecraft:dirt":77,"minecraft:white_carpet":1,"minecraft:blue_stained_glass":2,"minecraft:nether_brick_slab":2,"minecraft:salmon_bucket":2,"minecraft:warped_pressure_plate":18,"minecraft:blue_concrete":18,"minecraft:honey_bottle":2,"minecraft:purple_banner":2,"minecraft:shroomlight":14,"minecraft:packed_ice":3,"minecraft:bricks":15,"minecraft:red_wool":65,"minecraft:grass_block":104,"minecraft:blue_orchid":28,"minecraft:slime_block":104,"minecraft:smooth_sandstone":10,"minecraft:smooth_quartz":5,"minecraft:pink_wool":1,"minecraft:stone_bricks":1,"minecraft:blue_banner":15,"minecraft:bamboo":5,"minecraft:item_frame":3,"minecraft:yellow_concrete_powder":13,"minecraft:bedrock":3,"minecraft:repeater":2,"minecraft:basalt":2,"minecraft:tripwire_hook":1,"minecraft:glowstone":154,"minecraft:redstone_lamp":27,"minecraft:scaffolding":141,"minecraft:written_book":1,"minecraft:sweet_berries":4,"minecraft:jungle_button":2,"minecraft:blue_shulker_box":22,"minecraft:minecart":3,"minecraft:gold_block":6,"minecraft:trapped_chest":1,"minecraft:crimson_stem":2,"minecraft:warped_stem":57,"minecraft:diorite":14,"minecraft:end_rod":133,"minecraft:light_blue_glazed_terracotta":11,"minecraft:pink_glazed_terracotta":1,"minecraft:snow_block":37,"minecraft:stripped_birch_log":1,"minecraft:powered_rail":1,"minecraft:yellow_shulker_box":18,"minecraft:acacia_trapdoor":6,"minecraft:dark_oak_sign":15,"minecraft:jungle_fence":2,"minecraft:oak_planks":2,"minecraft:pink_banner":1,"minecraft:redstone_block":3,"minecraft:blue_concrete_powder":6,"minecraft:polished_blackstone_bricks":1,"minecraft:white_wool":24,"minecraft:mossy_cobblestone":3,"minecraft:diamond_block":13,"minecraft:comparator":6,"minecraft:strider_spawn_egg":1,"minecraft:cyan_glazed_terracotta":1,"minecraft:crafting_table":2,"minecraft:loom":1,"minecraft:birch_sign":9,"minecraft:crossbow":145,"minecraft:white_bed":1,"minecraft:light_gray_concrete_powder":2,"minecraft:chiseled_quartz_block":15,"minecraft:lingering_potion":382,"minecraft:warped_planks":41,"minecraft:birch_fence":2,"minecraft:redstone_torch":1,"minecraft:lever":8,"minecraft:black_wool":7,"minecraft:apple":20,"minecraft:firework_rocket":163,"minecraft:crying_obsidian":1,"minecraft:white_glazed_terracotta":7,"minecraft:gravel":15,"minecraft:yellow_wool":1,"minecraft:magenta_banner":3,"minecraft:diamond_sword":1,"minecraft:fishing_rod":53,"minecraft:cobblestone":1,"minecraft:potion":7,"minecraft:orange_banner":2,"minecraft:white_banner":9,"minecraft:lapis_block":24,"minecraft:white_stained_glass":29,"minecraft:jungle_door":3,"minecraft:red_banner":7,"minecraft:bucket":6,"minecraft:grass_path":1,"minecraft:mossy_cobblestone_wall":25,"minecraft:sea_pickle":61,"minecraft:white_concrete":13,"minecraft:tropical_fish_bucket":12,"minecraft:splash_potion":89},"minecraft:killed":{"minecraft:tropical_fish":12,"minecraft:strider":1,"minecraft:sheep":1},"minecraft:crafted":{"minecraft:leather_helmet":1},"minecraft:picked_up":{"minecraft:lingering_potion":2,"minecraft:splash_potion":2,"minecraft:leather_leggings":19,"minecraft:diamond_sword":5,"minecraft:potion":1,"minecraft:brain_coral_block":1,"minecraft:golden_sword":2,"minecraft:string":3,"minecraft:flint_and_steel":1,"minecraft:beetroot_soup":2,"minecraft:blue_orchid":1,"minecraft:sea_pickle":4,"minecraft:acacia_sign":1,"minecraft:redstone_torch":1,"minecraft:blue_shulker_box":19,"minecraft:warped_pressure_plate":25,"minecraft:honey_bottle":5,"minecraft:blue_glazed_terracotta":1,"minecraft:tropical_fish":21,"minecraft:tube_coral_block":1,"minecraft:white_shulker_box":22,"minecraft:white_wool":3,"minecraft:yellow_shulker_box":21,"minecraft:leather_chestplate":7,"minecraft:water_bucket":1,"minecraft:crimson_fungus":7,"minecraft:white_banner":3,"minecraft:leather_boots":24,"minecraft:light_blue_banner":1,"minecraft:apple":2,"minecraft:fire_coral_block":1,"minecraft:wheat_seeds":3,"minecraft:dark_oak_sign":1,"minecraft:bamboo":4,"minecraft:honeycomb":1,"minecraft:oak_slab":1,"minecraft:scaffolding":128,"minecraft:light_blue_stained_glass":1,"minecraft:leather_helmet":1,"minecraft:firework_rocket":187,"minecraft:writable_book":2,"minecraft:crossbow":1,"minecraft:blue_banner":9,"minecraft:bricks":7,"minecraft:sunflower":87},"minecraft:custom":{"minecraft:inspect_dropper":2,"minecraft:interact_with_anvil":1,"minecraft:mob_kills":14,"minecraft:interact_with_crafting_table":2,"minecraft:open_shulker_box":181,"minecraft:leave_game":26,"minecraft:time_since_death":3350998,"minecraft:climb_one_cm":42140,"minecraft:sprint_one_cm":270604,"minecraft:walk_one_cm":2957908,"minecraft:drop":269,"minecraft:target_hit":16,"minecraft:strider_one_cm":708,"minecraft:deaths":1,"minecraft:sneak_time":76947,"minecraft:walk_under_water_one_cm":45073,"minecraft:boat_one_cm":11953,"minecraft:interact_with_lectern":25,"minecraft:jump":2651,"minecraft:walk_on_water_one_cm":20098,"minecraft:play_one_minute":3546210,"minecraft:interact_with_loom":4,"minecraft:time_since_rest":3351097,"minecraft:damage_taken":240,"minecraft:trigger_trapped_chest":6,"minecraft:minecart_one_cm":7704,"minecraft:damage_dealt":280,"minecraft:fly_one_cm":13203532,"minecraft:open_chest":21,"minecraft:crouch_one_cm":107106,"minecraft:aviate_one_cm":5001452,"minecraft:inspect_dispenser":6},"minecraft:dropped":{"minecraft:blue_shulker_box":9,"minecraft:wheat_seeds":3,"minecraft:golden_helmet":1,"minecraft:apple":2,"minecraft:tropical_fish":18,"minecraft:dragon_breath":1,"minecraft:leather_helmet":2,"minecraft:warped_pressure_plate":17,"minecraft:dispenser":3,"minecraft:yellow_shulker_box":12,"minecraft:potion":1,"minecraft:sunflower":86,"minecraft:white_wool":2,"minecraft:beetroot_soup":1,"minecraft:gravel":1,"minecraft:honey_bottle":3,"minecraft:white_shulker_box":11,"minecraft:diamond_sword":8,"minecraft:leather_chestplate":16,"minecraft:trident":1,"minecraft:lingering_potion":2,"minecraft:leather_boots":32,"minecraft:golden_sword":3,"minecraft:leather_leggings":28,"minecraft:birch_sign":1,"minecraft:bamboo":3,"minecraft:splash_potion":2}},"DataVersion":2567}