{"stats":{"minecraft:used":{"minecraft:flower_pot":19,"minecraft:sea_lantern":170,"minecraft:writable_book":30,"minecraft:firework_rocket":1,"minecraft:flint_and_steel":9,"minecraft:light_gray_concrete":2,"minecraft:lantern":8,"minecraft:grass_block":1,"minecraft:oak_button":1,"minecraft:stone_button":5,"minecraft:green_wool":8,"minecraft:lectern":4,"minecraft:white_terracotta":8,"minecraft:smooth_quartz":24,"minecraft:netherrack":9,"minecraft:sand":55,"minecraft:written_book":2,"minecraft:oak_slab":5,"minecraft:jungle_planks":1,"minecraft:birch_sign":323,"minecraft:jungle_slab":2,"minecraft:grass_path":1,"minecraft:campfire":1,"minecraft:end_stone":1,"minecraft:light_blue_stained_glass":3},"minecraft:picked_up":{"minecraft:chain_command_block":1,"minecraft:redstone_lamp":1,"minecraft:lava_bucket":1,"minecraft:potion":1,"minecraft:sea_lantern":1,"minecraft:lantern":2,"minecraft:honey_bottle":2,"minecraft:comparator":2,"minecraft:writable_book":7,"minecraft:birch_sign":4,"minecraft:smooth_quartz":1,"minecraft:prismarine_brick_slab":1},"minecraft:custom":{"minecraft:time_since_rest":35701573,"minecraft:sprint_one_cm":751278,"minecraft:inspect_dropper":4,"minecraft:open_enderchest":1,"minecraft:walk_one_cm":3003975,"minecraft:trigger_trapped_chest":1,"minecraft:drop":19,"minecraft:swim_one_cm":4843,"minecraft:fly_one_cm":18198708,"minecraft:open_chest":18,"minecraft:strider_one_cm":358,"minecraft:play_one_minute":35701573,"minecraft:crouch_one_cm":56957,"minecraft:interact_with_loom":1,"minecraft:open_shulker_box":24,"minecraft:sneak_time":50591,"minecraft:bell_ring":19,"minecraft:walk_under_water_one_cm":34119,"minecraft:pot_flower":17,"minecraft:interact_with_lectern":108,"minecraft:aviate_one_cm":2757,"minecraft:jump":4325,"minecraft:leave_game":52,"minecraft:walk_on_water_one_cm":17509,"minecraft:time_since_death":35701573,"minecraft:climb_one_cm":17822,"minecraft:inspect_dispenser":9},"minecraft:dropped":{"minecraft:light_blue_stained_glass":2,"minecraft:grass_path":1,"minecraft:writable_book":9,"minecraft:campfire":1,"minecraft:light_gray_concrete":1,"minecraft:white_terracotta":1,"minecraft:grass_block":1,"minecraft:lectern":2,"minecraft:green_wool":1}},"DataVersion":2567}