{"stats":{"minecraft:used":{"minecraft:peony":5,"minecraft:nether_brick_fence":76,"minecraft:writable_book":57,"minecraft:jack_o_lantern":27,"minecraft:polished_granite_stairs":33,"minecraft:cut_red_sandstone_slab":14,"minecraft:spruce_slab":30,"minecraft:red_sandstone_slab":195,"minecraft:dispenser":101,"minecraft:dead_brain_coral":22,"minecraft:ladder":128,"minecraft:black_carpet":9,"minecraft:green_banner":14,"minecraft:chest":47,"minecraft:stone":226,"minecraft:white_shulker_box":44,"minecraft:red_nether_brick_stairs":69,"minecraft:warped_sign":2,"minecraft:quartz_stairs":146,"minecraft:farmland":4,"minecraft:rotten_flesh":1,"minecraft:chiseled_red_sandstone":6,"minecraft:soul_sand":2006,"minecraft:lily_of_the_valley":2,"minecraft:blue_stained_glass":1094,"minecraft:brick_slab":21,"minecraft:jungle_slab":17,"minecraft:orange_wool":368,"minecraft:acacia_button":22,"minecraft:snowball":7,"minecraft:stripped_spruce_log":42,"minecraft:polished_blackstone_slab":8,"minecraft:packed_ice":1417,"minecraft:honey_block":37,"minecraft:lava_bucket":3,"minecraft:quartz_pillar":37,"minecraft:lime_banner":5,"minecraft:red_wool":812,"minecraft:warped_hyphae":4,"minecraft:black_stained_glass_pane":35,"minecraft:grass_block":2882,"minecraft:birch_sapling":1,"minecraft:orange_shulker_box":5,"minecraft:quartz_block":4,"minecraft:wet_sponge":99,"minecraft:dark_oak_slab":9,"minecraft:dark_oak_button":4,"minecraft:diorite_wall":2,"minecraft:pink_wool":241,"minecraft:stone_brick_stairs":45,"minecraft:blue_banner":27,"minecraft:red_stained_glass_pane":20,"minecraft:snow":82,"minecraft:bow":265,"minecraft:yellow_glazed_terracotta":353,"minecraft:furnace":27,"minecraft:egg":87,"minecraft:dragon_head":17,"minecraft:dead_brain_coral_fan":1,"minecraft:dark_prismarine_stairs":10,"minecraft:lime_glazed_terracotta":121,"minecraft:light_blue_carpet":14,"minecraft:emerald_ore":342,"minecraft:mossy_stone_bricks":24,"minecraft:diorite":409,"minecraft:cow_spawn_egg":1,"minecraft:end_stone_bricks":289,"minecraft:spruce_door":6,"minecraft:brick_wall":376,"minecraft:stripped_birch_log":22,"minecraft:red_stained_glass":3,"minecraft:powered_rail":104,"minecraft:acacia_trapdoor":45,"minecraft:blackstone_stairs":74,"minecraft:prismarine":4,"minecraft:blackstone":6,"minecraft:lime_concrete_powder":8,"minecraft:black_glazed_terracotta":29,"minecraft:composter":18,"minecraft:clay":2856,"minecraft:purpur_pillar":1,"minecraft:oak_leaves":13,"minecraft:respawn_anchor":5,"minecraft:sand":2431,"minecraft:blast_furnace":106,"minecraft:smooth_red_sandstone":212,"minecraft:blue_ice":8619,"minecraft:acacia_leaves":11,"minecraft:purple_terracotta":639,"minecraft:chiseled_quartz_block":1080,"minecraft:gray_concrete":5220,"minecraft:red_sandstone_wall":2,"minecraft:birch_fence":205,"minecraft:red_sandstone":17163,"minecraft:chiseled_sandstone":173,"minecraft:crying_obsidian":2,"minecraft:birch_slab":5,"minecraft:zombie_head":8,"minecraft:stone_button":40,"minecraft:cyan_carpet":1,"minecraft:lectern":24,"minecraft:white_glazed_terracotta":830,"minecraft:red_terracotta":277,"minecraft:polished_granite":301,"minecraft:diamond_ore":793,"minecraft:cat_spawn_egg":2,"minecraft:lilac":4,"minecraft:soul_lantern":12,"minecraft:coal_block":2749,"minecraft:nether_wart_block":68,"minecraft:diamond_sword":201,"minecraft:smithing_table":7,"minecraft:dark_oak_fence":537,"minecraft:white_stained_glass":163,"minecraft:birch_log":3,"minecraft:pink_stained_glass":1,"minecraft:ice":95,"minecraft:oak_boat":1,"minecraft:purple_wool":59,"minecraft:oak_trapdoor":44,"minecraft:stripped_acacia_wood":182,"minecraft:iron_bars":159,"minecraft:acacia_log":2,"minecraft:orange_concrete":34,"minecraft:carved_pumpkin":4,"minecraft:red_concrete":227,"minecraft:armor_stand":79,"minecraft:light_gray_carpet":2,"minecraft:sandstone_wall":1,"minecraft:netherrack":165,"minecraft:torch":1986,"minecraft:green_glazed_terracotta":76,"minecraft:orange_stained_glass":454,"minecraft:light_gray_shulker_box":432,"minecraft:anvil":36,"minecraft:target":25,"minecraft:ancient_debris":4,"minecraft:nether_quartz_ore":755,"minecraft:dead_tube_coral":4,"minecraft:nether_brick_slab":601,"minecraft:light_gray_glazed_terracotta":619,"minecraft:yellow_carpet":20,"minecraft:jungle_trapdoor":14,"minecraft:polished_granite_slab":3,"minecraft:blue_concrete":1538,"minecraft:dead_brain_coral_block":2,"minecraft:nether_brick_stairs":376,"minecraft:oak_fence_gate":3,"minecraft:polished_diorite":682,"minecraft:shroomlight":252,"minecraft:mossy_cobblestone_stairs":36,"minecraft:red_shulker_box":11,"minecraft:sea_lantern":8434,"minecraft:cyan_shulker_box":6,"minecraft:iron_block":2935,"minecraft:light_weighted_pressure_plate":2,"minecraft:spruce_button":2,"minecraft:slime_block":232,"minecraft:brick_stairs":830,"minecraft:warped_fence":12,"minecraft:jungle_log":1,"minecraft:chicken_spawn_egg":19,"minecraft:smooth_quartz":6494,"minecraft:barrel":45,"minecraft:purple_concrete":19,"minecraft:basalt":244,"minecraft:glowstone":127,"minecraft:lime_concrete":160,"minecraft:warped_stairs":8,"minecraft:magenta_wool":9,"minecraft:gray_glazed_terracotta":1381,"minecraft:iron_trapdoor":5,"minecraft:magenta_terracotta":402,"minecraft:podzol":4,"minecraft:acacia_wood":1272,"minecraft:acacia_planks":28,"minecraft:observer":4,"minecraft:orange_terracotta":583,"minecraft:dead_bubble_coral_fan":1,"minecraft:crimson_stem":15,"minecraft:water_bucket":1016,"minecraft:yellow_banner":54,"minecraft:warped_stem":50,"minecraft:light_blue_shulker_box":21,"minecraft:nether_brick_wall":1043,"minecraft:tube_coral_block":9,"minecraft:light_blue_glazed_terracotta":428,"minecraft:sandstone_stairs":3872,"minecraft:birch_planks":2271,"minecraft:lime_wool":1323,"minecraft:cartography_table":1,"minecraft:red_mushroom_block":6,"minecraft:blue_concrete_powder":108,"minecraft:cauldron":33,"minecraft:fletching_table":1,"minecraft:sheep_spawn_egg":61,"minecraft:gold_ore":816,"minecraft:cracked_stone_bricks":9,"minecraft:polished_blackstone_bricks":180,"minecraft:gilded_blackstone":8,"minecraft:pink_concrete":529,"minecraft:diamond_block":199,"minecraft:orange_carpet":13,"minecraft:mossy_cobblestone":48,"minecraft:lime_terracotta":626,"minecraft:crafting_table":56,"minecraft:rail":546,"minecraft:comparator":4,"minecraft:vine":48,"minecraft:oak_slab":181,"minecraft:tnt":449,"minecraft:cyan_glazed_terracotta":99,"minecraft:crimson_trapdoor":43,"minecraft:birch_sign":312,"minecraft:white_bed":4,"minecraft:campfire":46,"minecraft:dark_oak_fence_gate":2,"minecraft:lime_shulker_box":4,"minecraft:cake":6,"minecraft:spruce_log":29,"minecraft:mushroom_stem":145,"minecraft:oak_log":18,"minecraft:blue_stained_glass_pane":14,"minecraft:dark_prismarine":74,"minecraft:ender_eye":2,"minecraft:warped_trapdoor":48,"minecraft:acacia_sign":35,"minecraft:stripped_jungle_log":6,"minecraft:oak_button":24,"minecraft:pig_spawn_egg":4,"minecraft:cyan_concrete":1638,"minecraft:spruce_trapdoor":1,"minecraft:crimson_nylium":13,"minecraft:chiseled_stone_bricks":101,"minecraft:blue_carpet":10,"minecraft:green_carpet":25,"minecraft:pink_bed":2,"minecraft:cobblestone":523,"minecraft:potion":13,"minecraft:orange_banner":12,"minecraft:purple_bed":1,"minecraft:crimson_stairs":98,"minecraft:acacia_pressure_plate":14,"minecraft:glass_pane":637,"minecraft:end_portal_frame":11,"minecraft:stripped_oak_log":41,"minecraft:husk_spawn_egg":15,"minecraft:brown_mushroom_block":3777,"minecraft:jukebox":82,"minecraft:light_blue_banner":89,"minecraft:light_blue_stained_glass_pane":2,"minecraft:blue_terracotta":10404,"minecraft:red_sand":141,"minecraft:iron_shovel":410,"minecraft:light_gray_stained_glass_pane":14,"minecraft:melon":38,"minecraft:dead_tube_coral_fan":1,"minecraft:bone_block":546,"minecraft:oak_sign":24,"minecraft:white_concrete_powder":35,"minecraft:white_terracotta":11188,"minecraft:creeper_head":31,"minecraft:stripped_jungle_wood":1702,"minecraft:bell":2,"minecraft:grass":3,"minecraft:player_head":40,"minecraft:stripped_crimson_stem":56,"minecraft:green_terracotta":1299,"minecraft:soul_campfire":6,"minecraft:spruce_leaves":19,"minecraft:birch_pressure_plate":11,"minecraft:orange_glazed_terracotta":119,"minecraft:jungle_planks":291,"minecraft:nether_bricks":516,"minecraft:pink_terracotta":426,"minecraft:beehive":12,"minecraft:cyan_wool":549,"minecraft:obsidian":1421,"minecraft:red_sandstone_stairs":18,"minecraft:glass":2391,"minecraft:cyan_terracotta":907,"minecraft:bricks":2705,"minecraft:coal_ore":737,"minecraft:quartz_slab":2,"minecraft:spruce_wood":107,"minecraft:lantern":58,"minecraft:blue_orchid":2,"minecraft:green_wool":3049,"minecraft:warped_nylium":2,"minecraft:dark_oak_wood":18,"minecraft:gray_concrete_powder":7,"minecraft:stone_bricks":82,"minecraft:item_frame":60,"minecraft:bedrock":1822,"minecraft:birch_button":5,"minecraft:birch_trapdoor":27,"minecraft:red_carpet":71,"minecraft:repeater":57,"minecraft:redstone_lamp":60,"minecraft:honeycomb_block":68,"minecraft:magma_block":12,"minecraft:brown_carpet":17,"minecraft:hay_block":99,"minecraft:written_book":64,"minecraft:blue_shulker_box":14,"minecraft:gold_block":674,"minecraft:skeleton_skull":16,"minecraft:pink_concrete_powder":65,"minecraft:stripped_spruce_wood":64,"minecraft:dark_oak_stairs":3,"minecraft:end_rod":311,"minecraft:dropper":22,"minecraft:wither_skeleton_skull":29,"minecraft:witch_spawn_egg":1,"minecraft:dark_oak_sign":6,"minecraft:prismarine_stairs":1,"minecraft:jungle_fence":79,"minecraft:oak_planks":1599,"minecraft:birch_wood":1421,"minecraft:polished_diorite_slab":40,"minecraft:sandstone":36,"minecraft:redstone_block":135,"minecraft:blue_bed":2,"minecraft:diamond_axe":29,"minecraft:white_wool":5045,"minecraft:light_blue_concrete":453,"minecraft:yellow_terracotta":855,"minecraft:infested_chiseled_stone_bricks":9,"minecraft:loom":16,"minecraft:light_blue_wool":1931,"minecraft:black_banner":56,"minecraft:light_gray_terracotta":802,"minecraft:yellow_concrete":205,"minecraft:crossbow":415,"minecraft:dead_bubble_coral":21,"minecraft:sponge":635,"minecraft:blackstone_wall":4,"minecraft:note_block":23,"minecraft:lingering_potion":33,"minecraft:stone_brick_wall":325,"minecraft:end_stone":1499,"minecraft:redstone_torch":242,"minecraft:sticky_piston":55,"minecraft:black_terracotta":465,"minecraft:dead_fire_coral_fan":2,"minecraft:blue_glazed_terracotta":1720,"minecraft:lever":53,"minecraft:green_concrete":20,"minecraft:black_concrete":3332,"minecraft:firework_rocket":137,"minecraft:daylight_detector":4,"minecraft:birch_fence_gate":26,"minecraft:gray_shulker_box":2,"minecraft:dark_oak_log":8,"minecraft:light_gray_concrete":183,"minecraft:lime_carpet":225,"minecraft:heavy_weighted_pressure_plate":2,"minecraft:string":335,"minecraft:brown_wool":169,"minecraft:warped_slab":7,"minecraft:iron_door":5,"minecraft:prismarine_wall":11,"minecraft:gravel":217,"minecraft:blackstone_slab":21,"minecraft:evoker_spawn_egg":1,"minecraft:granite_slab":126,"minecraft:dead_horn_coral":11,"minecraft:jungle_sign":6,"minecraft:light_blue_concrete_powder":2,"minecraft:dead_horn_coral_fan":2,"minecraft:stripped_oak_wood":107,"minecraft:grindstone":6,"minecraft:crimson_door":4,"minecraft:andesite":333,"minecraft:chain":63,"minecraft:mossy_cobblestone_wall":30,"minecraft:smooth_stone_slab":780,"minecraft:white_concrete":6128,"minecraft:tropical_fish_bucket":2,"minecraft:coarse_dirt":22,"minecraft:bone_meal":5,"minecraft:cobweb":10,"minecraft:oak_fence":554,"minecraft:netherite_sword":14,"minecraft:purpur_block":2,"minecraft:petrified_oak_slab":1,"minecraft:trident":330,"minecraft:orange_concrete_powder":176,"minecraft:jungle_leaves":472,"minecraft:rose_bush":3,"minecraft:crimson_fence":23,"minecraft:flint_and_steel":6,"minecraft:redstone_ore":944,"minecraft:redstone":722,"minecraft:light_blue_terracotta":9273,"minecraft:spruce_planks":93,"minecraft:ender_chest":48,"minecraft:brown_shulker_box":3,"minecraft:stripped_birch_wood":234,"minecraft:dried_kelp_block":233,"minecraft:oak_door":1,"minecraft:end_stone_brick_wall":87,"minecraft:dirt":311,"minecraft:red_nether_brick_slab":3,"minecraft:white_carpet":143,"minecraft:hopper":29,"minecraft:prismarine_bricks":102,"minecraft:spruce_stairs":6,"minecraft:cobblestone_wall":95,"minecraft:warped_door":2,"minecraft:shulker_box":39,"minecraft:oak_wood":155,"minecraft:pink_carpet":13,"minecraft:warped_pressure_plate":1,"minecraft:spruce_fence":112,"minecraft:granite":5242,"minecraft:light_blue_stained_glass":908,"minecraft:andesite_wall":2,"minecraft:birch_door":14,"minecraft:purple_stained_glass_pane":4,"minecraft:dark_oak_planks":17,"minecraft:ravager_spawn_egg":1,"minecraft:brown_terracotta":145,"minecraft:bookshelf":21,"minecraft:oak_stairs":76,"minecraft:smooth_sandstone":2516,"minecraft:acacia_slab":3,"minecraft:crimson_slab":78,"minecraft:polished_blackstone_brick_stairs":4,"minecraft:crimson_planks":76,"minecraft:magma_cube_spawn_egg":1,"minecraft:yellow_concrete_powder":36,"minecraft:light_gray_wool":1807,"minecraft:black_stained_glass":225,"minecraft:emerald_block":183,"minecraft:dark_oak_pressure_plate":2,"minecraft:wolf_spawn_egg":2,"minecraft:lime_stained_glass":2,"minecraft:minecart":41,"minecraft:cyan_banner":11,"minecraft:granite_wall":7,"minecraft:stone_pressure_plate":27,"minecraft:cooked_beef":3,"minecraft:mossy_stone_brick_wall":16,"minecraft:pumpkin":140,"minecraft:light_gray_bed":4,"minecraft:iron_ore":485,"minecraft:cobblestone_stairs":35,"minecraft:pink_glazed_terracotta":134,"minecraft:snow_block":9508,"minecraft:polished_andesite":23,"minecraft:red_nether_bricks":14,"minecraft:blue_wool":2297,"minecraft:pink_banner":8,"minecraft:birch_boat":2,"minecraft:purple_glazed_terracotta":78,"minecraft:black_shulker_box":105,"minecraft:cut_sandstone":98,"minecraft:red_glazed_terracotta":119,"minecraft:green_bed":2,"minecraft:beacon":3,"minecraft:stonecutter":1,"minecraft:cobblestone_slab":7,"minecraft:vindicator_spawn_egg":3,"minecraft:jungle_wood":111,"minecraft:terracotta":154,"minecraft:stripped_dark_oak_log":1,"minecraft:brown_banner":24,"minecraft:yellow_stained_glass_pane":6,"minecraft:light_gray_concrete_powder":3,"minecraft:brown_glazed_terracotta":282,"minecraft:infested_stone_bricks":8,"minecraft:smooth_red_sandstone_stairs":44,"minecraft:smoker":1,"minecraft:warped_planks":3,"minecraft:dark_oak_door":8,"minecraft:gray_terracotta":1387,"minecraft:piston":13,"minecraft:flower_pot":4,"minecraft:black_wool":1744,"minecraft:dead_fire_coral":3,"minecraft:lapis_ore":845,"minecraft:detector_rail":89,"minecraft:magenta_concrete":99,"minecraft:jungle_stairs":28,"minecraft:yellow_wool":317,"minecraft:magenta_banner":11,"minecraft:fishing_rod":374,"minecraft:green_shulker_box":2,"minecraft:crimson_fungus":35,"minecraft:white_banner":262,"minecraft:bucket":349,"minecraft:jungle_door":3,"minecraft:pink_shulker_box":1,"minecraft:red_banner":311,"minecraft:lapis_block":2542,"minecraft:grass_path":1,"minecraft:magenta_glazed_terracotta":59,"minecraft:purple_carpet":1,"minecraft:gray_wool":3233,"minecraft:birch_stairs":9,"minecraft:smooth_stone":250,"minecraft:splash_potion":151,"minecraft:pillager_spawn_egg":42,"minecraft:soul_torch":13},"minecraft:mined":{"minecraft:white_bed":5,"minecraft:light_gray_bed":4},"minecraft:killed":{"minecraft:chicken":2,"minecraft:cat":1,"minecraft:magma_cube":1,"minecraft:pillager":22,"minecraft:zombie":3,"minecraft:cow":6,"minecraft:evoker":1,"minecraft:vindicator":1,"minecraft:snow_golem":2,"minecraft:husk":71,"minecraft:ravager":2,"minecraft:enderman":11,"minecraft:wolf":12,"minecraft:pig":3,"minecraft:creeper":3,"minecraft:sheep":61,"minecraft:wither_skeleton":1,"minecraft:villager":1},"minecraft:crafted":{"minecraft:leather_leggings":9,"minecraft:terracotta":1,"minecraft:firework_star":1031,"minecraft:leather_helmet":3,"minecraft:warped_fungus_on_a_stick":1,"minecraft:leather_chestplate":20,"minecraft:light_blue_shulker_box":1,"minecraft:leather_boots":4,"minecraft:blue_dye":1,"minecraft:firework_rocket":2115},"minecraft:picked_up":{"minecraft:birch_door":4,"minecraft:creeper_head":2,"minecraft:anvil":2,"minecraft:lead":2,"minecraft:diamond_sword":1,"minecraft:birch_button":4,"minecraft:enchanted_book":2,"minecraft:string":20,"minecraft:orange_glazed_terracotta":6,"minecraft:blue_stained_glass_pane":1,"minecraft:black_glazed_terracotta":4,"minecraft:horn_coral_block":5,"minecraft:acacia_sign":17,"minecraft:written_book":7,"minecraft:dark_oak_door":2,"minecraft:diamond_ore":1,"minecraft:white_glazed_terracotta":3,"minecraft:beehive":1,"minecraft:composter":1,"minecraft:farmland":1,"minecraft:honeycomb_block":7,"minecraft:end_crystal":131,"minecraft:brown_carpet":2,"minecraft:yellow_banner":1,"minecraft:lime_carpet":7,"minecraft:honey_bottle":1,"minecraft:light_blue_wool":4,"minecraft:blue_glazed_terracotta":1,"minecraft:blue_dye":64,"minecraft:cyan_terracotta":2,"minecraft:glowstone":1,"minecraft:end_rod":1,"minecraft:white_terracotta":1,"minecraft:netherite_chestplate":1,"minecraft:snowball":42,"minecraft:feather":10,"minecraft:cooked_beef":2,"minecraft:water_bucket":28,"minecraft:brown_wool":1,"minecraft:gray_concrete":1,"minecraft:lantern":7,"minecraft:gray_terracotta":1,"minecraft:dark_oak_sign":4,"minecraft:gray_glazed_terracotta":3,"minecraft:crimson_door":1,"minecraft:loom":1,"minecraft:red_terracotta":1,"minecraft:lever":20,"minecraft:writable_book":4,"minecraft:granite":1,"minecraft:golden_horse_armor":1,"minecraft:blue_banner":9,"minecraft:light_gray_carpet":39,"minecraft:magenta_glazed_terracotta":7,"minecraft:purple_wool":1,"minecraft:redstone_lamp":1,"minecraft:leather_leggings":1,"minecraft:acacia_button":20,"minecraft:white_carpet":5,"minecraft:cyan_wool":3,"minecraft:minecart":4,"minecraft:chest":7,"minecraft:egg":10,"minecraft:lime_shulker_box":2,"minecraft:black_stained_glass":1,"minecraft:sandstone":1,"minecraft:stone":1,"minecraft:cyan_glazed_terracotta":6,"minecraft:fire_charge":73,"minecraft:white_dye":1,"minecraft:carrot":1,"minecraft:redstone":207,"minecraft:cyan_shulker_box":1,"minecraft:blue_carpet":32,"minecraft:tnt":132,"minecraft:diamond_chestplate":1,"minecraft:diamond_boots":1,"minecraft:sandstone_stairs":8,"minecraft:yellow_terracotta":1,"minecraft:tube_coral_block":9,"minecraft:totem_of_undying":1,"minecraft:white_shulker_box":27,"minecraft:mutton":65,"minecraft:rail":1,"minecraft:white_wool":54,"minecraft:oxeye_daisy":1,"minecraft:lapis_ore":1,"minecraft:tripwire_hook":1,"minecraft:filled_map":13,"minecraft:white_banner":16,"minecraft:birch_pressure_plate":2,"minecraft:light_blue_banner":11,"minecraft:light_gray_glazed_terracotta":1,"minecraft:cobweb":1,"minecraft:white_stained_glass_pane":1,"minecraft:chain_command_block":1,"minecraft:green_glazed_terracotta":10,"minecraft:light_blue_glazed_terracotta":2,"minecraft:gravel":2,"minecraft:firework_rocket":1418,"minecraft:husk_spawn_egg":2,"minecraft:slime_ball":139,"minecraft:polished_diorite":88,"minecraft:purple_glazed_terracotta":1,"minecraft:painting":20,"minecraft:birch_sign":59,"minecraft:gray_wool":5,"minecraft:oak_button":9,"minecraft:ender_pearl":40,"minecraft:black_carpet":13,"minecraft:wheat":1,"minecraft:redstone_block":1,"minecraft:light_gray_shulker_box":6,"minecraft:potion":37,"minecraft:brain_coral_block":8,"minecraft:stone_brick_stairs":1,"minecraft:lapis_block":1,"minecraft:armor_stand":1,"minecraft:oak_sign":21,"minecraft:red_sand":1,"minecraft:black_shulker_box":38,"minecraft:bucket":13,"minecraft:red_dye":66,"minecraft:redstone_torch":86,"minecraft:ender_eye":9,"minecraft:smooth_quartz":2,"minecraft:furnace":4,"minecraft:blue_wool":39,"minecraft:orange_shulker_box":3,"minecraft:jungle_door":1,"minecraft:torch":1377,"minecraft:porkchop":4,"minecraft:snow_block":3,"minecraft:diorite":1,"minecraft:rotten_flesh":25,"minecraft:green_wool":2,"minecraft:chorus_flower":2,"minecraft:leather_horse_armor":106,"minecraft:music_disc_wait":1,"minecraft:obsidian":1,"minecraft:cobblestone":1,"minecraft:leather_chestplate":2,"minecraft:repeater":82,"minecraft:dirt":8,"minecraft:polished_granite":2,"minecraft:leather_boots":1,"minecraft:bone":2,"minecraft:acacia_planks":1,"minecraft:bow":4,"minecraft:wheat_seeds":12,"minecraft:pink_banner":2,"minecraft:bell":3,"minecraft:birch_wood":1,"minecraft:powered_rail":15,"minecraft:cyan_concrete":1,"minecraft:lime_glazed_terracotta":13,"minecraft:sand":14122,"minecraft:light_blue_shulker_box":20,"minecraft:melon":1,"minecraft:grass_block":7,"minecraft:lily_of_the_valley":1,"minecraft:jungle_slab":60,"minecraft:shulker_box":36,"minecraft:orange_wool":2,"minecraft:light_gray_concrete":1,"minecraft:light_gray_terracotta":1,"minecraft:sugar":257,"minecraft:clay":1,"minecraft:light_blue_terracotta":1,"minecraft:black_concrete":1,"minecraft:crossbow":15,"minecraft:white_concrete":1,"minecraft:emerald":2,"minecraft:netherrack":2,"minecraft:bubble_coral_block":15,"minecraft:lingering_potion":9,"minecraft:cocoa_beans":192,"minecraft:firework_star":9,"minecraft:splash_potion":25,"minecraft:chicken":2,"minecraft:ladder":38,"minecraft:pink_wool":3,"minecraft:gold_block":3,"minecraft:shield":1,"minecraft:quartz_slab":1,"minecraft:item_frame":133,"minecraft:magenta_wool":2,"minecraft:cyan_carpet":1,"minecraft:blue_orchid":1,"minecraft:detector_rail":8,"minecraft:blue_shulker_box":9,"minecraft:end_stone":1,"minecraft:brown_glazed_terracotta":2,"minecraft:note_block":1,"minecraft:stone_button":16,"minecraft:quartz_pillar":1,"minecraft:cookie":1,"minecraft:trident":3,"minecraft:brown_dye":64,"minecraft:stone_pressure_plate":9,"minecraft:arrow":88,"minecraft:red_shulker_box":5,"minecraft:pumpkin_pie":1,"minecraft:nether_bricks":1,"minecraft:saddle":1,"minecraft:black_banner":1,"minecraft:purple_dye":64,"minecraft:dark_oak_button":2,"minecraft:salmon":22,"minecraft:crimson_fungus":328,"minecraft:yellow_glazed_terracotta":8,"minecraft:cooked_mutton":18,"minecraft:smooth_sandstone":1,"minecraft:red_carpet":7,"minecraft:fire_coral_block":5,"minecraft:rabbit_hide":1,"minecraft:heart_of_the_sea":16,"minecraft:cooked_chicken":135,"minecraft:green_dye":64,"minecraft:scaffolding":9,"minecraft:red_banner":22,"minecraft:spruce_door":1,"minecraft:cut_red_sandstone":1,"minecraft:lime_dye":64,"minecraft:dried_kelp_block":1,"minecraft:lime_banner":2,"minecraft:pumpkin_seeds":12,"minecraft:black_wool":4,"minecraft:sunflower":68},"minecraft:custom":{"minecraft:interact_with_crafting_table":117,"minecraft:open_barrel":108,"minecraft:bell_ring":61,"minecraft:eat_cake_slice":27,"minecraft:leave_game":249,"minecraft:time_since_death":4406024,"minecraft:deaths":11,"minecraft:jump":42657,"minecraft:interact_with_furnace":6,"minecraft:interact_with_cartography_table":1,"minecraft:sleep_in_bed":1,"minecraft:damage_dealt":16683,"minecraft:interact_with_smoker":1,"minecraft:inspect_dispenser":545,"minecraft:inspect_dropper":172,"minecraft:interact_with_anvil":251,"minecraft:inspect_hopper":31,"minecraft:target_hit":300,"minecraft:sneak_time":707318,"minecraft:interact_with_lectern":246,"minecraft:interact_with_blast_furnace":17,"minecraft:tune_noteblock":105,"minecraft:time_since_rest":736772,"minecraft:swim_one_cm":104020,"minecraft:fly_one_cm":254019979,"minecraft:open_chest":702,"minecraft:fall_one_cm":28745,"minecraft:animals_bred":1,"minecraft:open_shulker_box":1233,"minecraft:sprint_one_cm":3803277,"minecraft:drop":674,"minecraft:talked_to_villager":2,"minecraft:walk_on_water_one_cm":536359,"minecraft:play_one_minute":50320372,"minecraft:interact_with_loom":63,"minecraft:open_enderchest":76,"minecraft:interact_with_beacon":6,"minecraft:crouch_one_cm":330378,"minecraft:mob_kills":246,"minecraft:fill_cauldron":2,"minecraft:climb_one_cm":179575,"minecraft:walk_one_cm":46636276,"minecraft:strider_one_cm":7429,"minecraft:walk_under_water_one_cm":586428,"minecraft:boat_one_cm":38563,"minecraft:interact_with_grindstone":2,"minecraft:damage_taken":3187,"minecraft:trigger_trapped_chest":37,"minecraft:minecart_one_cm":939299,"minecraft:aviate_one_cm":511090},"minecraft:dropped":{"minecraft:clay":1,"minecraft:cooked_beef":5,"minecraft:cyan_glazed_terracotta":6,"minecraft:crafting_table":1,"minecraft:red_sandstone":2,"minecraft:crossbow":7,"minecraft:leather_helmet":1,"minecraft:item_frame":15,"minecraft:gold_block":3,"minecraft:red_shulker_box":5,"minecraft:melon":2,"minecraft:dirt":1,"minecraft:gray_concrete":1,"minecraft:birch_fence":1,"minecraft:stone_button":7,"minecraft:husk_spawn_egg":2,"minecraft:writable_book":8,"minecraft:bubble_coral_block":13,"minecraft:sunflower":31,"minecraft:sugar":129,"minecraft:fishing_rod":1,"minecraft:white_wool":15,"minecraft:end_crystal":3,"minecraft:diamond_block":1,"minecraft:lever":1,"minecraft:blue_wool":2,"minecraft:obsidian":3,"minecraft:rotten_flesh":6,"minecraft:grindstone":1,"minecraft:birch_wood":1,"minecraft:end_stone":2,"minecraft:light_gray_carpet":42,"minecraft:blue_stained_glass":1,"minecraft:firework_star":1,"minecraft:tipped_arrow":156,"minecraft:brick_stairs":1,"minecraft:honey_block":1,"minecraft:leather_boots":2,"minecraft:leather_leggings":1,"minecraft:white_dye":1,"minecraft:lectern":1,"minecraft:enchanted_book":1,"minecraft:blue_stained_glass_pane":1,"minecraft:orange_shulker_box":3,"minecraft:tnt":42,"minecraft:horn_coral_block":1,"minecraft:netherite_chestplate":1,"minecraft:yellow_terracotta":2,"minecraft:cobblestone":1,"minecraft:granite":1,"minecraft:coal_block":1,"minecraft:lime_banner":2,"minecraft:acacia_sign":1,"minecraft:jungle_slab":3,"minecraft:yellow_glazed_terracotta":3,"minecraft:lapis_ore":3,"minecraft:potion":6,"minecraft:green_glazed_terracotta":6,"minecraft:white_banner":3,"minecraft:magenta_glazed_terracotta":1,"minecraft:heart_of_the_sea":2,"minecraft:red_dye":2,"minecraft:iron_shovel":1,"minecraft:string":2,"minecraft:snow_block":3,"minecraft:brick_wall":1,"minecraft:player_head":1,"minecraft:cocoa_beans":192,"minecraft:smooth_stone_slab":1,"minecraft:red_banner":1,"minecraft:red_sandstone_slab":1,"minecraft:end_stone_brick_wall":1,"minecraft:white_terracotta":2,"minecraft:white_shulker_box":16,"minecraft:light_blue_concrete":1,"minecraft:diamond_ore":1,"minecraft:nether_bricks":2,"minecraft:diamond_sword":1,"minecraft:brain_coral_block":6,"minecraft:lime_glazed_terracotta":6,"minecraft:blue_banner":1,"minecraft:fire_coral_block":4,"minecraft:redstone_torch":6,"minecraft:stone_bricks":1,"minecraft:bow":4,"minecraft:black_wool":3,"minecraft:terracotta":1,"minecraft:gold_ore":1,"minecraft:blue_shulker_box":2,"minecraft:ender_pearl":17,"minecraft:lime_shulker_box":2,"minecraft:tube_coral_block":5,"minecraft:lantern":2,"minecraft:bedrock":1,"minecraft:orange_glazed_terracotta":3,"minecraft:cyan_terracotta":1,"minecraft:packed_ice":1,"minecraft:mutton":1,"minecraft:snowball":33,"minecraft:black_shulker_box":29,"minecraft:black_concrete":1,"minecraft:black_stained_glass":2,"minecraft:armor_stand":2,"minecraft:honeycomb_block":5,"minecraft:gravel":1,"minecraft:crimson_fungus":324,"minecraft:stripped_jungle_wood":1,"minecraft:yellow_wool":1,"minecraft:cyan_shulker_box":1,"minecraft:chiseled_stone_bricks":1,"minecraft:leather_chestplate":2,"minecraft:trident":3,"minecraft:petrified_oak_slab":1,"minecraft:skeleton_skull":1,"minecraft:horn_coral_fan":1,"minecraft:lingering_potion":5,"minecraft:chest":2,"minecraft:iron_bars":1,"minecraft:arrow":64,"minecraft:cyan_concrete":2,"minecraft:powered_rail":6,"minecraft:scaffolding":9,"minecraft:written_book":1,"minecraft:splash_potion":11,"minecraft:polished_granite":1,"minecraft:firework_rocket":420,"minecraft:vine":1,"minecraft:minecart":4,"minecraft:lead":1,"minecraft:grass_block":7,"minecraft:blue_dye":2,"minecraft:torch":24,"minecraft:repeater":64,"minecraft:light_blue_wool":1,"minecraft:smooth_quartz":3,"minecraft:white_concrete":1,"minecraft:light_gray_shulker_box":1,"minecraft:zombie_head":1,"minecraft:jungle_door":1,"minecraft:fire_charge":64,"minecraft:pink_banner":1,"minecraft:blue_glazed_terracotta":1,"minecraft:bucket":4,"minecraft:lapis_block":2,"minecraft:redstone_block":2,"minecraft:redstone":33,"minecraft:blue_terracotta":2,"minecraft:anvil":4,"minecraft:dragon_head":3,"minecraft:ender_chest":2,"minecraft:light_gray_terracotta":1,"minecraft:gray_glazed_terracotta":1,"minecraft:composter":1,"minecraft:light_gray_wool":3,"minecraft:ender_eye":65,"minecraft:shulker_box":19,"minecraft:acacia_leaves":1,"minecraft:red_terracotta":4,"minecraft:flint_and_steel":1,"minecraft:filled_map":7,"minecraft:gray_terracotta":2,"minecraft:shield":5,"minecraft:diamond_chestplate":2,"minecraft:cake":1,"minecraft:quartz_stairs":2,"minecraft:pink_wool":3,"minecraft:birch_sign":9,"minecraft:diamond_boots":1,"minecraft:slime_ball":63,"minecraft:light_blue_terracotta":2,"minecraft:white_stained_glass":1,"minecraft:light_blue_shulker_box":7}},"DataVersion":2567}