{"stats":{"minecraft:used":{"minecraft:blue_terracotta":220,"minecraft:writable_book":23,"minecraft:acacia_log":14,"minecraft:redstone_ore":8,"minecraft:armor_stand":3,"minecraft:red_sandstone_slab":46,"minecraft:bone_block":455,"minecraft:oak_sign":29,"minecraft:light_blue_terracotta":31,"minecraft:white_terracotta":2,"minecraft:stone":1,"minecraft:warped_sign":6,"minecraft:quartz_stairs":7,"minecraft:grass":14,"minecraft:player_head":4,"minecraft:spruce_leaves":350,"minecraft:green_glazed_terracotta":38,"minecraft:soul_sand":5,"minecraft:hopper":2,"minecraft:blue_stained_glass":23,"minecraft:nether_quartz_ore":1,"minecraft:orange_glazed_terracotta":18,"minecraft:spruce_stairs":10,"minecraft:carrot":10,"minecraft:light_gray_glazed_terracotta":586,"minecraft:granite":726,"minecraft:cyan_wool":12,"minecraft:dark_oak_planks":2,"minecraft:sea_lantern":5,"minecraft:cyan_terracotta":2,"minecraft:bricks":10,"minecraft:coal_ore":3,"minecraft:bookshelf":1,"minecraft:quartz_pillar":22,"minecraft:red_wool":11,"minecraft:iron_block":123,"minecraft:grass_block":13,"minecraft:blue_orchid":946,"minecraft:smooth_sandstone":6,"minecraft:quartz_block":1,"minecraft:smooth_quartz":463,"minecraft:pink_wool":2,"minecraft:barrel":7,"minecraft:stone_bricks":1,"minecraft:bedrock":5,"minecraft:light_gray_wool":41,"minecraft:birch_trapdoor":40,"minecraft:purple_concrete":47,"minecraft:glowstone":2,"minecraft:written_book":2,"minecraft:emerald_block":204,"minecraft:gray_glazed_terracotta":80,"minecraft:yellow_glazed_terracotta":5,"minecraft:lime_glazed_terracotta":69,"minecraft:emerald_ore":150,"minecraft:mossy_stone_bricks":2,"minecraft:diorite":3,"minecraft:end_rod":1,"minecraft:end_stone_bricks":380,"minecraft:iron_ore":3,"minecraft:light_blue_glazed_terracotta":3,"minecraft:pink_glazed_terracotta":15,"minecraft:sandstone_stairs":21,"minecraft:warped_fungus_on_a_stick":1,"minecraft:snow_block":2986,"minecraft:birch_planks":103,"minecraft:dark_oak_sign":8,"minecraft:polished_andesite":146,"minecraft:lime_wool":2,"minecraft:oak_planks":10,"minecraft:blue_wool":93,"minecraft:end_stone_brick_slab":6,"minecraft:red_glazed_terracotta":1,"minecraft:sheep_spawn_egg":1,"minecraft:clay":12,"minecraft:gold_ore":26,"minecraft:white_wool":811,"minecraft:pink_concrete":14,"minecraft:mossy_cobblestone":34,"minecraft:diamond_block":120,"minecraft:sand":1,"minecraft:lime_terracotta":75,"minecraft:light_blue_concrete":22,"minecraft:oak_slab":75,"minecraft:tnt":9,"minecraft:cyan_glazed_terracotta":160,"minecraft:birch_sign":4,"minecraft:light_gray_terracotta":7,"minecraft:campfire":12,"minecraft:purple_terracotta":16,"minecraft:light_gray_concrete_powder":2,"minecraft:chiseled_quartz_block":3,"minecraft:gray_concrete":52,"minecraft:brown_glazed_terracotta":6,"minecraft:end_stone":23,"minecraft:spruce_log":46,"minecraft:black_terracotta":50,"minecraft:blue_glazed_terracotta":228,"minecraft:green_concrete":3,"minecraft:red_sandstone":443,"minecraft:black_wool":23,"minecraft:oxeye_daisy":4,"minecraft:diamond_shovel":4,"minecraft:chiseled_sandstone":2,"minecraft:acacia_door":2,"minecraft:light_gray_concrete":20,"minecraft:stone_button":2,"minecraft:lapis_ore":81,"minecraft:lectern":77,"minecraft:white_glazed_terracotta":973,"minecraft:polished_granite":7,"minecraft:diamond_ore":124,"minecraft:iron_door":1,"minecraft:gravel":1,"minecraft:yellow_wool":18,"minecraft:granite_slab":213,"minecraft:chiseled_stone_bricks":1,"minecraft:fishing_rod":24,"minecraft:potion":3,"minecraft:lapis_block":26,"minecraft:white_stained_glass":52,"minecraft:birch_log":16,"minecraft:andesite":29,"minecraft:white_concrete":41,"minecraft:coarse_dirt":2,"minecraft:gray_wool":59,"minecraft:purple_wool":23,"minecraft:smooth_stone":1,"minecraft:splash_potion":38},"minecraft:killed":{"minecraft:sheep":1},"minecraft:picked_up":{"minecraft:creeper_head":1,"minecraft:diamond_sword":1,"minecraft:potion":1,"minecraft:golden_sword":1,"minecraft:armor_stand":1,"minecraft:blue_orchid":2,"minecraft:oak_sign":3,"minecraft:written_book":1,"minecraft:lime_wool":1,"minecraft:white_glazed_terracotta":1,"minecraft:brown_glazed_terracotta":6,"minecraft:quartz_pillar":2,"minecraft:trident":1,"minecraft:honey_bottle":12,"minecraft:mutton":6,"minecraft:white_wool":3,"minecraft:oxeye_daisy":24,"minecraft:cooked_beef":1,"minecraft:red_sandstone":1,"minecraft:iron_ore":1,"minecraft:dark_oak_sign":1,"minecraft:grass_block":2,"minecraft:diamond_block":3,"minecraft:polished_andesite":1,"minecraft:diamond_shovel":2,"minecraft:writable_book":5,"minecraft:birch_sign":2},"minecraft:custom":{"minecraft:mob_kills":1,"minecraft:open_barrel":8,"minecraft:open_shulker_box":7,"minecraft:leave_game":36,"minecraft:time_since_death":3076893,"minecraft:climb_one_cm":1836,"minecraft:sprint_one_cm":769411,"minecraft:walk_one_cm":3231045,"minecraft:drop":59,"minecraft:strider_one_cm":22609,"minecraft:sneak_time":95391,"minecraft:deaths":1,"minecraft:walk_under_water_one_cm":3245,"minecraft:interact_with_lectern":32,"minecraft:jump":5391,"minecraft:walk_on_water_one_cm":1694,"minecraft:play_one_minute":5082909,"minecraft:time_since_rest":3077323,"minecraft:damage_taken":240,"minecraft:damage_dealt":80,"minecraft:minecart_one_cm":6299,"minecraft:interact_with_beacon":2,"minecraft:fly_one_cm":15323497,"minecraft:open_chest":2,"minecraft:crouch_one_cm":87016,"minecraft:fall_one_cm":484},"minecraft:dropped":{"minecraft:cooked_beef":1,"minecraft:mossy_cobblestone":1,"minecraft:red_sandstone":1,"minecraft:honeycomb":3,"minecraft:sheep_spawn_egg":1,"minecraft:quartz_pillar":2,"minecraft:grass_block":2,"minecraft:polished_andesite":1,"minecraft:iron_block":1,"minecraft:mutton":1,"minecraft:white_concrete":1,"minecraft:potion":1,"minecraft:bone_block":1,"minecraft:blue_glazed_terracotta":1,"minecraft:acacia_door":1,"minecraft:white_wool":1,"minecraft:beetroot_soup":3,"minecraft:armor_stand":1,"minecraft:blue_terracotta":1,"minecraft:creeper_head":1,"minecraft:emerald_block":1,"minecraft:diamond_block":3,"minecraft:brown_glazed_terracotta":6,"minecraft:diamond_shovel":2,"minecraft:honey_bottle":14,"minecraft:diamond_ore":2,"minecraft:lime_glazed_terracotta":1,"minecraft:andesite":1,"minecraft:rabbit_stew":1,"minecraft:end_stone_bricks":2,"minecraft:white_stained_glass":1,"minecraft:white_glazed_terracotta":1}},"DataVersion":2567}