{"stats":{"minecraft:used":{"minecraft:peony":10,"minecraft:writable_book":107,"minecraft:light_gray_stained_glass_pane":6,"minecraft:iron_shovel":21,"minecraft:smooth_quartz_slab":36,"minecraft:dispenser":13,"minecraft:ladder":31,"minecraft:diamond_hoe":8,"minecraft:poppy":36,"minecraft:oak_sign":42,"minecraft:white_concrete_powder":5,"minecraft:green_banner":6,"minecraft:chest":71,"minecraft:white_shulker_box":17,"minecraft:bell":4,"minecraft:quartz_stairs":564,"minecraft:player_head":5,"minecraft:soul_sand":19,"minecraft:birch_pressure_plate":6,"minecraft:lily_of_the_valley":46,"minecraft:blue_stained_glass":634,"minecraft:furnace_minecart":1,"minecraft:brick_slab":131,"minecraft:jungle_planks":132,"minecraft:nether_bricks":1,"minecraft:orange_wool":7,"minecraft:allium":1,"minecraft:milk_bucket":2,"minecraft:obsidian":57,"minecraft:glass":1763,"minecraft:cyan_terracotta":451,"minecraft:lava_bucket":9,"minecraft:stripped_dark_oak_wood":5,"minecraft:bricks":228,"minecraft:quartz_pillar":116,"minecraft:quartz_slab":566,"minecraft:red_wool":9,"minecraft:black_stained_glass_pane":306,"minecraft:lantern":12,"minecraft:grass_block":7240,"minecraft:blue_orchid":2,"minecraft:quartz_block":19,"minecraft:birch_sapling":67,"minecraft:green_wool":14,"minecraft:tropical_fish_spawn_egg":3,"minecraft:hopper_minecart":3,"minecraft:pink_wool":104,"minecraft:stone_brick_stairs":859,"minecraft:stone_bricks":5672,"minecraft:blue_banner":6,"minecraft:item_frame":302,"minecraft:bedrock":12,"minecraft:repeater":344,"minecraft:red_stained_glass_pane":8,"minecraft:birch_button":21,"minecraft:birch_trapdoor":53,"minecraft:infested_mossy_stone_bricks":1969,"minecraft:snow":57,"minecraft:red_carpet":22,"minecraft:redstone_lamp":107,"minecraft:magma_block":2,"minecraft:brown_carpet":1,"minecraft:hay_block":20,"minecraft:written_book":81,"minecraft:scaffolding":6,"minecraft:blue_shulker_box":6,"minecraft:furnace":5,"minecraft:oak_sapling":1,"minecraft:gold_block":1,"minecraft:skeleton_skull":6,"minecraft:dragon_head":14,"minecraft:dark_prismarine_stairs":17,"minecraft:end_rod":302,"minecraft:gray_carpet":22,"minecraft:dropper":39,"minecraft:wither_skeleton_skull":1,"minecraft:powered_rail":239,"minecraft:stripped_birch_log":110,"minecraft:birch_leaves":15,"minecraft:red_stained_glass":941,"minecraft:acacia_trapdoor":10,"minecraft:dark_oak_sign":23,"minecraft:oak_planks":179,"minecraft:lily_pad":1,"minecraft:orange_tulip":1,"minecraft:sandstone":1,"minecraft:redstone_block":141,"minecraft:black_glazed_terracotta":1,"minecraft:composter":1,"minecraft:diamond_axe":58,"minecraft:smooth_quartz_stairs":966,"minecraft:oak_leaves":164,"minecraft:white_wool":249,"minecraft:dark_oak_trapdoor":29,"minecraft:infested_chiseled_stone_bricks":1,"minecraft:loom":9,"minecraft:blast_furnace":18,"minecraft:light_blue_wool":118,"minecraft:black_banner":23,"minecraft:yellow_concrete":16,"minecraft:crossbow":1,"minecraft:chiseled_quartz_block":19,"minecraft:stone_brick_wall":3,"minecraft:note_block":20,"minecraft:gray_concrete":12136,"minecraft:end_stone":31,"minecraft:birch_fence":9,"minecraft:redstone_torch":471,"minecraft:sticky_piston":359,"minecraft:lever":124,"minecraft:black_concrete":520,"minecraft:firework_rocket":13,"minecraft:chiseled_sandstone":3,"minecraft:daylight_detector":3,"minecraft:birch_fence_gate":7,"minecraft:acacia_door":3,"minecraft:birch_slab":295,"minecraft:gray_stained_glass_pane":19,"minecraft:lime_carpet":15,"minecraft:light_gray_concrete":383,"minecraft:heavy_weighted_pressure_plate":20,"minecraft:barrier":1,"minecraft:brown_stained_glass":389,"minecraft:string":62,"minecraft:brown_wool":39,"minecraft:stone_button":109,"minecraft:lectern":14,"minecraft:polished_granite":8,"minecraft:oak_pressure_plate":19,"minecraft:iron_door":48,"minecraft:gravel":210,"minecraft:lilac":66,"minecraft:polished_andesite_slab":37,"minecraft:jungle_sign":5,"minecraft:diamond_sword":42,"minecraft:grindstone":31,"minecraft:white_stained_glass":2847,"minecraft:birch_log":1,"minecraft:pink_stained_glass":21,"minecraft:oak_boat":1,"minecraft:smooth_stone_slab":3455,"minecraft:chest_minecart":22,"minecraft:white_concrete":21707,"minecraft:tropical_fish_bucket":11,"minecraft:bone_meal":249,"minecraft:purple_wool":103,"minecraft:cobweb":14,"minecraft:oak_fence":27,"minecraft:oak_trapdoor":5,"minecraft:netherite_sword":10,"minecraft:iron_bars":332,"minecraft:trident":87,"minecraft:rose_bush":23,"minecraft:enchanting_table":21,"minecraft:dead_tube_coral_block":1,"minecraft:flint_and_steel":45,"minecraft:red_concrete":52,"minecraft:armor_stand":259,"minecraft:redstone":1015,"minecraft:light_gray_carpet":6,"minecraft:ender_chest":1,"minecraft:brown_shulker_box":2,"minecraft:netherrack":54,"minecraft:torch":1454,"minecraft:orange_stained_glass":451,"minecraft:light_gray_shulker_box":9,"minecraft:brewing_stand":1,"minecraft:dirt":239,"minecraft:anvil":21,"minecraft:white_carpet":1122,"minecraft:hopper":134,"minecraft:nether_quartz_ore":47,"minecraft:yellow_carpet":26,"minecraft:bee_nest":2,"minecraft:jungle_trapdoor":153,"minecraft:dead_brain_coral_block":823,"minecraft:spruce_fence":11,"minecraft:granite":621,"minecraft:light_blue_stained_glass":742,"minecraft:blue_concrete":335,"minecraft:nether_brick_stairs":2,"minecraft:oak_fence_gate":1,"minecraft:polished_diorite":12,"minecraft:purple_banner":11,"minecraft:birch_door":9,"minecraft:stone_brick_slab":1373,"minecraft:ravager_spawn_egg":1,"minecraft:dark_oak_planks":1,"minecraft:sea_lantern":1501,"minecraft:bookshelf":34,"minecraft:yellow_stained_glass":6,"minecraft:iron_block":23,"minecraft:light_weighted_pressure_plate":2,"minecraft:oak_stairs":28,"minecraft:brick_stairs":1919,"minecraft:spruce_button":1,"minecraft:slime_block":52,"minecraft:smooth_quartz":1360,"minecraft:pink_stained_glass_pane":7,"minecraft:tripwire_hook":13,"minecraft:black_stained_glass":785,"minecraft:magenta_wool":22,"minecraft:iron_trapdoor":143,"minecraft:lime_stained_glass":1219,"minecraft:white_stained_glass_pane":78,"minecraft:podzol":3,"minecraft:minecart":103,"minecraft:infested_cobblestone":43,"minecraft:trapped_chest":12,"minecraft:stone_pressure_plate":16,"minecraft:dead_bubble_coral_block":1,"minecraft:acacia_planks":22,"minecraft:observer":86,"minecraft:cooked_mutton":1,"minecraft:water_bucket":1791,"minecraft:light_blue_shulker_box":1,"minecraft:tube_coral_block":15,"minecraft:cobblestone_stairs":1,"minecraft:sandstone_stairs":1142,"minecraft:pink_glazed_terracotta":9,"minecraft:snow_block":815,"minecraft:birch_planks":2488,"minecraft:polished_andesite":1020,"minecraft:lime_wool":4,"minecraft:blue_wool":1140,"minecraft:birch_boat":1,"minecraft:black_shulker_box":2,"minecraft:red_mushroom_block":19,"minecraft:cauldron":2,"minecraft:stonecutter":2,"minecraft:sheep_spawn_egg":54,"minecraft:horse_spawn_egg":1,"minecraft:conduit":5,"minecraft:pink_concrete":16,"minecraft:rail":1405,"minecraft:terracotta":18,"minecraft:comparator":47,"minecraft:oak_slab":1573,"minecraft:tnt":8,"minecraft:crafting_table":9,"minecraft:birch_sign":166,"minecraft:yellow_stained_glass_pane":19,"minecraft:campfire":31,"minecraft:lime_shulker_box":3,"minecraft:painting":164,"minecraft:magenta_carpet":1,"minecraft:cake":29,"minecraft:smoker":3,"minecraft:dark_oak_door":126,"minecraft:oak_log":49,"minecraft:purple_stained_glass":46,"minecraft:blue_stained_glass_pane":19,"minecraft:piston":211,"minecraft:dark_prismarine":28,"minecraft:flower_pot":57,"minecraft:black_wool":172,"minecraft:cornflower":38,"minecraft:acacia_stairs":3,"minecraft:activator_rail":1,"minecraft:oxeye_daisy":2,"minecraft:diamond_shovel":54,"minecraft:acacia_sign":66,"minecraft:oak_button":25,"minecraft:map":74,"minecraft:spruce_pressure_plate":1,"minecraft:detector_rail":466,"minecraft:jungle_stairs":83,"minecraft:spruce_trapdoor":7,"minecraft:yellow_wool":7,"minecraft:blue_carpet":565,"minecraft:green_carpet":6,"minecraft:chiseled_stone_bricks":2,"minecraft:brown_stained_glass_pane":15,"minecraft:green_shulker_box":9,"minecraft:cobblestone":57,"minecraft:white_banner":276,"minecraft:bucket":124,"minecraft:jungle_door":5,"minecraft:red_banner":6,"minecraft:glass_pane":222,"minecraft:grass_path":5,"minecraft:dandelion":15,"minecraft:kelp":6,"minecraft:purple_carpet":3,"minecraft:smooth_stone":343,"minecraft:brown_mushroom_block":8,"minecraft:jukebox":2,"minecraft:splash_potion":7,"minecraft:birch_stairs":116,"minecraft:green_stained_glass":42},"minecraft:mined":{"minecraft:dark_oak_planks":1,"minecraft:grass":1,"minecraft:tall_grass":3},"minecraft:killed":{"minecraft:chicken":1,"minecraft:salmon":2,"minecraft:sheep":77,"minecraft:ravager":1},"minecraft:crafted":{"minecraft:cauldron":1,"minecraft:creeper_banner_pattern":10,"minecraft:leather_chestplate":7,"minecraft:leather_leggings":1,"minecraft:leather_boots":2,"minecraft:filled_map":2,"minecraft:skull_banner_pattern":1,"minecraft:leather_helmet":2},"minecraft:picked_up":{"minecraft:wheat":129,"minecraft:redstone_block":2,"minecraft:creeper_head":108,"minecraft:yellow_wool":98,"minecraft:lead":1,"minecraft:diamond_sword":1,"minecraft:potion":2,"minecraft:birch_button":9,"minecraft:blue_concrete":1,"minecraft:string":1,"minecraft:smooth_stone_slab":2,"minecraft:oak_sign":11,"minecraft:smooth_stone":1,"minecraft:comparator":1,"minecraft:acacia_sign":16,"minecraft:red_dye":128,"minecraft:redstone_torch":129,"minecraft:written_book":17,"minecraft:flower_banner_pattern":1,"minecraft:blue_wool":99,"minecraft:dark_oak_door":8,"minecraft:tipped_arrow":66,"minecraft:stick":1,"minecraft:torch":67,"minecraft:snow_block":1,"minecraft:brown_carpet":2,"minecraft:blue_stained_glass":1,"minecraft:black_dye":230,"minecraft:rotten_flesh":4,"minecraft:light_blue_wool":134,"minecraft:tropical_fish":3,"minecraft:blue_dye":62,"minecraft:green_wool":67,"minecraft:iron_bars":2,"minecraft:leather_chestplate":3,"minecraft:feather":61,"minecraft:cooked_beef":4,"minecraft:repeater":53,"minecraft:iron_door":9,"minecraft:water_bucket":1,"minecraft:brown_wool":66,"minecraft:chiseled_quartz_block":1,"minecraft:magenta_dye":1,"minecraft:light_gray_dye":1,"minecraft:gray_concrete":3,"minecraft:lapis_lazuli":65,"minecraft:lantern":3,"minecraft:leather_boots":1,"minecraft:bow":1,"minecraft:orange_tulip":3,"minecraft:wheat_seeds":2,"minecraft:grindstone":1,"minecraft:dark_oak_sign":17,"minecraft:diamond_helmet":1,"minecraft:powered_rail":22,"minecraft:black_stained_glass_pane":1,"minecraft:dead_bush":20,"minecraft:lily_of_the_valley":26,"minecraft:jungle_slab":1,"minecraft:spectral_arrow":64,"minecraft:orange_wool":65,"minecraft:dispenser":1,"minecraft:yellow_carpet":2,"minecraft:lever":48,"minecraft:writable_book":9,"minecraft:crossbow":1,"minecraft:white_concrete":3,"minecraft:spruce_button":1,"minecraft:blue_banner":1,"minecraft:allium":8,"minecraft:purple_wool":75,"minecraft:splash_potion":2,"minecraft:chicken":1,"minecraft:ladder":19,"minecraft:leather_leggings":2,"minecraft:pink_wool":130,"minecraft:gold_block":5,"minecraft:diamond_horse_armor":1,"minecraft:shield":3,"minecraft:heavy_weighted_pressure_plate":9,"minecraft:cornflower":13,"minecraft:elytra":4,"minecraft:white_carpet":134,"minecraft:item_frame":98,"minecraft:magenta_wool":65,"minecraft:creeper_banner_pattern":2,"minecraft:blue_orchid":1,"minecraft:detector_rail":42,"minecraft:netherite_sword":2,"minecraft:cyan_wool":65,"minecraft:player_head":5,"minecraft:poppy":4,"minecraft:light_gray_wool":66,"minecraft:birch_sapling":2,"minecraft:egg":2,"minecraft:lime_wool":65,"minecraft:bowl":1,"minecraft:white_dye":189,"minecraft:cake":2,"minecraft:stone_button":58,"minecraft:redstone":187,"minecraft:blue_carpet":81,"minecraft:stone_pressure_plate":5,"minecraft:dark_oak_planks":1,"minecraft:arrow":124,"minecraft:diamond_chestplate":1,"minecraft:shears":6,"minecraft:saddle":2,"minecraft:black_banner":5,"minecraft:white_shulker_box":2,"minecraft:mutton":116,"minecraft:white_wool":255,"minecraft:rail":444,"minecraft:oxeye_daisy":1,"minecraft:tripwire_hook":1,"minecraft:leather":2,"minecraft:yellow_dye":125,"minecraft:filled_map":44,"minecraft:birch_planks":1,"minecraft:bedrock":1,"minecraft:paper":55,"minecraft:white_banner":57,"minecraft:birch_pressure_plate":1,"minecraft:cooked_mutton":12,"minecraft:red_carpet":1,"minecraft:gray_carpet":6,"minecraft:iron_ingot":7,"minecraft:heart_of_the_sea":1,"minecraft:cooked_chicken":1,"minecraft:cobweb":1,"minecraft:oak_slab":6,"minecraft:scaffolding":1,"minecraft:red_wool":67,"minecraft:dandelion":2,"minecraft:gravel":1,"minecraft:green_carpet":2,"minecraft:leather_helmet":2,"minecraft:white_concrete_powder":1,"minecraft:diamond_axe":1,"minecraft:painting":5,"minecraft:birch_sign":9,"minecraft:gray_wool":67,"minecraft:oak_button":18,"minecraft:black_wool":192,"minecraft:red_concrete":32,"minecraft:ender_pearl":1},"minecraft:custom":{"minecraft:interact_with_crafting_table":35,"minecraft:open_barrel":1,"minecraft:open_shulker_box":278,"minecraft:bell_ring":6,"minecraft:eat_cake_slice":96,"minecraft:leave_game":163,"minecraft:time_since_death":24359,"minecraft:sprint_one_cm":3115913,"minecraft:drop":169,"minecraft:deaths":8,"minecraft:jump":19360,"minecraft:interact_with_brewingstand":7,"minecraft:walk_on_water_one_cm":283415,"minecraft:enchant_item":1,"minecraft:interact_with_furnace":36,"minecraft:interact_with_cartography_table":1,"minecraft:play_one_minute":8574338,"minecraft:interact_with_loom":134,"minecraft:open_enderchest":1,"minecraft:damage_dealt":7393,"minecraft:crouch_one_cm":238854,"minecraft:interact_with_smoker":3,"minecraft:inspect_dispenser":39,"minecraft:horse_one_cm":159264,"minecraft:inspect_dropper":64,"minecraft:mob_kills":84,"minecraft:interact_with_anvil":39,"minecraft:inspect_hopper":309,"minecraft:fill_cauldron":2,"minecraft:climb_one_cm":20207,"minecraft:walk_one_cm":21129360,"minecraft:target_hit":2,"minecraft:sneak_time":161338,"minecraft:walk_under_water_one_cm":546697,"minecraft:boat_one_cm":26894,"minecraft:interact_with_lectern":36,"minecraft:interact_with_blast_furnace":20,"minecraft:tune_noteblock":66,"minecraft:pot_flower":31,"minecraft:interact_with_grindstone":9,"minecraft:time_since_rest":24582,"minecraft:damage_taken":2116,"minecraft:trigger_trapped_chest":31,"minecraft:minecart_one_cm":1017751,"minecraft:swim_one_cm":225040,"minecraft:fly_one_cm":45829766,"minecraft:pig_one_cm":104274,"minecraft:open_chest":392,"minecraft:aviate_one_cm":10894648,"minecraft:fall_one_cm":32804},"minecraft:dropped":{"minecraft:diamond_axe":1,"minecraft:orange_dye":1,"minecraft:lapis_lazuli":65,"minecraft:cooked_beef":4,"minecraft:crossbow":1,"minecraft:creeper_banner_pattern":1,"minecraft:red_wool":1,"minecraft:bedrock":2,"minecraft:black_banner":2,"minecraft:elytra":2,"minecraft:leather_helmet":2,"minecraft:item_frame":1,"minecraft:gray_concrete":4,"minecraft:black_stained_glass_pane":1,"minecraft:yellow_dye":2,"minecraft:cornflower":1,"minecraft:writable_book":1,"minecraft:white_wool":130,"minecraft:gray_dye":2,"minecraft:dark_oak_door":2,"minecraft:detector_rail":1,"minecraft:netherite_sword":1,"minecraft:pink_dye":1,"minecraft:wheat":1,"minecraft:rotten_flesh":2,"minecraft:grindstone":1,"minecraft:lime_dye":1,"minecraft:blue_stained_glass":1,"minecraft:leather_chestplate":3,"minecraft:sea_lantern":1,"minecraft:tipped_arrow":64,"minecraft:heavy_weighted_pressure_plate":3,"minecraft:leather_boots":1,"minecraft:leather_leggings":2,"minecraft:white_dye":64,"minecraft:iron_bars":2,"minecraft:arrow":124,"minecraft:written_book":3,"minecraft:splash_potion":1,"minecraft:black_dye":65,"minecraft:cyan_dye":1,"minecraft:feather":60,"minecraft:spectral_arrow":64,"minecraft:purple_dye":1,"minecraft:grass_block":1,"minecraft:polished_andesite":1,"minecraft:stick":1,"minecraft:acacia_sign":12,"minecraft:lava_bucket":1,"minecraft:cobweb":1,"minecraft:blue_dye":2,"minecraft:torch":2,"minecraft:green_dye":1,"minecraft:white_concrete":3,"minecraft:map":1,"minecraft:diamond_helmet":1,"minecraft:white_banner":14,"minecraft:red_dye":4,"minecraft:paper":55,"minecraft:gray_carpet":3,"minecraft:redstone":5,"minecraft:snow_block":1,"minecraft:red_concrete":32,"minecraft:creeper_head":108,"minecraft:brown_dye":1,"minecraft:chiseled_quartz_block":1,"minecraft:dark_oak_sign":12,"minecraft:smooth_stone_slab":2,"minecraft:birch_pressure_plate":1,"minecraft:blue_concrete":1,"minecraft:light_blue_dye":1,"minecraft:filled_map":28,"minecraft:diamond_sword":1,"minecraft:shield":1,"minecraft:diamond_chestplate":1,"minecraft:cake":2,"minecraft:redstone_torch":3,"minecraft:stone_pressure_plate":2,"minecraft:birch_sign":2,"minecraft:light_gray_dye":2,"minecraft:magenta_dye":2,"minecraft:dead_brain_coral_block":1,"minecraft:black_wool":65},"minecraft:killed_by":{"minecraft:zombie":3}},"DataVersion":2567}