{"stats":{"minecraft:used":{"minecraft:peony":4,"minecraft:writable_book":45,"minecraft:nether_brick_fence":41,"minecraft:jack_o_lantern":39,"minecraft:polished_granite_stairs":1,"minecraft:cut_red_sandstone_slab":15,"minecraft:smooth_quartz_slab":2951,"minecraft:dispenser":7,"minecraft:red_sandstone_slab":17,"minecraft:spruce_slab":197,"minecraft:ladder":74,"minecraft:poppy":1795,"minecraft:black_carpet":80,"minecraft:chest":53,"minecraft:brown_concrete":131,"minecraft:stone":28,"minecraft:white_shulker_box":9,"minecraft:quartz_stairs":106,"minecraft:red_nether_brick_stairs":96,"minecraft:farmland":7,"minecraft:tube_coral":14,"minecraft:soul_sand":137,"minecraft:lily_of_the_valley":1959,"minecraft:blue_stained_glass":2480,"minecraft:brick_slab":30,"minecraft:jungle_slab":119,"minecraft:allium":1809,"minecraft:orange_wool":8126,"minecraft:acacia_button":95,"minecraft:azure_bluet":5,"minecraft:stripped_spruce_log":23,"minecraft:jungle_sapling":1,"minecraft:packed_ice":159,"minecraft:lava_bucket":4,"minecraft:stripped_dark_oak_wood":166,"minecraft:quartz_pillar":1605,"minecraft:lime_banner":19,"minecraft:music_disc_pigstep":2,"minecraft:jungle_fence_gate":1,"minecraft:red_wool":1664,"minecraft:warped_hyphae":1,"minecraft:black_stained_glass_pane":191,"minecraft:grass_block":4037,"minecraft:birch_sapling":6,"minecraft:polished_andesite_stairs":101,"minecraft:orange_shulker_box":431,"minecraft:quartz_block":730,"minecraft:dark_oak_leaves":12,"minecraft:dark_oak_slab":551,"minecraft:music_disc_wait":2,"minecraft:dark_oak_button":13,"minecraft:diorite_wall":54,"minecraft:pink_wool":2903,"minecraft:blue_banner":68,"minecraft:stone_brick_stairs":36,"minecraft:music_disc_stal":1,"minecraft:dolphin_spawn_egg":1,"minecraft:snow":57,"minecraft:bow":41,"minecraft:furnace":5,"minecraft:yellow_glazed_terracotta":108,"minecraft:oak_sapling":1,"minecraft:acacia_fence":8,"minecraft:end_stone_brick_stairs":15,"minecraft:gray_banner":10,"minecraft:dragon_head":30,"minecraft:seagrass":3,"minecraft:dark_prismarine_stairs":77,"minecraft:magenta_shulker_box":1,"minecraft:lime_glazed_terracotta":97,"minecraft:light_blue_carpet":44,"minecraft:emerald_ore":47,"minecraft:mossy_stone_bricks":3,"minecraft:diorite":353,"minecraft:damaged_anvil":2,"minecraft:end_stone_bricks":66,"minecraft:spruce_door":76,"minecraft:brick_wall":1,"minecraft:acacia_trapdoor":46,"minecraft:powered_rail":178,"minecraft:prismarine":13,"minecraft:orange_tulip":1,"minecraft:black_glazed_terracotta":73,"minecraft:jungle_pressure_plate":5,"minecraft:composter":9,"minecraft:clay":1400,"minecraft:purpur_pillar":55,"minecraft:oak_leaves":157,"minecraft:smooth_quartz_stairs":5245,"minecraft:dark_oak_trapdoor":292,"minecraft:sand":409,"minecraft:purpur_stairs":63,"minecraft:cut_sandstone_slab":10,"minecraft:smooth_red_sandstone":17,"minecraft:acacia_leaves":91,"minecraft:blue_ice":141,"minecraft:purple_terracotta":1084,"minecraft:chiseled_quartz_block":800,"minecraft:gray_concrete":116,"minecraft:black_concrete_powder":91,"minecraft:red_sandstone_wall":2,"minecraft:pumpkin_seeds":2,"minecraft:birch_fence":357,"minecraft:red_sandstone":8,"minecraft:chiseled_sandstone":59,"minecraft:crying_obsidian":320,"minecraft:gray_stained_glass_pane":61,"minecraft:birch_slab":280,"minecraft:stone_button":91,"minecraft:cyan_carpet":139,"minecraft:white_glazed_terracotta":1701,"minecraft:lectern":18,"minecraft:red_terracotta":3,"minecraft:polished_granite":888,"minecraft:oak_pressure_plate":5,"minecraft:diamond_ore":170,"minecraft:cut_red_sandstone":169,"minecraft:lilac":247,"minecraft:polished_andesite_slab":188,"minecraft:soul_lantern":5,"minecraft:magenta_stained_glass_pane":5,"minecraft:coal_block":74,"minecraft:nether_wart_block":1,"minecraft:dark_oak_fence":105,"minecraft:smithing_table":1,"minecraft:white_stained_glass":474,"minecraft:birch_log":43,"minecraft:pink_stained_glass":3025,"minecraft:ice":12,"minecraft:purple_wool":1078,"minecraft:diorite_slab":67,"minecraft:gray_stained_glass":22,"minecraft:diorite_stairs":30,"minecraft:oak_trapdoor":81,"minecraft:stripped_acacia_wood":523,"minecraft:iron_bars":642,"minecraft:dead_tube_coral_block":1,"minecraft:enchanting_table":1,"minecraft:acacia_log":35,"minecraft:brain_coral_fan":3,"minecraft:carved_pumpkin":9,"minecraft:red_concrete":1,"minecraft:armor_stand":14,"minecraft:light_gray_carpet":73,"minecraft:sandstone_wall":7,"minecraft:netherrack":17,"minecraft:bee_spawn_egg":1,"minecraft:torch":1,"minecraft:orange_stained_glass":2534,"minecraft:light_gray_shulker_box":10,"minecraft:brewing_stand":18,"minecraft:anvil":24,"minecraft:chorus_flower":2,"minecraft:nether_quartz_ore":51,"minecraft:stone_stairs":50,"minecraft:nether_brick_slab":80,"minecraft:cod_bucket":1,"minecraft:light_gray_glazed_terracotta":115,"minecraft:yellow_carpet":14,"minecraft:jungle_trapdoor":28,"minecraft:dead_brain_coral_block":3,"minecraft:blue_concrete":254,"minecraft:nether_brick_stairs":238,"minecraft:oak_fence_gate":7,"minecraft:polished_diorite":2508,"minecraft:shroomlight":293,"minecraft:music_disc_mellohi":1,"minecraft:red_shulker_box":3,"minecraft:sea_lantern":957,"minecraft:chipped_anvil":1,"minecraft:iron_block":1795,"minecraft:filled_map":3,"minecraft:spruce_button":29,"minecraft:brick_stairs":8,"minecraft:smooth_quartz":10013,"minecraft:pink_stained_glass_pane":10,"minecraft:prismarine_slab":7,"minecraft:barrel":96,"minecraft:bamboo":87,"minecraft:basalt":665,"minecraft:tripwire_hook":29,"minecraft:purple_concrete":2,"minecraft:glowstone":407,"minecraft:lime_concrete":25,"minecraft:magenta_wool":1029,"minecraft:gray_glazed_terracotta":125,"minecraft:iron_trapdoor":233,"minecraft:magenta_terracotta":287,"minecraft:acacia_wood":365,"minecraft:trapped_chest":54,"minecraft:acacia_planks":281,"minecraft:horn_coral_fan":4,"minecraft:orange_terracotta":9,"minecraft:observer":84,"minecraft:water_bucket":335,"minecraft:yellow_banner":94,"minecraft:nether_brick_wall":105,"minecraft:light_blue_glazed_terracotta":886,"minecraft:sandstone_stairs":45,"minecraft:prismarine_brick_slab":247,"minecraft:birch_planks":152,"minecraft:lime_wool":2018,"minecraft:cartography_table":19,"minecraft:bubble_coral_fan":10,"minecraft:smooth_sandstone_slab":11,"minecraft:red_mushroom_block":166,"minecraft:blue_concrete_powder":99,"minecraft:cauldron":4,"minecraft:spruce_fence_gate":13,"minecraft:sheep_spawn_egg":1,"minecraft:gold_ore":165,"minecraft:polished_blackstone_bricks":506,"minecraft:conduit":13,"minecraft:cracked_stone_bricks":3,"minecraft:gilded_blackstone":8,"minecraft:pink_concrete":144,"minecraft:mossy_cobblestone":7,"minecraft:diamond_block":1171,"minecraft:orange_carpet":2,"minecraft:light_gray_banner":5,"minecraft:rail":2569,"minecraft:comparator":15,"minecraft:vine":60,"minecraft:cyan_glazed_terracotta":103,"minecraft:oak_slab":102,"minecraft:tnt":5,"minecraft:crafting_table":41,"minecraft:crimson_trapdoor":8,"minecraft:birch_sign":146,"minecraft:campfire":20,"minecraft:dark_oak_fence_gate":11,"minecraft:fire_coral":6,"minecraft:cake":14,"minecraft:spruce_log":32,"minecraft:mushroom_stem":1,"minecraft:oak_log":11,"minecraft:blue_stained_glass_pane":11,"minecraft:dark_prismarine":100,"minecraft:cornflower":2137,"minecraft:oxeye_daisy":1659,"minecraft:warped_trapdoor":10,"minecraft:diamond_shovel":182,"minecraft:acacia_sign":51,"minecraft:stripped_jungle_log":3,"minecraft:sunflower":25,"minecraft:oak_button":1012,"minecraft:spruce_pressure_plate":5,"minecraft:purpur_slab":104,"minecraft:spruce_trapdoor":290,"minecraft:spruce_sapling":2,"minecraft:chiseled_stone_bricks":25,"minecraft:blue_carpet":72,"minecraft:green_carpet":13,"minecraft:cobblestone":267,"minecraft:potion":12,"minecraft:orange_banner":2,"minecraft:purple_bed":7,"minecraft:acacia_pressure_plate":2,"minecraft:andesite_stairs":26,"minecraft:sandstone_slab":125,"minecraft:glass_pane":283,"minecraft:end_portal_frame":4,"minecraft:stripped_oak_log":32,"minecraft:dandelion":996,"minecraft:brown_mushroom_block":19,"minecraft:jukebox":9,"minecraft:green_stained_glass":22,"minecraft:light_blue_banner":23,"minecraft:light_blue_stained_glass_pane":28,"minecraft:blue_terracotta":236,"minecraft:red_sand":34,"minecraft:light_gray_stained_glass_pane":40,"minecraft:melon":8,"minecraft:bone_block":862,"minecraft:oak_sign":148,"minecraft:white_concrete_powder":251,"minecraft:white_terracotta":1222,"minecraft:creeper_head":17,"minecraft:bell":19,"minecraft:bubble_coral":1,"minecraft:smooth_sandstone_stairs":11,"minecraft:soul_campfire":2,"minecraft:spruce_leaves":32,"minecraft:birch_pressure_plate":39,"minecraft:orange_glazed_terracotta":13,"minecraft:jungle_planks":225,"minecraft:nether_bricks":149,"minecraft:prismarine_brick_stairs":38,"minecraft:pink_terracotta":212,"minecraft:beehive":56,"minecraft:music_disc_11":2,"minecraft:cyan_wool":2649,"minecraft:obsidian":146,"minecraft:milk_bucket":1,"minecraft:honey_bottle":20,"minecraft:red_sandstone_stairs":12,"minecraft:glass":3407,"minecraft:cyan_terracotta":218,"minecraft:bricks":983,"minecraft:coal_ore":58,"minecraft:spruce_wood":161,"minecraft:quartz_slab":1473,"minecraft:lantern":806,"minecraft:blue_orchid":3224,"minecraft:green_wool":118,"minecraft:dark_oak_wood":170,"minecraft:mossy_cobblestone_slab":1,"minecraft:tropical_fish_spawn_egg":32,"minecraft:hopper_minecart":26,"minecraft:stone_bricks":81,"minecraft:item_frame":187,"minecraft:bedrock":2041,"minecraft:birch_button":51,"minecraft:birch_trapdoor":68,"minecraft:repeater":3529,"minecraft:red_carpet":191,"minecraft:redstone_lamp":1513,"minecraft:honeycomb_block":7,"minecraft:magma_block":16,"minecraft:brown_carpet":84,"minecraft:horn_coral":8,"minecraft:warped_fungus":1,"minecraft:hay_block":389,"minecraft:written_book":2,"minecraft:scaffolding":27,"minecraft:jungle_button":3,"minecraft:gold_block":1000,"minecraft:polished_diorite_stairs":137,"minecraft:skeleton_skull":33,"minecraft:pink_concrete_powder":43,"minecraft:fire_coral_fan":4,"minecraft:stripped_spruce_wood":6,"minecraft:chiseled_polished_blackstone":8,"minecraft:dark_oak_stairs":633,"minecraft:tube_coral_fan":4,"minecraft:end_rod":806,"minecraft:dropper":2,"minecraft:stripped_acacia_log":16,"minecraft:wither_skeleton_skull":24,"minecraft:birch_leaves":3,"minecraft:gray_carpet":50,"minecraft:dark_oak_sign":37,"minecraft:jungle_fence":35,"minecraft:oak_planks":250,"minecraft:birch_wood":719,"minecraft:polished_diorite_slab":1026,"minecraft:sandstone":91,"minecraft:redstone_block":128,"minecraft:end_stone_brick_slab":3,"minecraft:blue_bed":5,"minecraft:brain_coral":5,"minecraft:white_wool":6895,"minecraft:yellow_terracotta":6,"minecraft:light_blue_concrete":19,"minecraft:lime_stained_glass_pane":9,"minecraft:loom":32,"minecraft:light_blue_wool":3666,"minecraft:black_banner":38,"minecraft:light_gray_terracotta":123,"minecraft:yellow_concrete":31,"minecraft:crossbow":16,"minecraft:sponge":236,"minecraft:note_block":2807,"minecraft:end_stone":115,"minecraft:sticky_piston":244,"minecraft:redstone_torch":416,"minecraft:black_terracotta":76,"minecraft:lever":352,"minecraft:blue_glazed_terracotta":189,"minecraft:black_concrete":168,"minecraft:daylight_detector":46,"minecraft:birch_fence_gate":3,"minecraft:acacia_door":10,"minecraft:heavy_weighted_pressure_plate":4,"minecraft:dark_oak_log":74,"minecraft:lime_carpet":7,"minecraft:light_gray_concrete":20,"minecraft:nether_sprouts":3,"minecraft:string":44,"minecraft:brown_wool":1492,"minecraft:barrier":4,"minecraft:brown_stained_glass":32,"minecraft:iron_door":53,"minecraft:prismarine_wall":2,"minecraft:gravel":421,"minecraft:jungle_sign":76,"minecraft:light_blue_concrete_powder":106,"minecraft:smooth_red_sandstone_slab":10,"minecraft:stripped_oak_wood":45,"minecraft:grindstone":32,"minecraft:andesite":450,"minecraft:white_concrete":8096,"minecraft:tropical_fish_bucket":167,"minecraft:coarse_dirt":4,"minecraft:bone_meal":61,"minecraft:experience_bottle":3,"minecraft:cobweb":6,"minecraft:oak_fence":85,"minecraft:jungle_leaves":13,"minecraft:purpur_block":25,"minecraft:petrified_oak_slab":59,"minecraft:orange_concrete_powder":28,"minecraft:trident":3,"minecraft:rose_bush":156,"minecraft:granite_stairs":3,"minecraft:white_tulip":1,"minecraft:flint_and_steel":8,"minecraft:redstone":3475,"minecraft:tropical_fish":1,"minecraft:redstone_ore":237,"minecraft:stone_shovel":12,"minecraft:light_blue_terracotta":355,"minecraft:spruce_planks":131,"minecraft:brown_shulker_box":166,"minecraft:stripped_birch_wood":15,"minecraft:dried_kelp_block":15,"minecraft:oak_door":34,"minecraft:end_stone_brick_wall":8,"minecraft:dirt":2542,"minecraft:red_nether_brick_slab":15,"minecraft:white_carpet":245,"minecraft:hopper":11,"minecraft:prismarine_bricks":24,"minecraft:spruce_stairs":179,"minecraft:cobblestone_wall":3,"minecraft:shulker_box":1,"minecraft:oak_wood":127,"minecraft:bee_nest":52,"minecraft:pink_carpet":9,"minecraft:granite":651,"minecraft:spruce_fence":11,"minecraft:light_blue_stained_glass":2170,"minecraft:purple_banner":35,"minecraft:andesite_wall":18,"minecraft:birch_door":124,"minecraft:purple_stained_glass_pane":22,"minecraft:dark_oak_planks":210,"minecraft:stone_brick_slab":63,"minecraft:brown_terracotta":81,"minecraft:red_tulip":1,"minecraft:light_gray_stained_glass":21,"minecraft:bookshelf":68,"minecraft:yellow_stained_glass":2783,"minecraft:oak_stairs":71,"minecraft:smooth_sandstone":201,"minecraft:acacia_slab":213,"minecraft:yellow_concrete_powder":15,"minecraft:light_gray_wool":881,"minecraft:emerald_block":158,"minecraft:black_stained_glass":15,"minecraft:dark_oak_pressure_plate":2,"minecraft:lime_stained_glass":2207,"minecraft:white_stained_glass_pane":70,"minecraft:minecart":47,"minecraft:cyan_banner":9,"minecraft:granite_wall":1,"minecraft:cyan_concrete_powder":1,"minecraft:stone_pressure_plate":4,"minecraft:horn_coral_block":1,"minecraft:enchanted_golden_apple":1,"minecraft:pumpkin":191,"minecraft:turtle_spawn_egg":1,"minecraft:quartz_bricks":2,"minecraft:pink_tulip":1,"minecraft:iron_ore":109,"minecraft:cobblestone_stairs":73,"minecraft:pink_glazed_terracotta":1762,"minecraft:snow_block":5826,"minecraft:polished_andesite":169,"minecraft:red_nether_bricks":30,"minecraft:blue_wool":5406,"minecraft:pink_banner":2,"minecraft:andesite_slab":30,"minecraft:purple_glazed_terracotta":150,"minecraft:cut_sandstone":3,"minecraft:spruce_sign":4,"minecraft:magenta_stained_glass":361,"minecraft:beacon":5,"minecraft:cobblestone_slab":22,"minecraft:warped_roots":2,"minecraft:jungle_wood":25,"minecraft:terracotta":126,"minecraft:stripped_dark_oak_log":169,"minecraft:dark_prismarine_slab":83,"minecraft:strider_spawn_egg":1,"minecraft:red_mushroom":9,"minecraft:brown_banner":24,"minecraft:yellow_stained_glass_pane":29,"minecraft:light_gray_concrete_powder":3,"minecraft:brown_glazed_terracotta":154,"minecraft:painting":545,"minecraft:magenta_carpet":22,"minecraft:cyan_stained_glass":929,"minecraft:warped_planks":7,"minecraft:dark_oak_door":107,"minecraft:nether_gold_ore":4,"minecraft:purple_stained_glass":2094,"minecraft:gray_terracotta":299,"minecraft:piston":108,"minecraft:netherite_block":1,"minecraft:flower_pot":58,"minecraft:acacia_stairs":102,"minecraft:black_wool":260,"minecraft:map":7,"minecraft:lapis_ore":170,"minecraft:detector_rail":254,"minecraft:magenta_concrete":14,"minecraft:jungle_stairs":108,"minecraft:stone_slab":21,"minecraft:yellow_wool":2600,"minecraft:stone_axe":2,"minecraft:magenta_banner":10,"minecraft:brown_stained_glass_pane":3,"minecraft:fishing_rod":24,"minecraft:fire_coral_block":4,"minecraft:end_crystal":1,"minecraft:cyan_stained_glass_pane":220,"minecraft:white_banner":185,"minecraft:bucket":218,"minecraft:jungle_door":20,"minecraft:red_banner":27,"minecraft:lapis_block":1367,"minecraft:magenta_glazed_terracotta":955,"minecraft:pumpkin_pie":3,"minecraft:wither_rose":21,"minecraft:sea_pickle":79,"minecraft:gray_wool":94,"minecraft:purple_carpet":108,"minecraft:smooth_stone":26,"minecraft:splash_potion":8,"minecraft:birch_stairs":135},"minecraft:mined":{"minecraft:purple_bed":7,"minecraft:blue_bed":5},"minecraft:killed":{"minecraft:cod":1,"minecraft:tropical_fish":32,"minecraft:pillager":2,"minecraft:husk":4,"minecraft:strider":2,"minecraft:sheep":1},"minecraft:picked_up":{"minecraft:seagrass":2,"minecraft:birch_door":7,"minecraft:creeper_head":3,"minecraft:flower_pot":6,"minecraft:anvil":2,"minecraft:red_sandstone_stairs":1,"minecraft:magenta_carpet":4,"minecraft:bee_spawn_egg":1,"minecraft:oak_stairs":1,"minecraft:wither_rose":12,"minecraft:birch_button":9,"minecraft:blue_concrete":4,"minecraft:string":6,"minecraft:dark_oak_trapdoor":2,"minecraft:beetroot_soup":3,"minecraft:blue_stained_glass_pane":1,"minecraft:spruce_planks":1,"minecraft:acacia_sign":4,"minecraft:written_book":3,"minecraft:diamond_ore":3,"minecraft:dark_oak_door":8,"minecraft:spruce_pressure_plate":1,"minecraft:white_glazed_terracotta":1,"minecraft:beehive":1,"minecraft:jukebox":1,"minecraft:cyan_stained_glass":5,"minecraft:honeycomb_block":2,"minecraft:black_dye":1,"minecraft:brown_carpet":18,"minecraft:gray_stained_glass_pane":1,"minecraft:yellow_banner":17,"minecraft:lime_carpet":6,"minecraft:honey_bottle":3,"minecraft:blue_glazed_terracotta":1,"minecraft:tropical_fish":156,"minecraft:blue_dye":64,"minecraft:iron_block":12,"minecraft:cyan_terracotta":6,"minecraft:glowstone":6,"minecraft:end_rod":9,"minecraft:white_terracotta":1,"minecraft:netherite_chestplate":2,"minecraft:iron_bars":7,"minecraft:sponge":2,"minecraft:magma_block":1,"minecraft:feather":2,"minecraft:polished_diorite_slab":9,"minecraft:cooked_beef":59,"minecraft:birch_slab":3,"minecraft:iron_door":5,"minecraft:water_bucket":11,"minecraft:brown_wool":1,"minecraft:acacia_leaves":5,"minecraft:purple_stained_glass":2,"minecraft:gray_concrete":1,"minecraft:cyan_concrete_powder":2,"minecraft:pink_concrete_powder":4,"minecraft:lantern":171,"minecraft:purple_carpet":43,"minecraft:gray_terracotta":5,"minecraft:dark_oak_sign":4,"minecraft:gray_glazed_terracotta":1,"minecraft:stripped_spruce_log":3,"minecraft:lever":74,"minecraft:writable_book":1,"minecraft:blue_ice":1,"minecraft:granite":1,"minecraft:spruce_button":4,"minecraft:bread":3,"minecraft:cyan_dye":64,"minecraft:blue_banner":10,"minecraft:light_gray_carpet":12,"minecraft:dark_oak_fence":1,"minecraft:bricks":8,"minecraft:magenta_glazed_terracotta":1,"minecraft:spruce_leaves":5,"minecraft:lime_stained_glass_pane":1,"minecraft:sandstone_slab":1,"minecraft:purple_wool":1,"minecraft:redstone_lamp":7,"minecraft:orange_banner":1,"minecraft:dragon_head":2,"minecraft:acacia_button":17,"minecraft:fire_coral":2,"minecraft:cornflower":42,"minecraft:white_carpet":28,"minecraft:white_stained_glass":1,"minecraft:glass_pane":68,"minecraft:cracked_stone_bricks":1,"minecraft:cyan_wool":1,"minecraft:jungle_sapling":1,"minecraft:poppy":12,"minecraft:spruce_slab":2,"minecraft:minecart":3,"minecraft:quartz_stairs":3,"minecraft:birch_sapling":2,"minecraft:piston":2,"minecraft:egg":1,"minecraft:sandstone":1,"minecraft:music_disc_mellohi":3,"minecraft:white_dye":128,"minecraft:cake":3,"minecraft:redstone":564,"minecraft:blue_carpet":13,"minecraft:jungle_sign":12,"minecraft:stone_shovel":1,"minecraft:peony":2,"minecraft:hay_block":3,"minecraft:tube_coral_block":2,"minecraft:white_shulker_box":1,"minecraft:mutton":2,"minecraft:white_wool":5,"minecraft:rail":20,"minecraft:emerald_ore":1,"minecraft:oxeye_daisy":425,"minecraft:lapis_ore":1,"minecraft:birch_leaves":1,"minecraft:tripwire_hook":4,"minecraft:yellow_dye":65,"minecraft:red_mushroom_block":1,"minecraft:red_mushroom":2,"minecraft:purpur_stairs":1,"minecraft:diorite_stairs":1,"minecraft:paper":4,"minecraft:white_banner":61,"minecraft:birch_pressure_plate":5,"minecraft:light_blue_banner":7,"minecraft:light_gray_glazed_terracotta":1,"minecraft:yellow_stained_glass":4,"minecraft:iron_ore":3,"minecraft:glass_bottle":1,"minecraft:dark_oak_stairs":1,"minecraft:polished_andesite_stairs":1,"minecraft:dark_oak_slab":4,"minecraft:red_wool":4,"minecraft:light_blue_glazed_terracotta":5,"minecraft:gravel":2,"minecraft:birch_stairs":2,"minecraft:light_blue_stained_glass":1,"minecraft:spruce_log":2,"minecraft:sea_lantern":7,"minecraft:oak_wood":1,"minecraft:firework_rocket":1,"minecraft:diamond_shovel":3,"minecraft:polished_diorite":7,"minecraft:light_blue_carpet":2,"minecraft:redstone_ore":1,"minecraft:painting":23,"minecraft:birch_sign":37,"minecraft:gray_wool":1,"minecraft:oak_button":107,"minecraft:brown_banner":2,"minecraft:smooth_quartz_slab":8,"minecraft:music_disc_strad":1,"minecraft:black_carpet":29,"minecraft:light_blue_concrete":2,"minecraft:redstone_block":3,"minecraft:iron_trapdoor":7,"minecraft:light_gray_shulker_box":2,"minecraft:green_stained_glass_pane":1,"minecraft:yellow_wool":3,"minecraft:potion":21,"minecraft:stone_brick_stairs":1,"minecraft:lapis_block":1,"minecraft:sticky_piston":1,"minecraft:purple_banner":4,"minecraft:oak_sign":44,"minecraft:sea_pickle":15,"minecraft:comparator":1,"minecraft:bucket":8,"minecraft:dark_oak_leaves":2,"minecraft:red_dye":62,"minecraft:rose_bush":1,"minecraft:redstone_torch":52,"minecraft:smooth_quartz":12,"minecraft:smooth_quartz_stairs":11,"minecraft:blue_wool":2,"minecraft:stick":1,"minecraft:jungle_door":4,"minecraft:birch_trapdoor":1,"minecraft:oak_fence":2,"minecraft:spruce_stairs":3,"minecraft:snow_block":2,"minecraft:music_disc_pigstep":1,"minecraft:yellow_concrete_powder":4,"minecraft:light_gray_banner":4,"minecraft:blue_stained_glass":2,"minecraft:andesite_wall":1,"minecraft:rotten_flesh":5,"minecraft:green_wool":2,"minecraft:chorus_flower":3,"minecraft:music_disc_wait":2,"minecraft:cod":1,"minecraft:lilac":9,"minecraft:jungle_pressure_plate":1,"minecraft:repeater":80,"minecraft:chiseled_quartz_block":4,"minecraft:horn_coral":1,"minecraft:dirt":12,"minecraft:stripped_birch_log":1,"minecraft:polished_granite":3,"minecraft:glass":14,"minecraft:acacia_planks":1,"minecraft:granite_wall":1,"minecraft:orange_tulip":2,"minecraft:pink_banner":1,"minecraft:bell":9,"minecraft:birch_wood":1,"minecraft:light_blue_dye":64,"minecraft:grindstone":1,"minecraft:purple_stained_glass_pane":2,"minecraft:bamboo":122,"minecraft:powered_rail":2,"minecraft:oak_planks":1,"minecraft:lime_glazed_terracotta":1,"minecraft:pink_stained_glass":4,"minecraft:diorite_wall":1,"minecraft:brown_stained_glass":1,"minecraft:oak_pressure_plate":1,"minecraft:pink_stained_glass_pane":1,"minecraft:sand":8,"minecraft:jungle_planks":2,"minecraft:grass_block":20,"minecraft:lily_of_the_valley":21,"minecraft:jungle_slab":3,"minecraft:chiseled_sandstone":2,"minecraft:orange_wool":6,"minecraft:jungle_leaves":1,"minecraft:spruce_fence_gate":1,"minecraft:clay":2,"minecraft:light_blue_terracotta":1,"minecraft:black_concrete":5,"minecraft:bone_meal":12,"minecraft:white_concrete":11,"minecraft:spruce_sign":1,"minecraft:oak_sapling":1,"minecraft:bubble_coral_block":1,"minecraft:andesite_slab":1,"minecraft:oak_leaves":2,"minecraft:end_stone_brick_stairs":1,"minecraft:allium":14,"minecraft:azure_bluet":3,"minecraft:splash_potion":12,"minecraft:chicken":1,"minecraft:packed_ice":1,"minecraft:pink_wool":2,"minecraft:diorite_slab":2,"minecraft:gold_block":4,"minecraft:item_frame":48,"minecraft:quartz_slab":8,"minecraft:birch_fence":6,"minecraft:magenta_wool":1,"minecraft:cyan_carpet":2,"minecraft:blue_orchid":349,"minecraft:observer":1,"minecraft:light_gray_wool":1,"minecraft:spruce_trapdoor":3,"minecraft:end_stone":1,"minecraft:brown_glazed_terracotta":1,"minecraft:note_block":9,"minecraft:quartz_pillar":6,"minecraft:stone_button":14,"minecraft:music_disc_11":3,"minecraft:magenta_shulker_box":1,"minecraft:light_gray_stained_glass_pane":2,"minecraft:stone_pressure_plate":1,"minecraft:purple_terracotta":2,"minecraft:blue_concrete_powder":1,"minecraft:tube_coral":1,"minecraft:arrow":122,"minecraft:pink_glazed_terracotta":4,"minecraft:jungle_stairs":2,"minecraft:nether_bricks":1,"minecraft:stripped_dark_oak_wood":1,"minecraft:pink_tulip":1,"minecraft:black_banner":4,"minecraft:petrified_oak_slab":6,"minecraft:skeleton_skull":3,"minecraft:lime_stained_glass":1,"minecraft:dark_oak_button":1,"minecraft:music_disc_stal":2,"minecraft:ice":1,"minecraft:bedrock":17,"minecraft:cobblestone_stairs":1,"minecraft:orange_terracotta":1,"minecraft:cooked_mutton":3,"minecraft:smooth_sandstone":3,"minecraft:red_carpet":21,"minecraft:red_nether_brick_stairs":1,"minecraft:gray_carpet":4,"minecraft:cooked_chicken":2,"minecraft:prismarine_brick_slab":3,"minecraft:polished_andesite_slab":3,"minecraft:soul_sand":2,"minecraft:book":1,"minecraft:tropical_fish_bucket":3,"minecraft:scaffolding":1,"minecraft:oak_slab":24,"minecraft:emerald_block":2,"minecraft:dandelion":16,"minecraft:magenta_stained_glass_pane":1,"minecraft:lava_bucket":2,"minecraft:green_stained_glass":1,"minecraft:red_banner":8,"minecraft:gold_ore":1,"minecraft:spruce_door":4,"minecraft:brick_slab":2,"minecraft:light_blue_concrete_powder":1,"minecraft:cyan_banner":4,"minecraft:pumpkin_seeds":1,"minecraft:white_concrete_powder":2,"minecraft:campfire":4,"minecraft:gray_banner":4,"minecraft:acacia_slab":1,"minecraft:black_wool":17,"minecraft:red_concrete":6,"minecraft:sunflower":20},"minecraft:custom":{"minecraft:interact_with_crafting_table":27,"minecraft:open_barrel":25,"minecraft:bell_ring":28,"minecraft:eat_cake_slice":15,"minecraft:leave_game":181,"minecraft:time_since_death":5222576,"minecraft:deaths":3,"minecraft:jump":31663,"minecraft:play_record":8,"minecraft:interact_with_cartography_table":2,"minecraft:sleep_in_bed":2,"minecraft:damage_dealt":1560,"minecraft:inspect_dispenser":14,"minecraft:inspect_dropper":18,"minecraft:interact_with_anvil":6,"minecraft:inspect_hopper":4,"minecraft:target_hit":10,"minecraft:sneak_time":565174,"minecraft:interact_with_lectern":52,"minecraft:tune_noteblock":18463,"minecraft:time_since_rest":536063,"minecraft:swim_one_cm":43353,"minecraft:fly_one_cm":87536387,"minecraft:open_chest":111,"minecraft:fall_one_cm":12639,"minecraft:open_shulker_box":162,"minecraft:sprint_one_cm":12347062,"minecraft:drop":1090,"minecraft:talked_to_villager":2,"minecraft:interact_with_brewingstand":12,"minecraft:walk_on_water_one_cm":121772,"minecraft:play_one_minute":28759268,"minecraft:interact_with_loom":52,"minecraft:interact_with_beacon":1,"minecraft:crouch_one_cm":373482,"minecraft:mob_kills":43,"minecraft:fill_cauldron":1,"minecraft:interact_with_campfire":8,"minecraft:climb_one_cm":42014,"minecraft:walk_one_cm":29572529,"minecraft:strider_one_cm":974,"minecraft:walk_under_water_one_cm":178008,"minecraft:boat_one_cm":11010,"minecraft:pot_flower":47,"minecraft:interact_with_grindstone":6,"minecraft:damage_taken":690,"minecraft:trigger_trapped_chest":28,"minecraft:minecart_one_cm":460979},"minecraft:dropped":{"minecraft:clay":2,"minecraft:pink_stained_glass":6,"minecraft:piston":3,"minecraft:lapis_lazuli":1,"minecraft:emerald_ore":1,"minecraft:crafting_table":1,"minecraft:lime_stained_glass":1,"minecraft:dark_oak_slab":4,"minecraft:orange_tulip":4,"minecraft:turtle_spawn_egg":1,"minecraft:dark_oak_button":2,"minecraft:cracked_stone_bricks":1,"minecraft:quartz_pillar":8,"minecraft:bubble_coral_fan":1,"minecraft:purpur_stairs":1,"minecraft:rail":7,"minecraft:red_mushroom":1,"minecraft:red_carpet":7,"minecraft:item_frame":10,"minecraft:gold_block":4,"minecraft:dirt":17,"minecraft:gray_concrete":1,"minecraft:birch_fence":8,"minecraft:stone_button":4,"minecraft:dark_oak_fence":3,"minecraft:yellow_dye":65,"minecraft:dark_oak_trapdoor":4,"minecraft:stripped_dark_oak_wood":1,"minecraft:horn_coral":2,"minecraft:bone_meal":1,"minecraft:bone_block":2,"minecraft:sunflower":5,"minecraft:sand":6,"minecraft:purple_wool":1,"minecraft:diorite_slab":3,"minecraft:white_wool":5,"minecraft:music_disc_stal":1,"minecraft:green_stained_glass_pane":1,"minecraft:birch_stairs":2,"minecraft:tropical_fish_bucket":6,"minecraft:green_wool":1,"minecraft:dark_oak_door":6,"minecraft:note_block":9,"minecraft:emerald_block":4,"minecraft:lever":30,"minecraft:polished_andesite_slab":6,"minecraft:cooked_chicken":2,"minecraft:gray_banner":3,"minecraft:obsidian":1,"minecraft:blue_wool":2,"minecraft:grindstone":1,"minecraft:birch_wood":1,"minecraft:enchanted_golden_apple":1,"minecraft:end_stone":2,"minecraft:azure_bluet":5,"minecraft:blue_stained_glass":2,"minecraft:yellow_stained_glass_pane":1,"minecraft:red_mushroom_block":1,"minecraft:sea_lantern":13,"minecraft:jungle_stairs":3,"minecraft:yellow_banner":9,"minecraft:painting":11,"minecraft:white_dye":65,"minecraft:spruce_slab":2,"minecraft:glass":19,"minecraft:campfire":4,"minecraft:purple_stained_glass_pane":1,"minecraft:granite_wall":1,"minecraft:stone_brick_stairs":1,"minecraft:white_glazed_terracotta":2,"minecraft:green_stained_glass":1,"minecraft:egg":1,"minecraft:blue_stained_glass_pane":1,"minecraft:black_dye":1,"minecraft:cyan_stained_glass":9,"minecraft:birch_leaves":1,"minecraft:smooth_quartz_stairs":17,"minecraft:netherite_chestplate":2,"minecraft:oak_fence":2,"minecraft:feather":1,"minecraft:light_gray_glazed_terracotta":1,"minecraft:granite":1,"minecraft:spruce_button":1,"minecraft:spruce_door":3,"minecraft:polished_andesite":1,"minecraft:end_rod":10,"minecraft:acacia_sign":2,"minecraft:oxeye_daisy":202,"minecraft:lava_bucket":4,"minecraft:jungle_slab":1,"minecraft:dark_oak_leaves":2,"minecraft:gray_wool":1,"minecraft:iron_trapdoor":9,"minecraft:sponge":6,"minecraft:rose_bush":1,"minecraft:lapis_ore":1,"minecraft:potion":3,"minecraft:stripped_birch_log":2,"minecraft:oak_stairs":1,"minecraft:white_banner":23,"minecraft:smooth_stone":1,"minecraft:smooth_sandstone":4,"minecraft:string":1,"minecraft:acacia_planks":1,"minecraft:beetroot_soup":3,"minecraft:pink_stained_glass_pane":1,"minecraft:stone_brick_slab":1,"minecraft:pink_tulip":1,"minecraft:snow_block":2,"minecraft:yellow_concrete_powder":4,"minecraft:bricks":9,"minecraft:creeper_head":1,"minecraft:redstone_ore":1,"minecraft:light_blue_glazed_terracotta":7,"minecraft:polished_diorite_slab":11,"minecraft:sticky_piston":1,"minecraft:stone_shovel":1,"minecraft:chicken":1,"minecraft:white_carpet":5,"minecraft:blue_concrete":4,"minecraft:light_gray_concrete":1,"minecraft:white_terracotta":1,"minecraft:diamond_ore":3,"minecraft:white_shulker_box":1,"minecraft:light_blue_concrete":3,"minecraft:orange_wool":7,"minecraft:nether_bricks":1,"minecraft:oak_sign":17,"minecraft:purple_stained_glass":2,"minecraft:lily_of_the_valley":6,"minecraft:light_blue_dye":64,"minecraft:hay_block":4,"minecraft:cyan_wool":2,"minecraft:flower_pot":6,"minecraft:allium":16,"minecraft:peony":3,"minecraft:spruce_trapdoor":7,"minecraft:spruce_planks":1,"minecraft:blue_banner":9,"minecraft:redstone_torch":29,"minecraft:stone_pressure_plate":1,"minecraft:bamboo":4,"minecraft:barrel":2,"minecraft:brown_carpet":3,"minecraft:sandstone":1,"minecraft:blue_orchid":218,"minecraft:red_tulip":1,"minecraft:bell":5,"minecraft:brick_slab":2,"minecraft:magma_block":1,"minecraft:red_sandstone_stairs":2,"minecraft:cyan_concrete_powder":2,"minecraft:black_wool":17,"minecraft:pink_concrete_powder":4,"minecraft:quartz_slab":11,"minecraft:gold_ore":3,"minecraft:spruce_sign":1,"minecraft:soul_sand":2,"minecraft:dark_oak_stairs":1,"minecraft:tube_coral_block":1,"minecraft:sandstone_slab":2,"minecraft:blue_concrete_powder":1,"minecraft:lantern":64,"minecraft:lime_stained_glass_pane":1,"minecraft:jungle_planks":1,"minecraft:red_wool":4,"minecraft:bedrock":21,"minecraft:black_banner":4,"minecraft:birch_slab":2,"minecraft:cobblestone_stairs":1,"minecraft:music_disc_11":1,"minecraft:spruce_leaves":6,"minecraft:cyan_terracotta":4,"minecraft:redstone_lamp":7,"minecraft:packed_ice":2,"minecraft:ice":1,"minecraft:cornflower":31,"minecraft:mutton":1,"minecraft:seagrass":2,"minecraft:light_gray_banner":3,"minecraft:prismarine_brick_slab":3,"minecraft:jungle_sign":1,"minecraft:tube_coral":2,"minecraft:black_concrete":5,"minecraft:light_blue_banner":2,"minecraft:black_stained_glass":1,"minecraft:pink_glazed_terracotta":4,"minecraft:honeycomb_block":1,"minecraft:white_tulip":1,"minecraft:andesite_slab":2,"minecraft:yellow_wool":2,"minecraft:lime_wool":1,"minecraft:diorite_stairs":1,"minecraft:diamond_shovel":4,"minecraft:yellow_stained_glass":6,"minecraft:honey_bottle":2,"minecraft:acacia_stairs":1,"minecraft:poppy":8,"minecraft:cyan_banner":2,"minecraft:petrified_oak_slab":6,"minecraft:skeleton_skull":1,"minecraft:oak_wood":1,"minecraft:acacia_slab":1,"minecraft:spruce_pressure_plate":2,"minecraft:glowstone":11,"minecraft:birch_button":2,"minecraft:iron_ore":3,"minecraft:iron_bars":5,"minecraft:arrow":2,"minecraft:powered_rail":2,"minecraft:white_concrete_powder":1,"minecraft:written_book":1,"minecraft:oak_leaves":4,"minecraft:magenta_wool":1,"minecraft:splash_potion":1,"minecraft:polished_granite":3,"minecraft:firework_rocket":1,"minecraft:water_bucket":11,"minecraft:bread":3,"minecraft:oak_slab":6,"minecraft:purple_terracotta":3,"minecraft:stripped_spruce_log":6,"minecraft:chorus_flower":3,"minecraft:lilac":5,"minecraft:minecart":2,"minecraft:cyan_dye":64,"minecraft:andesite_wall":2,"minecraft:observer":1,"minecraft:light_blue_concrete_powder":1,"minecraft:tropical_fish":24,"minecraft:spruce_stairs":3,"minecraft:grass_block":25,"minecraft:spruce_fence_gate":1,"minecraft:iron_block":15,"minecraft:bee_spawn_egg":2,"minecraft:blue_dye":64,"minecraft:light_blue_stained_glass":12,"minecraft:repeater":46,"minecraft:smooth_quartz":22,"minecraft:white_concrete":9,"minecraft:light_gray_shulker_box":2,"minecraft:iron_door":2,"minecraft:jungle_door":1,"minecraft:smooth_quartz_slab":12,"minecraft:jungle_leaves":1,"minecraft:wither_rose":11,"minecraft:polished_andesite_stairs":1,"minecraft:blue_glazed_terracotta":2,"minecraft:music_disc_wait":1,"minecraft:tripwire_hook":1,"minecraft:bucket":12,"minecraft:lapis_block":3,"minecraft:redstone_block":3,"minecraft:chiseled_sandstone":2,"minecraft:dandelion":1,"minecraft:redstone":177,"minecraft:polished_diorite":7,"minecraft:nether_brick_slab":1,"minecraft:jungle_pressure_plate":1,"minecraft:gray_stained_glass":1,"minecraft:chiseled_quartz_block":7,"minecraft:jukebox":1,"minecraft:gray_glazed_terracotta":1,"minecraft:birch_pressure_plate":2,"minecraft:magenta_stained_glass_pane":1,"minecraft:light_gray_wool":1,"minecraft:comparator":2,"minecraft:dolphin_spawn_egg":1,"minecraft:acacia_leaves":5,"minecraft:glass_pane":68,"minecraft:cut_red_sandstone":1,"minecraft:red_nether_brick_stairs":1,"minecraft:end_stone_brick_stairs":1,"minecraft:oak_button":35,"minecraft:cake":3,"minecraft:quartz_stairs":3,"minecraft:fire_coral":2,"minecraft:pink_wool":2,"minecraft:blue_ice":1,"minecraft:oak_sapling":2,"minecraft:birch_sign":6,"minecraft:brain_coral":1,"minecraft:spruce_log":2,"minecraft:music_disc_mellohi":1,"minecraft:brown_stained_glass":1,"minecraft:white_stained_glass":2},"minecraft:killed_by":{"minecraft:zombie":1}},"DataVersion":2567}