{"stats":{"minecraft:used":{"minecraft:sand":16,"minecraft:furnace":2,"minecraft:command_block":12,"minecraft:grass_block":17,"minecraft:stone_button":5,"minecraft:oak_button":2,"minecraft:stone":20,"minecraft:sheep_spawn_egg":33,"minecraft:stripped_birch_wood":1,"minecraft:stripped_spruce_wood":2},"minecraft:picked_up":{"minecraft:item_frame":2,"minecraft:stone":2,"minecraft:command_block":2,"minecraft:sand":2,"minecraft:stripped_spruce_wood":1,"minecraft:stone_button":1,"minecraft:emerald":1,"minecraft:grass_block":4},"minecraft:dropped":{"minecraft:stone":7,"minecraft:sand":2,"minecraft:command_block":3,"minecraft:sheep_spawn_egg":1,"minecraft:stripped_spruce_wood":1,"minecraft:grass_block":5,"minecraft:item_frame":1,"minecraft:emerald":1},"minecraft:custom":{"minecraft:open_chest":1,"minecraft:time_since_rest":875420,"minecraft:damage_taken":960,"minecraft:play_one_minute":1044002,"minecraft:crouch_one_cm":2718,"minecraft:open_shulker_box":46,"minecraft:interact_with_furnace":1,"minecraft:sprint_one_cm":93460,"minecraft:deaths":4,"minecraft:walk_one_cm":636835,"minecraft:sneak_time":9065,"minecraft:drop":20,"minecraft:interact_with_lectern":6,"minecraft:jump":604,"minecraft:damage_dealt":100,"minecraft:leave_game":37,"minecraft:time_since_death":875377,"minecraft:climb_one_cm":3553,"minecraft:fly_one_cm":2606049}},"DataVersion":2230}