{"stats":{"minecraft:used":{"minecraft:light_blue_banner":54,"minecraft:light_blue_stained_glass_pane":5,"minecraft:blue_terracotta":12,"minecraft:end_rod":22,"minecraft:iron_bars":354,"minecraft:cobblestone_stairs":17,"minecraft:dead_tube_coral_block":3,"minecraft:birch_planks":121,"minecraft:smooth_quartz_slab":162,"minecraft:dead_horn_coral_block":3,"minecraft:stripped_birch_log":7,"minecraft:red_stained_glass":2,"minecraft:polished_andesite":89,"minecraft:redstone":82,"minecraft:bone_block":25,"minecraft:light_blue_terracotta":6,"minecraft:stone":3,"minecraft:stripped_jungle_wood":2,"minecraft:quartz_stairs":29,"minecraft:stripped_birch_wood":338,"minecraft:anvil":1,"minecraft:smooth_quartz_stairs":12,"minecraft:torch":61,"minecraft:jungle_wood":4,"minecraft:dirt":338,"minecraft:diamond_block":59,"minecraft:light_gray_banner":3,"minecraft:infested_chiseled_stone_bricks":3,"minecraft:light_blue_concrete":2181,"minecraft:lime_stained_glass_pane":3,"minecraft:crafting_table":1,"minecraft:loom":1,"minecraft:light_blue_wool":2,"minecraft:brown_banner":222,"minecraft:dead_fire_coral_block":3,"minecraft:yellow_concrete":1,"minecraft:black_banner":19,"minecraft:yellow_stained_glass_pane":3,"minecraft:chiseled_quartz_block":49,"minecraft:light_gray_concrete_powder":3,"minecraft:oak_wood":4,"minecraft:gray_concrete":8,"minecraft:black_concrete_powder":2,"minecraft:dead_brain_coral_block":3,"minecraft:blue_concrete":2,"minecraft:purple_stained_glass_pane":1,"minecraft:blue_stained_glass_pane":1,"minecraft:black_terracotta":6,"minecraft:glass":45,"minecraft:gray_terracotta":1188,"minecraft:black_concrete":246,"minecraft:sea_lantern":2,"minecraft:lava_bucket":1,"minecraft:cyan_terracotta":16,"minecraft:stripped_dark_oak_wood":98,"minecraft:quartz_pillar":17,"minecraft:iron_block":2656,"minecraft:yellow_stained_glass":5,"minecraft:light_gray_concrete":57,"minecraft:spruce_wood":4,"minecraft:lantern":1,"minecraft:stone_button":18,"minecraft:polished_andesite_stairs":2,"minecraft:quartz_block":783,"minecraft:smooth_quartz":508,"minecraft:iron_door":10,"minecraft:pink_stained_glass_pane":1,"minecraft:stone_brick_stairs":23,"minecraft:stone_bricks":454,"minecraft:red_stained_glass_pane":9,"minecraft:cobblestone":477,"minecraft:potion":8,"minecraft:cyan_stained_glass_pane":1,"minecraft:lime_stained_glass":1,"minecraft:stripped_oak_wood":3,"minecraft:white_banner":58,"minecraft:white_stained_glass_pane":1,"minecraft:glass_pane":329,"minecraft:polished_diorite_stairs":1,"minecraft:gold_block":65,"minecraft:trapped_chest":1,"minecraft:stone_pressure_plate":24,"minecraft:white_concrete":212,"minecraft:dead_bubble_coral_block":139,"minecraft:orange_stained_glass_pane":1,"minecraft:stripped_spruce_wood":5},"minecraft:picked_up":{"minecraft:iron_door":2,"minecraft:potion":1,"minecraft:lantern":1,"minecraft:white_banner":6,"minecraft:light_blue_banner":2,"minecraft:light_gray_concrete_powder":1,"minecraft:quartz_slab":1,"minecraft:oak_sign":1,"minecraft:stone_bricks":64,"minecraft:light_blue_dye":1,"minecraft:polished_andesite_stairs":1,"minecraft:torch":9,"minecraft:lava_bucket":2,"minecraft:stone_button":1,"minecraft:vine":1,"minecraft:redstone":12,"minecraft:stone_pressure_plate":7,"minecraft:lime_dye":1,"minecraft:black_concrete_powder":1,"minecraft:iron_block":2,"minecraft:brown_banner":55},"minecraft:dropped":{"minecraft:blue_terracotta":1,"minecraft:anvil":1,"minecraft:vine":2,"minecraft:birch_planks":2,"minecraft:chiseled_quartz_block":2,"minecraft:stripped_jungle_wood":1,"minecraft:smooth_quartz_stairs":1,"minecraft:crafting_table":1,"minecraft:stripped_birch_wood":1,"minecraft:dead_bubble_coral_block":1,"minecraft:cobblestone":1,"minecraft:black_terracotta":1,"minecraft:flower_banner_pattern":1,"minecraft:jungle_wood":1,"minecraft:diamond_shovel":1,"minecraft:lime_dye":1,"minecraft:light_gray_concrete":2,"minecraft:quartz_pillar":3,"minecraft:dead_horn_coral_block":1,"minecraft:brown_banner":35,"minecraft:oak_sign":1,"minecraft:dead_fire_coral_block":2,"minecraft:polished_andesite":1,"minecraft:end_rod":1,"minecraft:cobblestone_stairs":5,"minecraft:cyan_terracotta":1,"minecraft:lava_bucket":3,"minecraft:iron_block":6,"minecraft:light_blue_dye":1,"minecraft:dirt":2,"minecraft:gray_concrete":1,"minecraft:gray_terracotta":2,"minecraft:black_concrete_powder":1,"minecraft:oak_wood":1,"minecraft:quartz_block":2,"minecraft:quartz_stairs":1,"minecraft:white_concrete":1,"minecraft:iron_door":1,"minecraft:spruce_wood":1,"minecraft:potion":2,"minecraft:stripped_birch_log":1,"minecraft:stone_pressure_plate":2,"minecraft:white_stained_glass_pane":1,"minecraft:stone_bricks":65,"minecraft:bone_block":1,"minecraft:polished_andesite_stairs":1,"minecraft:white_dye":1,"minecraft:white_banner":8,"minecraft:orange_stained_glass_pane":1,"minecraft:dead_brain_coral_block":1,"minecraft:light_blue_terracotta":1,"minecraft:trapped_chest":1,"minecraft:light_gray_concrete_powder":1,"minecraft:pink_stained_glass_pane":1,"minecraft:quartz_slab":1,"minecraft:dead_tube_coral_block":1},"minecraft:custom":{"minecraft:interact_with_anvil":1,"minecraft:interact_with_crafting_table":11,"minecraft:play_one_minute":928000,"minecraft:interact_with_loom":28,"minecraft:leave_game":7,"minecraft:time_since_death":928000,"minecraft:climb_one_cm":4276,"minecraft:time_since_rest":928000,"minecraft:sprint_one_cm":320725,"minecraft:walk_one_cm":1184673,"minecraft:trigger_trapped_chest":2,"minecraft:drop":89,"minecraft:fly_one_cm":4288228,"minecraft:crouch_one_cm":107094,"minecraft:sneak_time":67410,"minecraft:walk_under_water_one_cm":13986,"minecraft:jump":2317,"minecraft:walk_on_water_one_cm":551},"minecraft:crafted":{"minecraft:cobblestone_stairs":4}},"DataVersion":2230}