{"stats":{"minecraft:killed":{"minecraft:witch":2,"minecraft:chicken":67,"minecraft:creeper":5,"minecraft:sheep":28,"minecraft:endermite":1,"minecraft:vindicator":1,"minecraft:husk":2,"minecraft:rabbit":3},"minecraft:used":{"minecraft:peony":10,"minecraft:writable_book":5,"minecraft:light_blue_banner":118,"minecraft:nether_brick_fence":583,"minecraft:light_blue_stained_glass_pane":112,"minecraft:jack_o_lantern":35,"minecraft:blue_terracotta":1190,"minecraft:polished_granite_stairs":192,"minecraft:red_sand":1,"minecraft:melon":7,"minecraft:light_gray_stained_glass_pane":79,"minecraft:cut_red_sandstone_slab":3,"minecraft:smooth_quartz_slab":1123,"minecraft:dead_horn_coral_block":80,"minecraft:dispenser":36,"minecraft:red_sandstone_slab":8,"minecraft:spruce_slab":1018,"minecraft:bone_block":2088,"minecraft:ladder":66,"minecraft:oak_sign":55,"minecraft:black_carpet":38,"minecraft:white_concrete_powder":2123,"minecraft:green_banner":47,"minecraft:chest":43,"minecraft:white_terracotta":12795,"minecraft:brown_concrete":56,"minecraft:stone":1701,"minecraft:iron_sword":20,"minecraft:stripped_jungle_wood":179,"minecraft:creeper_head":5,"minecraft:white_shulker_box":4,"minecraft:quartz_stairs":1491,"minecraft:red_nether_brick_stairs":41,"minecraft:bell":19,"minecraft:smooth_sandstone_stairs":2192,"minecraft:farmland":18,"minecraft:green_terracotta":26,"minecraft:spruce_leaves":193,"minecraft:chiseled_red_sandstone":135,"minecraft:soul_sand":1,"minecraft:birch_pressure_plate":3,"minecraft:nether_bricks":482,"minecraft:brick_slab":283,"minecraft:blue_stained_glass":1836,"minecraft:orange_glazed_terracotta":217,"minecraft:jungle_planks":403,"minecraft:prismarine_brick_stairs":653,"minecraft:pink_terracotta":1799,"minecraft:jungle_slab":23,"minecraft:orange_wool":62,"minecraft:acacia_sapling":1,"minecraft:cyan_wool":149,"minecraft:azure_bluet":60,"minecraft:stripped_spruce_log":406,"minecraft:obsidian":561,"minecraft:glass":4903,"minecraft:packed_ice":131,"minecraft:honey_block":384,"minecraft:cyan_terracotta":35,"minecraft:lava_bucket":2,"minecraft:stripped_dark_oak_wood":286,"minecraft:bricks":5297,"minecraft:quartz_pillar":3446,"minecraft:lime_banner":33,"minecraft:black_stained_glass_pane":295,"minecraft:red_wool":3149,"minecraft:quartz_slab":943,"minecraft:grass_block":1290,"minecraft:lantern":976,"minecraft:birch_sapling":10,"minecraft:quartz_block":22300,"minecraft:polished_andesite_stairs":270,"minecraft:green_wool":202,"minecraft:wet_sponge":10,"minecraft:dark_oak_wood":2,"minecraft:dark_oak_leaves":231,"minecraft:dark_oak_slab":1251,"minecraft:mossy_cobblestone_slab":59,"minecraft:gray_concrete_powder":1344,"minecraft:tropical_fish_spawn_egg":1,"minecraft:hopper_minecart":14,"minecraft:diorite_wall":655,"minecraft:pink_wool":218,"minecraft:stone_brick_stairs":4832,"minecraft:stone_bricks":14466,"minecraft:blue_banner":80,"minecraft:item_frame":702,"minecraft:bedrock":794,"minecraft:red_nether_brick_wall":77,"minecraft:honeycomb_block":31,"minecraft:snow":690,"minecraft:birch_trapdoor":180,"minecraft:repeater":845,"minecraft:red_stained_glass_pane":5,"minecraft:red_carpet":332,"minecraft:redstone_lamp":169,"minecraft:brown_carpet":62,"minecraft:bow":20,"minecraft:hay_block":425,"minecraft:written_book":6,"minecraft:scaffolding":37,"minecraft:yellow_glazed_terracotta":86,"minecraft:oak_sapling":27,"minecraft:furnace":170,"minecraft:acacia_fence":709,"minecraft:gold_block":165,"minecraft:polished_diorite_stairs":123,"minecraft:skeleton_skull":1,"minecraft:gray_banner":149,"minecraft:pink_concrete_powder":1,"minecraft:end_stone_brick_stairs":1706,"minecraft:dragon_head":1,"minecraft:large_fern":4,"minecraft:dark_prismarine_stairs":5805,"minecraft:seagrass":8,"minecraft:brown_concrete_powder":56,"minecraft:stripped_spruce_wood":602,"minecraft:dark_oak_sapling":4,"minecraft:light_blue_carpet":215,"minecraft:emerald_ore":7,"minecraft:dark_oak_stairs":1439,"minecraft:mossy_stone_bricks":38,"minecraft:diorite":363,"minecraft:end_rod":501,"minecraft:end_stone_bricks":3832,"minecraft:spruce_door":356,"minecraft:brick_wall":95,"minecraft:dropper":271,"minecraft:stripped_acacia_log":234,"minecraft:gray_carpet":255,"minecraft:powered_rail":15,"minecraft:stripped_birch_log":949,"minecraft:birch_leaves":25,"minecraft:witch_spawn_egg":1,"minecraft:red_stained_glass":60,"minecraft:dark_oak_sign":33,"minecraft:acacia_trapdoor":368,"minecraft:birch_wood":159,"minecraft:prismarine":433,"minecraft:jungle_fence":16,"minecraft:oak_planks":1783,"minecraft:polished_diorite_slab":131,"minecraft:orange_tulip":16,"minecraft:lime_concrete_powder":2,"minecraft:mossy_stone_brick_stairs":2,"minecraft:sandstone":816,"minecraft:redstone_block":264,"minecraft:end_stone_brick_slab":599,"minecraft:clay":2130,"minecraft:diamond_axe":30,"minecraft:blue_bed":31,"minecraft:sugar_cane":7,"minecraft:purpur_pillar":390,"minecraft:oak_leaves":780,"minecraft:cookie":1,"minecraft:smooth_quartz_stairs":2321,"minecraft:white_wool":5160,"minecraft:dark_oak_trapdoor":121,"minecraft:sand":165,"minecraft:purpur_stairs":294,"minecraft:light_blue_concrete":2837,"minecraft:yellow_terracotta":3922,"minecraft:cut_sandstone_slab":266,"minecraft:loom":51,"minecraft:blast_furnace":15,"minecraft:yellow_concrete":176,"minecraft:light_blue_wool":1089,"minecraft:black_banner":227,"minecraft:crossbow":34,"minecraft:smooth_red_sandstone":6482,"minecraft:light_gray_terracotta":213,"minecraft:acacia_leaves":1,"minecraft:blue_ice":150,"minecraft:gray_concrete":1170,"minecraft:sponge":2316,"minecraft:purple_terracotta":2,"minecraft:chiseled_quartz_block":514,"minecraft:lingering_potion":2,"minecraft:black_bed":32,"minecraft:stone_brick_wall":156,"minecraft:end_stone":1984,"minecraft:red_sandstone_wall":189,"minecraft:birch_fence":1945,"minecraft:redstone_torch":1312,"minecraft:sticky_piston":909,"minecraft:black_terracotta":1964,"minecraft:blue_glazed_terracotta":177,"minecraft:lever":184,"minecraft:green_concrete":16,"minecraft:red_sandstone":172,"minecraft:black_concrete":1908,"minecraft:birch_slab":158,"minecraft:daylight_detector":12,"minecraft:birch_fence_gate":22,"minecraft:chiseled_sandstone":255,"minecraft:acacia_door":16,"minecraft:lime_carpet":3,"minecraft:dark_oak_log":183,"minecraft:gray_stained_glass_pane":23,"minecraft:light_gray_concrete":10026,"minecraft:heavy_weighted_pressure_plate":72,"minecraft:string":161,"minecraft:brown_wool":142,"minecraft:stone_button":163,"minecraft:lectern":12,"minecraft:white_glazed_terracotta":166,"minecraft:red_terracotta":1051,"minecraft:polished_granite":2318,"minecraft:oak_pressure_plate":15,"minecraft:diamond_ore":6,"minecraft:iron_door":190,"minecraft:cut_red_sandstone":312,"minecraft:prismarine_wall":1376,"minecraft:gravel":428,"minecraft:lilac":4,"minecraft:polished_andesite_slab":73,"minecraft:granite_slab":52,"minecraft:coal_block":155,"minecraft:nether_wart_block":1,"minecraft:diamond_sword":12,"minecraft:jungle_sign":6,"minecraft:smooth_red_sandstone_slab":90,"minecraft:pufferfish_bucket":1,"minecraft:stripped_oak_wood":751,"minecraft:grindstone":4,"minecraft:dark_oak_fence":987,"minecraft:smithing_table":2,"minecraft:white_stained_glass":4209,"minecraft:birch_log":312,"minecraft:andesite":2626,"minecraft:ice":13,"minecraft:mossy_cobblestone_wall":51,"minecraft:smooth_stone_slab":1631,"minecraft:white_concrete":14133,"minecraft:tropical_fish_bucket":32,"minecraft:diorite_slab":160,"minecraft:bone_meal":409,"minecraft:purple_wool":53,"minecraft:cobweb":184,"minecraft:gray_stained_glass":72,"minecraft:oak_fence":25,"minecraft:diorite_stairs":51,"minecraft:iron_bars":3443,"minecraft:oak_trapdoor":83,"minecraft:purpur_block":169,"minecraft:stripped_acacia_wood":415,"minecraft:petrified_oak_slab":1,"minecraft:orange_concrete_powder":4,"minecraft:trident":133,"minecraft:jungle_leaves":1,"minecraft:rose_bush":4,"minecraft:enchanting_table":6,"minecraft:granite_stairs":139,"minecraft:dead_tube_coral_block":13,"minecraft:dead_bush":5,"minecraft:orange_concrete":131,"minecraft:flint_and_steel":5,"minecraft:red_concrete":389,"minecraft:armor_stand":141,"minecraft:redstone":2726,"minecraft:mycelium":4,"minecraft:light_gray_carpet":317,"minecraft:light_blue_terracotta":1911,"minecraft:spruce_planks":1573,"minecraft:ender_chest":110,"minecraft:brown_shulker_box":3,"minecraft:stripped_birch_wood":452,"minecraft:sandstone_wall":395,"minecraft:cooked_chicken":1,"minecraft:dried_kelp_block":179,"minecraft:netherrack":114,"minecraft:torch":391,"minecraft:oak_door":48,"minecraft:light_gray_shulker_box":11,"minecraft:end_stone_brick_wall":2599,"minecraft:brewing_stand":13,"minecraft:dirt":4364,"minecraft:anvil":70,"minecraft:red_nether_brick_slab":1334,"minecraft:white_carpet":151,"minecraft:hopper":87,"minecraft:nether_quartz_ore":16,"minecraft:prismarine_bricks":3912,"minecraft:spruce_stairs":1228,"minecraft:cobblestone_wall":22,"minecraft:stone_stairs":1227,"minecraft:nether_brick_slab":296,"minecraft:pink_carpet":20,"minecraft:light_gray_glazed_terracotta":84,"minecraft:blue_concrete":1342,"minecraft:yellow_carpet":987,"minecraft:polished_granite_slab":320,"minecraft:salmon_bucket":2,"minecraft:jungle_trapdoor":114,"minecraft:granite":422,"minecraft:dead_brain_coral_block":6,"minecraft:spruce_fence":446,"minecraft:light_blue_stained_glass":3160,"minecraft:nether_brick_stairs":1175,"minecraft:fern":1,"minecraft:polished_diorite":1280,"minecraft:purple_banner":9,"minecraft:andesite_wall":600,"minecraft:birch_door":43,"minecraft:mossy_cobblestone_stairs":8,"minecraft:purple_stained_glass_pane":3,"minecraft:stone_brick_slab":1551,"minecraft:dark_oak_planks":2284,"minecraft:brown_terracotta":238,"minecraft:sea_lantern":5514,"minecraft:light_gray_stained_glass":1,"minecraft:bookshelf":875,"minecraft:yellow_stained_glass":31,"minecraft:iron_block":5619,"minecraft:light_weighted_pressure_plate":3,"minecraft:oak_stairs":391,"minecraft:brick_stairs":805,"minecraft:slime_block":333,"minecraft:smooth_sandstone":8359,"minecraft:acacia_slab":36,"minecraft:smooth_quartz":9869,"minecraft:prismarine_slab":228,"minecraft:barrel":75,"minecraft:bamboo":28,"minecraft:light_gray_wool":1497,"minecraft:tripwire_hook":90,"minecraft:purple_concrete":2,"minecraft:glowstone":554,"minecraft:lime_concrete":172,"minecraft:tall_grass":19,"minecraft:black_stained_glass":1355,"minecraft:magenta_wool":265,"minecraft:emerald_block":24,"minecraft:gray_glazed_terracotta":29,"minecraft:iron_trapdoor":99,"minecraft:magenta_terracotta":19,"minecraft:white_stained_glass_pane":377,"minecraft:podzol":374,"minecraft:minecart":10,"minecraft:infested_cobblestone":2,"minecraft:cyan_banner":7,"minecraft:cyan_concrete_powder":4,"minecraft:trapped_chest":1,"minecraft:stone_pressure_plate":22,"minecraft:dead_bubble_coral_block":784,"minecraft:acacia_planks":888,"minecraft:mossy_stone_brick_wall":16,"minecraft:orange_terracotta":1848,"minecraft:observer":351,"minecraft:pumpkin":27,"minecraft:water_bucket":373,"minecraft:yellow_banner":20,"minecraft:light_blue_shulker_box":1,"minecraft:nether_brick_wall":95,"minecraft:iron_ore":12,"minecraft:pink_glazed_terracotta":10,"minecraft:light_blue_glazed_terracotta":7,"minecraft:sandstone_stairs":369,"minecraft:snow_block":5470,"minecraft:prismarine_brick_slab":136,"minecraft:birch_planks":437,"minecraft:polished_andesite":1085,"minecraft:lime_wool":862,"minecraft:red_nether_bricks":1132,"minecraft:cartography_table":4,"minecraft:blue_wool":2087,"minecraft:pink_banner":8,"minecraft:andesite_slab":1306,"minecraft:smooth_sandstone_slab":753,"minecraft:pink_concrete":6,"minecraft:red_mushroom_block":4,"minecraft:cut_sandstone":1797,"minecraft:blue_concrete_powder":3,"minecraft:spruce_sign":7,"minecraft:cauldron":25,"minecraft:diamond_block":1280,"minecraft:spruce_fence_gate":5,"minecraft:fletching_table":3,"minecraft:beacon":10,"minecraft:sheep_spawn_egg":79,"minecraft:red_glazed_terracotta":95,"minecraft:cobblestone_slab":123,"minecraft:orange_carpet":4,"minecraft:light_gray_banner":11,"minecraft:jungle_wood":5,"minecraft:conduit":1,"minecraft:cracked_stone_bricks":69,"minecraft:lime_terracotta":263,"minecraft:comparator":354,"minecraft:rabbit_spawn_egg":4,"minecraft:mossy_cobblestone":3,"minecraft:vine":5,"minecraft:rail":3662,"minecraft:terracotta":83,"minecraft:stripped_dark_oak_log":471,"minecraft:dark_prismarine_slab":3246,"minecraft:oak_slab":263,"minecraft:crafting_table":25,"minecraft:dead_fire_coral_block":559,"minecraft:brown_banner":15,"minecraft:birch_sign":88,"minecraft:white_bed":42,"minecraft:campfire":31,"minecraft:light_gray_concrete_powder":11007,"minecraft:dark_oak_fence_gate":53,"minecraft:fire_coral":1,"minecraft:painting":493,"minecraft:endermite_spawn_egg":2,"minecraft:smoker":138,"minecraft:smooth_red_sandstone_stairs":73,"minecraft:cake":23,"minecraft:spruce_log":75,"minecraft:mushroom_stem":63,"minecraft:dark_oak_door":122,"minecraft:purple_stained_glass":73,"minecraft:oak_log":326,"minecraft:blue_stained_glass_pane":165,"minecraft:gray_terracotta":937,"minecraft:cornflower":11,"minecraft:piston":143,"minecraft:dark_prismarine":1008,"minecraft:ender_eye":5,"minecraft:flower_pot":133,"minecraft:activator_rail":39,"minecraft:acacia_stairs":485,"minecraft:black_wool":2953,"minecraft:oxeye_daisy":7,"minecraft:acacia_sign":21,"minecraft:stripped_jungle_log":328,"minecraft:command_block":2,"minecraft:sunflower":2,"minecraft:oak_button":61,"minecraft:map":34,"minecraft:spruce_pressure_plate":3,"minecraft:cyan_concrete":9,"minecraft:jungle_stairs":195,"minecraft:stone_slab":844,"minecraft:purpur_slab":84,"minecraft:spruce_trapdoor":929,"minecraft:spruce_sapling":22,"minecraft:yellow_wool":681,"minecraft:acacia_fence_gate":7,"minecraft:blue_carpet":407,"minecraft:magenta_banner":3,"minecraft:pink_bed":1,"minecraft:green_carpet":8,"minecraft:cobblestone":218,"minecraft:potion":11,"minecraft:orange_banner":22,"minecraft:andesite_stairs":189,"minecraft:bucket":55,"minecraft:red_concrete_powder":53,"minecraft:white_banner":279,"minecraft:jungle_door":17,"minecraft:glass_pane":1575,"minecraft:pink_shulker_box":6,"minecraft:red_banner":119,"minecraft:lapis_block":505,"minecraft:sandstone_slab":99,"minecraft:grass_path":7,"minecraft:wither_rose":2,"minecraft:end_portal_frame":47,"minecraft:sea_pickle":1,"minecraft:stripped_oak_log":4,"minecraft:gray_wool":778,"minecraft:jukebox":1518,"minecraft:purple_carpet":13,"minecraft:dandelion":32,"minecraft:smooth_stone":2688,"minecraft:splash_potion":12,"minecraft:birch_stairs":652,"minecraft:green_stained_glass":29},"minecraft:picked_up":{"minecraft:birch_door":1,"minecraft:black_carpet":2,"minecraft:redstone_block":3,"minecraft:flower_pot":2,"minecraft:yellow_wool":1,"minecraft:potion":5,"minecraft:enchanted_book":28,"minecraft:smooth_stone_slab":1,"minecraft:oak_sign":2,"minecraft:activator_rail":2,"minecraft:comparator":33,"minecraft:smooth_stone":1,"minecraft:bucket":2,"minecraft:spruce_planks":3,"minecraft:red_dye":43,"minecraft:redstone_torch":447,"minecraft:written_book":4,"minecraft:ender_eye":1,"minecraft:smooth_quartz":2,"minecraft:dark_oak_door":5,"minecraft:tipped_arrow":35,"minecraft:white_glazed_terracotta":1,"minecraft:stick":1,"minecraft:jungle_door":1,"minecraft:torch":159,"minecraft:pink_carpet":4,"minecraft:rabbit_foot":1,"minecraft:black_dye":178,"minecraft:green_banner":3,"minecraft:rotten_flesh":1,"minecraft:light_blue_wool":3,"minecraft:iron_block":2,"minecraft:blue_dye":459,"minecraft:white_terracotta":1,"minecraft:end_rod":1,"minecraft:iron_bars":1,"minecraft:snowball":1,"minecraft:feather":2,"minecraft:leather_chestplate":2,"minecraft:repeater":90,"minecraft:iron_door":9,"minecraft:water_bucket":2,"minecraft:magenta_dye":63,"minecraft:lapis_lazuli":128,"minecraft:lantern":48,"minecraft:light_gray_concrete_powder":5,"minecraft:purple_carpet":4,"minecraft:gray_terracotta":1,"minecraft:wheat_seeds":1,"minecraft:bell":2,"minecraft:light_blue_dye":62,"minecraft:dark_oak_sign":1,"minecraft:rabbit":2,"minecraft:bamboo":11,"minecraft:powered_rail":2,"minecraft:sheep_spawn_egg":1,"minecraft:oak_pressure_plate":3,"minecraft:dropper":1,"minecraft:light_blue_shulker_box":2,"minecraft:loom":4,"minecraft:orange_wool":2,"minecraft:spruce_fence_gate":1,"minecraft:yellow_carpet":10,"minecraft:sugar":3,"minecraft:lever":25,"minecraft:yellow_stained_glass_pane":1,"minecraft:crossbow":1,"minecraft:white_concrete":1,"minecraft:emerald":1,"minecraft:cyan_dye":63,"minecraft:blue_banner":5,"minecraft:oak_sapling":2,"minecraft:light_gray_carpet":9,"minecraft:splash_potion":1,"minecraft:chicken":1,"minecraft:ladder":16,"minecraft:rabbit_stew":1,"minecraft:orange_banner":28,"minecraft:heavy_weighted_pressure_plate":51,"minecraft:cornflower":1,"minecraft:jungle_trapdoor":2,"minecraft:white_carpet":18,"minecraft:item_frame":89,"minecraft:magenta_wool":1,"minecraft:spruce_slab":1,"minecraft:light_gray_wool":2,"minecraft:sugar_cane":4,"minecraft:egg":1,"minecraft:orange_dye":187,"minecraft:stone":1,"minecraft:white_dye":529,"minecraft:stone_button":63,"minecraft:redstone":482,"minecraft:prismarine_crystals":1,"minecraft:blue_carpet":11,"minecraft:dark_oak_planks":2,"minecraft:arrow":128,"minecraft:black_banner":6,"minecraft:mutton":36,"minecraft:white_wool":76,"minecraft:rail":27,"minecraft:prismarine_slab":1,"minecraft:tripwire_hook":1,"minecraft:yellow_dye":60,"minecraft:filled_map":38,"minecraft:gunpowder":5,"minecraft:paper":32,"minecraft:white_banner":17,"minecraft:birch_pressure_plate":1,"minecraft:smooth_sandstone":1,"minecraft:red_carpet":2,"minecraft:light_blue_banner":5,"minecraft:gray_carpet":5,"minecraft:rabbit_hide":2,"minecraft:cooked_chicken":1,"minecraft:scaffolding":5,"minecraft:quartz":1,"minecraft:dandelion":6,"minecraft:gravel":1,"minecraft:red_banner":1,"minecraft:green_carpet":4,"minecraft:spruce_door":13,"minecraft:sea_lantern":2,"minecraft:music_disc_mall":1,"minecraft:lime_dye":123,"minecraft:slime_ball":1,"minecraft:gray_banner":3,"minecraft:light_blue_carpet":2,"minecraft:painting":5,"minecraft:birch_sign":5,"minecraft:oak_button":13,"minecraft:black_wool":5,"minecraft:smooth_quartz_slab":2,"minecraft:ender_pearl":2},"minecraft:dropped":{"minecraft:orange_dye":62,"minecraft:oak_pressure_plate":1,"minecraft:loom":5,"minecraft:ender_pearl":1,"minecraft:crossbow":1,"minecraft:cracked_stone_bricks":1,"minecraft:black_banner":7,"minecraft:stone_button":1,"minecraft:yellow_dye":60,"minecraft:snowball":1,"minecraft:white_wool":1,"minecraft:magenta_banner":1,"minecraft:gray_banner":1,"minecraft:lime_dye":123,"minecraft:yellow_stained_glass_pane":1,"minecraft:leather_chestplate":1,"minecraft:sea_lantern":2,"minecraft:orange_banner":28,"minecraft:heavy_weighted_pressure_plate":49,"minecraft:dropper":1,"minecraft:music_disc_mall":1,"minecraft:spruce_slab":1,"minecraft:white_dye":62,"minecraft:iron_bars":1,"minecraft:end_stone_bricks":1,"minecraft:prismarine_bricks":1,"minecraft:written_book":6,"minecraft:brown_concrete":1,"minecraft:enchanted_book":27,"minecraft:prismarine_crystals":1,"minecraft:spruce_door":1,"minecraft:spruce_fence_gate":1,"minecraft:cobweb":1,"minecraft:iron_block":1,"minecraft:gray_wool":1,"minecraft:light_blue_wool":1,"minecraft:white_concrete":1,"minecraft:smooth_quartz":2,"minecraft:iron_door":1,"minecraft:smooth_quartz_slab":1,"minecraft:white_banner":22,"minecraft:prismarine_slab":1,"minecraft:smooth_stone":1,"minecraft:smooth_sandstone":1,"minecraft:redstone_block":2,"minecraft:redstone":28,"minecraft:snow_block":1,"minecraft:birch_pressure_plate":2,"minecraft:light_gray_wool":1,"minecraft:comparator":1,"minecraft:ender_eye":2,"minecraft:white_terracotta":1,"minecraft:orange_wool":1,"minecraft:filled_map":7,"minecraft:light_blue_dye":62,"minecraft:gray_terracotta":1,"minecraft:spruce_planks":3,"minecraft:blue_banner":5,"minecraft:blue_ice":1,"minecraft:redstone_torch":97,"minecraft:birch_sign":1,"minecraft:slime_ball":1,"minecraft:magenta_dye":63,"minecraft:black_wool":1},"minecraft:custom":{"minecraft:interact_with_crafting_table":54,"minecraft:open_barrel":9,"minecraft:open_shulker_box":151,"minecraft:bell_ring":40,"minecraft:eat_cake_slice":57,"minecraft:leave_game":151,"minecraft:time_since_death":30741335,"minecraft:sprint_one_cm":2365495,"minecraft:drop":154,"minecraft:deaths":4,"minecraft:jump":25268,"minecraft:interact_with_brewingstand":1,"minecraft:walk_on_water_one_cm":44258,"minecraft:enchant_item":31,"minecraft:interact_with_furnace":22,"minecraft:interact_with_cartography_table":18,"minecraft:play_one_minute":31716999,"minecraft:interact_with_loom":208,"minecraft:open_enderchest":4,"minecraft:damage_dealt":3859,"minecraft:interact_with_beacon":1,"minecraft:crouch_one_cm":131147,"minecraft:interact_with_smoker":18,"minecraft:inspect_dispenser":89,"minecraft:inspect_dropper":286,"minecraft:mob_kills":110,"minecraft:interact_with_anvil":23,"minecraft:inspect_hopper":17,"minecraft:fill_cauldron":10,"minecraft:climb_one_cm":29905,"minecraft:walk_one_cm":31840750,"minecraft:sneak_time":329729,"minecraft:walk_under_water_one_cm":4156,"minecraft:interact_with_lectern":19,"minecraft:pot_flower":64,"minecraft:time_since_rest":30741497,"minecraft:damage_taken":1000,"minecraft:trigger_trapped_chest":14,"minecraft:minecart_one_cm":47990,"minecraft:swim_one_cm":492,"minecraft:fly_one_cm":66367849,"minecraft:open_chest":21,"minecraft:aviate_one_cm":16661},"minecraft:mined":{"minecraft:white_bed":29,"minecraft:black_bed":23,"minecraft:blue_bed":19},"minecraft:crafted":{"minecraft:black_dye":1,"minecraft:leather_chestplate":36,"minecraft:leather_leggings":33,"minecraft:leather_boots":18,"minecraft:filled_map":4,"minecraft:leather_helmet":5}},"DataVersion":2230}