{"stats":{"minecraft:used":{"minecraft:grass_block":1},"minecraft:picked_up":{"minecraft:diamond_chestplate":1},"minecraft:dropped":{"minecraft:diamond_chestplate":2},"minecraft:custom":{"minecraft:jump":68,"minecraft:time_since_rest":38719,"minecraft:crouch_one_cm":2835,"minecraft:play_one_minute":38719,"minecraft:leave_game":4,"minecraft:sprint_one_cm":69112,"minecraft:time_since_death":38719,"minecraft:walk_one_cm":23321,"minecraft:sneak_time":3203,"minecraft:drop":2,"minecraft:fly_one_cm":865753}},"DataVersion":2230}