{"stats":{"minecraft:killed":{"minecraft:sheep":1},"minecraft:used":{"minecraft:oak_trapdoor":17,"minecraft:petrified_oak_slab":2,"minecraft:blue_terracotta":669,"minecraft:iron_bars":21,"minecraft:enchanting_table":3,"minecraft:flint_and_steel":11,"minecraft:dead_horn_coral_block":65,"minecraft:smooth_quartz_slab":14,"minecraft:armor_stand":6,"minecraft:dispenser":9,"minecraft:spruce_slab":2,"minecraft:redstone":721,"minecraft:bone_block":4,"minecraft:oak_sign":31,"minecraft:light_blue_terracotta":376,"minecraft:black_carpet":66,"minecraft:spruce_planks":533,"minecraft:chest":1,"minecraft:white_terracotta":762,"minecraft:ender_chest":81,"minecraft:stone":688,"minecraft:quartz_stairs":1488,"minecraft:stripped_birch_wood":1,"minecraft:green_terracotta":870,"minecraft:netherrack":273,"minecraft:oak_door":1,"minecraft:torch":11,"minecraft:end_stone_brick_wall":4,"minecraft:brewing_stand":6,"minecraft:soul_sand":158,"minecraft:dirt":460,"minecraft:anvil":10,"minecraft:jungle_planks":17,"minecraft:white_carpet":288,"minecraft:hopper":106,"minecraft:nether_quartz_ore":6,"minecraft:prismarine_bricks":71,"minecraft:nether_bricks":4,"minecraft:jungle_slab":92,"minecraft:orange_wool":1126,"minecraft:pink_terracotta":134,"minecraft:snowball":52,"minecraft:jungle_trapdoor":28,"minecraft:granite":111,"minecraft:cyan_wool":1363,"minecraft:blue_concrete":1,"minecraft:obsidian":115,"minecraft:polished_diorite":7801,"minecraft:andesite_wall":7,"minecraft:glass":1986,"minecraft:brown_terracotta":5049,"minecraft:dark_oak_planks":2296,"minecraft:packed_ice":171,"minecraft:sea_lantern":1200,"minecraft:cyan_terracotta":334,"minecraft:lava_bucket":1,"minecraft:bricks":213,"minecraft:quartz_pillar":2,"minecraft:quartz_slab":642,"minecraft:red_wool":407,"minecraft:black_stained_glass_pane":4,"minecraft:iron_block":906,"minecraft:grass_block":1046,"minecraft:oak_stairs":26,"minecraft:slime_block":199,"minecraft:quartz_block":472,"minecraft:green_wool":1637,"minecraft:chicken_spawn_egg":1,"minecraft:dark_oak_slab":103,"minecraft:smooth_quartz":1482,"minecraft:dark_oak_button":2,"minecraft:pink_wool":168,"minecraft:stone_bricks":2,"minecraft:item_frame":453,"minecraft:bedrock":5,"minecraft:light_gray_wool":1274,"minecraft:birch_button":3,"minecraft:tripwire_hook":4,"minecraft:birch_trapdoor":9,"minecraft:glowstone":44,"minecraft:repeater":404,"minecraft:redstone_lamp":111,"minecraft:lime_concrete":287,"minecraft:brown_carpet":25,"minecraft:magenta_wool":127,"minecraft:magenta_terracotta":114,"minecraft:emerald_block":270,"minecraft:iron_trapdoor":25,"minecraft:jungle_button":3,"minecraft:podzol":2,"minecraft:minecart":2,"minecraft:gold_block":260,"minecraft:end_stone_brick_stairs":56,"minecraft:acacia_planks":129,"minecraft:observer":10,"minecraft:orange_terracotta":120,"minecraft:dark_oak_stairs":20,"minecraft:water_bucket":506,"minecraft:diorite":122,"minecraft:end_rod":14,"minecraft:end_stone_bricks":950,"minecraft:tube_coral_block":2,"minecraft:spruce_door":4,"minecraft:dropper":61,"minecraft:stripped_acacia_log":1,"minecraft:prismarine_brick_slab":21,"minecraft:birch_planks":6228,"minecraft:powered_rail":15,"minecraft:acacia_trapdoor":13,"minecraft:dark_oak_sign":4,"minecraft:lime_wool":224,"minecraft:jungle_fence":6,"minecraft:oak_planks":7439,"minecraft:cartography_table":4,"minecraft:blue_wool":363,"minecraft:black_glazed_terracotta":31,"minecraft:redstone_block":421,"minecraft:stonecutter":5,"minecraft:clay":936,"minecraft:cracked_stone_bricks":3,"minecraft:oak_leaves":250,"minecraft:white_wool":21344,"minecraft:dark_oak_trapdoor":26,"minecraft:orange_carpet":70,"minecraft:sand":70,"minecraft:lime_terracotta":1090,"minecraft:rail":48,"minecraft:comparator":63,"minecraft:yellow_terracotta":276,"minecraft:cut_sandstone_slab":14,"minecraft:oak_slab":28,"minecraft:dark_prismarine_slab":8,"minecraft:crafting_table":2,"minecraft:loom":1,"minecraft:light_blue_wool":3519,"minecraft:birch_sign":28,"minecraft:light_gray_terracotta":905,"minecraft:blue_ice":56,"minecraft:campfire":15,"minecraft:sponge":59,"minecraft:purple_terracotta":112,"minecraft:chiseled_quartz_block":13,"minecraft:gray_concrete":40,"minecraft:note_block":210,"minecraft:painting":116,"minecraft:black_bed":1,"minecraft:brown_glazed_terracotta":23,"minecraft:magenta_carpet":31,"minecraft:cake":6,"minecraft:red_sandstone_wall":24,"minecraft:mushroom_stem":2131,"minecraft:sticky_piston":14,"minecraft:redstone_torch":143,"minecraft:blue_glazed_terracotta":25,"minecraft:black_terracotta":3295,"minecraft:piston":29,"minecraft:gray_terracotta":4323,"minecraft:dark_prismarine":341,"minecraft:lever":68,"minecraft:black_wool":6413,"minecraft:black_concrete":40,"minecraft:acacia_door":2,"minecraft:daylight_detector":4,"minecraft:acacia_sign":14,"minecraft:birch_slab":21,"minecraft:command_block":11,"minecraft:heavy_weighted_pressure_plate":1,"minecraft:light_gray_concrete":88,"minecraft:map":15,"minecraft:oak_button":7,"minecraft:brown_wool":1681,"minecraft:string":3,"minecraft:stone_button":17,"minecraft:spruce_pressure_plate":8,"minecraft:detector_rail":27,"minecraft:lectern":3,"minecraft:white_glazed_terracotta":2,"minecraft:red_terracotta":208,"minecraft:polished_granite":44,"minecraft:iron_door":12,"minecraft:yellow_wool":507,"minecraft:blue_carpet":16,"minecraft:jungle_sign":1,"minecraft:diamond_sword":2,"minecraft:potion":2,"minecraft:grindstone":4,"minecraft:bucket":3,"minecraft:smithing_table":11,"minecraft:jungle_door":7,"minecraft:lapis_block":1700,"minecraft:chain_command_block":18,"minecraft:birch_log":10,"minecraft:glass_pane":35,"minecraft:ice":4,"minecraft:smooth_stone_slab":6,"minecraft:sea_pickle":43,"minecraft:stripped_oak_log":12,"minecraft:white_concrete":12,"minecraft:kelp":491,"minecraft:purple_carpet":19,"minecraft:gray_wool":2033,"minecraft:splash_potion":3,"minecraft:purple_wool":112,"minecraft:birch_stairs":8},"minecraft:picked_up":{"minecraft:end_stone_bricks":1,"minecraft:magenta_carpet":1,"minecraft:diamond_sword":10,"minecraft:oak_stairs":1,"minecraft:golden_sword":17,"minecraft:heavy_weighted_pressure_plate":1,"minecraft:item_frame":34,"minecraft:white_carpet":4,"minecraft:sea_pickle":1,"minecraft:bucket":4,"minecraft:detector_rail":2,"minecraft:comparator":4,"minecraft:spruce_planks":1,"minecraft:redstone_torch":36,"minecraft:ender_eye":1,"minecraft:wooden_shovel":1,"minecraft:quartz_stairs":1,"minecraft:coal_block":1,"minecraft:spruce_trapdoor":2,"minecraft:egg":1,"minecraft:tipped_arrow":50,"minecraft:spruce_pressure_plate":1,"minecraft:redstone":41,"minecraft:mushroom_stem":1,"minecraft:red_tulip":51,"minecraft:pink_tulip":32,"minecraft:end_rod":1,"minecraft:mutton":2,"minecraft:snowball":3,"minecraft:white_wool":2,"minecraft:repeater":6,"minecraft:iron_door":3,"minecraft:birch_planks":1,"minecraft:filled_map":27,"minecraft:jungle_button":1,"minecraft:polished_granite":1,"minecraft:white_stained_glass_pane":1,"minecraft:dandelion":7,"minecraft:sand":67,"minecraft:lava_bucket":1,"minecraft:grass_block":1,"minecraft:sea_lantern":1,"minecraft:spruce_door":1,"minecraft:slime_block":1,"minecraft:lever":10,"minecraft:painting":6,"minecraft:birch_sign":2,"minecraft:oak_button":6,"minecraft:hopper":1},"minecraft:dropped":{"minecraft:birch_planks":2,"minecraft:command_block":1,"minecraft:grass_block":2,"minecraft:acacia_trapdoor":1,"minecraft:end_rod":1,"minecraft:redstone_lamp":1,"minecraft:potion":1,"minecraft:lever":2,"minecraft:blue_wool":1,"minecraft:slime_block":1,"minecraft:mushroom_stem":1,"minecraft:filled_map":2,"minecraft:sea_lantern":1,"minecraft:spruce_trapdoor":2,"minecraft:hopper":1,"minecraft:quartz_stairs":1,"minecraft:golden_sword":12,"minecraft:polished_granite":1},"minecraft:custom":{"minecraft:inspect_dropper":87,"minecraft:interact_with_anvil":16,"minecraft:mob_kills":1,"minecraft:inspect_hopper":97,"minecraft:interact_with_crafting_table":6,"minecraft:open_shulker_box":8,"minecraft:eat_cake_slice":1,"minecraft:leave_game":89,"minecraft:time_since_death":4801140,"minecraft:climb_one_cm":637,"minecraft:sprint_one_cm":730866,"minecraft:walk_one_cm":3233766,"minecraft:drop":34,"minecraft:deaths":3,"minecraft:sneak_time":242519,"minecraft:walk_under_water_one_cm":236098,"minecraft:interact_with_lectern":2,"minecraft:jump":2823,"minecraft:interact_with_brewingstand":1,"minecraft:walk_on_water_one_cm":37469,"minecraft:tune_noteblock":117,"minecraft:interact_with_cartography_table":7,"minecraft:play_one_minute":9520479,"minecraft:interact_with_loom":6,"minecraft:interact_with_grindstone":2,"minecraft:time_since_rest":4801173,"minecraft:open_enderchest":2,"minecraft:damage_taken":720,"minecraft:trigger_trapped_chest":2,"minecraft:minecart_one_cm":18057,"minecraft:damage_dealt":80,"minecraft:fly_one_cm":36146667,"minecraft:open_chest":10,"minecraft:crouch_one_cm":57038,"minecraft:aviate_one_cm":267,"minecraft:inspect_dispenser":24},"minecraft:mined":{"minecraft:black_bed":1},"minecraft:crafted":{"minecraft:leather_leggings":1,"minecraft:leather_boots":1,"minecraft:shield":1,"minecraft:leather_chestplate":1}},"DataVersion":2230}