{"stats":{"minecraft:killed":{"minecraft:chicken":7},"minecraft:used":{"minecraft:red_sand":25,"minecraft:dispenser":4,"minecraft:spruce_slab":5,"minecraft:bone_block":5,"minecraft:ladder":36,"minecraft:brown_concrete":315,"minecraft:white_terracotta":871,"minecraft:stone":157,"minecraft:stripped_jungle_wood":125,"minecraft:green_terracotta":3604,"minecraft:blue_stained_glass":153,"minecraft:jungle_planks":134,"minecraft:orange_wool":5142,"minecraft:pink_terracotta":1349,"minecraft:cyan_wool":1542,"minecraft:snowball":397,"minecraft:stripped_spruce_log":166,"minecraft:glass":7,"minecraft:lava_bucket":6,"minecraft:stripped_dark_oak_wood":145,"minecraft:bricks":109,"minecraft:coal_ore":3,"minecraft:quartz_pillar":294,"minecraft:red_wool":1317,"minecraft:grass_block":156,"minecraft:quartz_block":384,"minecraft:green_wool":755,"minecraft:dark_oak_leaves":1,"minecraft:pink_wool":1596,"minecraft:item_frame":24,"minecraft:bedrock":3,"minecraft:birch_button":4,"minecraft:repeater":6,"minecraft:honeycomb_block":5,"minecraft:infested_mossy_stone_bricks":5,"minecraft:hay_block":67,"minecraft:yellow_glazed_terracotta":5,"minecraft:gold_block":603,"minecraft:pink_concrete_powder":440,"minecraft:egg":54,"minecraft:gray_banner":6,"minecraft:brown_concrete_powder":59,"minecraft:stripped_spruce_wood":2,"minecraft:emerald_ore":2,"minecraft:mossy_stone_bricks":54,"minecraft:diorite":146,"minecraft:end_stone_bricks":9,"minecraft:stripped_birch_log":431,"minecraft:prismarine":13,"minecraft:oak_planks":2740,"minecraft:lily_pad":4,"minecraft:lime_concrete_powder":29,"minecraft:ender_pearl":57,"minecraft:redstone_block":4,"minecraft:clay":2,"minecraft:oak_leaves":154,"minecraft:white_wool":8434,"minecraft:sand":445,"minecraft:yellow_terracotta":588,"minecraft:light_blue_concrete":845,"minecraft:loom":2,"minecraft:light_blue_wool":14122,"minecraft:smooth_red_sandstone":447,"minecraft:black_banner":38,"minecraft:light_gray_terracotta":33,"minecraft:yellow_concrete":3193,"minecraft:blue_ice":5,"minecraft:purple_terracotta":150,"minecraft:gray_concrete":4,"minecraft:redstone_torch":4,"minecraft:black_terracotta":35,"minecraft:sticky_piston":5,"minecraft:green_concrete":57,"minecraft:black_concrete":1,"minecraft:dark_oak_log":56,"minecraft:light_gray_concrete":56,"minecraft:brown_wool":1073,"minecraft:stone_button":2,"minecraft:white_glazed_terracotta":15,"minecraft:red_terracotta":1,"minecraft:iron_door":2,"minecraft:gravel":11,"minecraft:nether_wart_block":1,"minecraft:light_blue_concrete_powder":169,"minecraft:stripped_oak_wood":155,"minecraft:andesite":102,"minecraft:green_concrete_powder":23,"minecraft:white_stained_glass":5,"minecraft:birch_log":432,"minecraft:ice":2,"minecraft:white_concrete":2708,"minecraft:purple_wool":2248,"minecraft:cobweb":5,"minecraft:purpur_block":6,"minecraft:stripped_acacia_wood":93,"minecraft:orange_concrete_powder":128,"minecraft:acacia_log":240,"minecraft:orange_concrete":1380,"minecraft:red_concrete":19,"minecraft:redstone":21,"minecraft:light_blue_terracotta":261,"minecraft:spruce_planks":285,"minecraft:stripped_birch_wood":284,"minecraft:dried_kelp_block":21,"minecraft:torch":37,"minecraft:green_glazed_terracotta":115,"minecraft:dirt":35,"minecraft:prismarine_bricks":260,"minecraft:spruce_stairs":6,"minecraft:yellow_carpet":31,"minecraft:spruce_fence":4,"minecraft:blue_concrete":22,"minecraft:purple_banner":3,"minecraft:purple_stained_glass_pane":31,"minecraft:brown_terracotta":165,"minecraft:dark_oak_planks":10,"minecraft:sea_lantern":32,"minecraft:iron_block":163,"minecraft:smooth_sandstone":1704,"minecraft:jungle_log":1135,"minecraft:smooth_quartz":78,"minecraft:yellow_concrete_powder":20,"minecraft:light_gray_wool":234,"minecraft:glowstone":3,"minecraft:lime_concrete":447,"minecraft:black_stained_glass":7,"minecraft:magenta_wool":263,"minecraft:emerald_block":62,"minecraft:magenta_terracotta":849,"minecraft:cyan_banner":14,"minecraft:cyan_concrete_powder":588,"minecraft:horn_coral_block":10,"minecraft:orange_terracotta":1027,"minecraft:brain_coral_block":7,"minecraft:yellow_banner":20,"minecraft:water_bucket":64,"minecraft:tube_coral_block":1,"minecraft:pink_glazed_terracotta":12,"minecraft:snow_block":189,"minecraft:birch_planks":7843,"minecraft:polished_andesite":124,"minecraft:lime_wool":5189,"minecraft:blue_wool":7661,"minecraft:cut_sandstone":197,"minecraft:red_mushroom_block":6,"minecraft:magenta_stained_glass":3,"minecraft:pink_concrete":463,"minecraft:stripped_dark_oak_log":125,"minecraft:mossy_cobblestone":46,"minecraft:diamond_block":58,"minecraft:lime_terracotta":300,"minecraft:terracotta":815,"minecraft:comparator":1,"minecraft:crafting_table":3,"minecraft:spruce_log":408,"minecraft:mushroom_stem":6,"minecraft:oak_log":1739,"minecraft:purple_stained_glass":1788,"minecraft:black_wool":987,"minecraft:oxeye_daisy":1,"minecraft:acacia_sign":13,"minecraft:oak_button":2,"minecraft:map":23,"minecraft:cyan_concrete":130,"minecraft:magenta_concrete":5,"minecraft:yellow_wool":3581,"minecraft:cobblestone":5,"minecraft:acacia_pressure_plate":1,"minecraft:bucket":30,"minecraft:lapis_block":5,"minecraft:grass_path":4,"minecraft:stripped_oak_log":67,"minecraft:gray_wool":177,"minecraft:brown_mushroom_block":1801,"minecraft:birch_stairs":27,"minecraft:green_stained_glass":65},"minecraft:picked_up":{"minecraft:light_blue_concrete":2,"minecraft:redstone_block":1,"minecraft:yellow_wool":3,"minecraft:purple_banner":1,"minecraft:bucket":1,"minecraft:horn_coral_block":3,"minecraft:acacia_sign":4,"minecraft:smooth_quartz":2,"minecraft:blue_wool":4,"minecraft:orange_shulker_box":2,"minecraft:jungle_door":1,"minecraft:torch":2,"minecraft:snow_block":1,"minecraft:green_terracotta":1,"minecraft:pink_terracotta":2,"minecraft:blue_stained_glass":2,"minecraft:black_dye":64,"minecraft:yellow_banner":1,"minecraft:quartz_block":1,"minecraft:light_blue_wool":17,"minecraft:green_wool":1,"minecraft:white_terracotta":4,"minecraft:stripped_birch_wood":1,"minecraft:snowball":1,"minecraft:feather":2,"minecraft:brown_wool":2,"minecraft:pink_concrete_powder":1,"minecraft:cyan_concrete_powder":4,"minecraft:magenta_terracotta":1,"minecraft:dirt":1,"minecraft:glass":1,"minecraft:oak_planks":2,"minecraft:pink_concrete":1,"minecraft:lime_terracotta":1,"minecraft:sand":25,"minecraft:brown_mushroom_block":2,"minecraft:grass_block":3,"minecraft:loom":1,"minecraft:orange_wool":9,"minecraft:light_gray_terracotta":1,"minecraft:dispenser":1,"minecraft:yellow_carpet":7,"minecraft:green_concrete":1,"minecraft:white_concrete":4,"minecraft:bricks":2,"minecraft:purple_wool":1,"minecraft:chicken":1,"minecraft:pink_wool":1,"minecraft:gold_block":1,"minecraft:orange_concrete":1,"minecraft:item_frame":17,"minecraft:compass":3,"minecraft:magenta_wool":1,"minecraft:dark_prismarine_stairs":1,"minecraft:cyan_wool":1,"minecraft:lectern":2,"minecraft:egg":7,"minecraft:lime_wool":7,"minecraft:stone":1,"minecraft:redstone":6,"minecraft:purple_terracotta":2,"minecraft:stripped_dark_oak_wood":1,"minecraft:yellow_terracotta":1,"minecraft:bone_block":1,"minecraft:white_wool":7,"minecraft:lime_stained_glass":1,"minecraft:smooth_red_sandstone":3,"minecraft:filled_map":14,"minecraft:birch_planks":3,"minecraft:bedrock":1,"minecraft:oak_log":2,"minecraft:lily_pad":2,"minecraft:paper":1,"minecraft:red_wool":2,"minecraft:lime_concrete":3,"minecraft:lava_bucket":1,"minecraft:birch_stairs":1,"minecraft:green_stained_glass":1,"minecraft:light_blue_stained_glass":1,"minecraft:cyan_banner":1,"minecraft:gray_banner":1,"minecraft:gray_wool":2,"minecraft:black_wool":2},"minecraft:dropped":{"minecraft:clay":1,"minecraft:birch_planks":28,"minecraft:oak_log":5,"minecraft:loom":3,"minecraft:ender_pearl":2,"minecraft:lime_concrete_powder":1,"minecraft:tube_coral_block":1,"minecraft:stripped_birch_wood":9,"minecraft:lime_terracotta":6,"minecraft:jungle_planks":3,"minecraft:red_wool":15,"minecraft:quartz_pillar":9,"minecraft:bedrock":1,"minecraft:black_banner":2,"minecraft:item_frame":23,"minecraft:gold_block":4,"minecraft:dirt":3,"minecraft:gray_concrete":2,"minecraft:ice":1,"minecraft:dispenser":2,"minecraft:yellow_dye":2,"minecraft:cut_sandstone":1,"minecraft:snowball":1,"minecraft:stripped_dark_oak_wood":3,"minecraft:bone_block":2,"minecraft:sand":4,"minecraft:purple_wool":11,"minecraft:stripped_oak_wood":1,"minecraft:black_stained_glass":1,"minecraft:pink_glazed_terracotta":1,"minecraft:white_wool":61,"minecraft:birch_stairs":2,"minecraft:brown_mushroom_block":8,"minecraft:green_wool":14,"minecraft:oak_door":1,"minecraft:pink_concrete":5,"minecraft:gravel":1,"minecraft:pink_terracotta":7,"minecraft:purpur_block":1,"minecraft:compass":3,"minecraft:emerald_block":1,"minecraft:diamond_block":2,"minecraft:stripped_jungle_wood":3,"minecraft:yellow_wool":28,"minecraft:blue_wool":33,"minecraft:lime_wool":31,"minecraft:purple_banner":2,"minecraft:stripped_dark_oak_log":3,"minecraft:black_terracotta":1,"minecraft:oak_planks":17,"minecraft:birch_wood":1,"minecraft:end_stone":1,"minecraft:infested_mossy_stone_bricks":1,"minecraft:azure_bluet":1,"minecraft:blue_stained_glass":4,"minecraft:mushroom_stem":1,"minecraft:red_mushroom_block":1,"minecraft:sea_lantern":2,"minecraft:cyan_banner":1,"minecraft:oak_wood":1,"minecraft:dropper":1,"minecraft:jungle_stairs":65,"minecraft:quartz_block":4,"minecraft:jungle_log":2,"minecraft:ladder":1,"minecraft:chest":1,"minecraft:yellow_banner":3,"minecraft:cyan_concrete":3,"minecraft:glass":1,"minecraft:prismarine_bricks":3,"minecraft:chain_command_block":1,"minecraft:white_concrete_powder":2,"minecraft:light_gray_concrete_powder":1,"minecraft:magenta_wool":7,"minecraft:white_glazed_terracotta":1,"minecraft:acacia_pressure_plate":1,"minecraft:green_stained_glass":1,"minecraft:lectern":3,"minecraft:brown_concrete":2,"minecraft:egg":5,"minecraft:water_bucket":6,"minecraft:purple_terracotta":3,"minecraft:orange_shulker_box":3,"minecraft:stripped_spruce_log":3,"minecraft:black_dye":65,"minecraft:yellow_concrete":11,"minecraft:horn_coral_block":4,"minecraft:cobblestone":1,"minecraft:yellow_terracotta":10,"minecraft:dark_prismarine_slab":1,"minecraft:purple_concrete":1,"minecraft:observer":1,"minecraft:activator_rail":2,"minecraft:light_blue_concrete_powder":4,"minecraft:acacia_log":2,"minecraft:grass_block":10,"minecraft:yellow_carpet":6,"minecraft:polished_andesite":2,"minecraft:cobweb":1,"minecraft:acacia_sign":4,"minecraft:oxeye_daisy":1,"minecraft:lava_bucket":1,"minecraft:iron_block":2,"minecraft:dark_oak_leaves":1,"minecraft:brown_concrete_powder":4,"minecraft:gray_wool":3,"minecraft:diorite":2,"minecraft:smooth_red_sandstone":7,"minecraft:light_blue_stained_glass":2,"minecraft:sponge":1,"minecraft:torch":2,"minecraft:repeater":1,"minecraft:light_blue_wool":47,"minecraft:nether_wart_block":1,"minecraft:yellow_glazed_terracotta":1,"minecraft:white_concrete":15,"minecraft:smooth_quartz":2,"minecraft:brown_wool":10,"minecraft:iron_door":1,"minecraft:lapis_ore":1,"minecraft:jungle_door":1,"minecraft:brown_terracotta":2,"minecraft:stripped_birch_log":8,"minecraft:green_glazed_terracotta":1,"minecraft:orange_concrete_powder":1,"minecraft:paper":1,"minecraft:smooth_sandstone":7,"minecraft:lily_pad":2,"minecraft:bucket":3,"minecraft:acacia_planks":2,"minecraft:lapis_block":3,"minecraft:redstone_block":1,"minecraft:redstone":2,"minecraft:snow_block":3,"minecraft:polished_diorite":1,"minecraft:red_concrete":3,"minecraft:yellow_concrete_powder":1,"minecraft:bricks":2,"minecraft:gray_stained_glass":1,"minecraft:green_terracotta":9,"minecraft:dark_prismarine_stairs":1,"minecraft:lime_concrete":10,"minecraft:light_gray_terracotta":1,"minecraft:orange_concrete":6,"minecraft:light_gray_wool":7,"minecraft:comparator":1,"minecraft:stripped_oak_log":1,"minecraft:green_concrete":4,"minecraft:stripped_acacia_wood":3,"minecraft:white_terracotta":11,"minecraft:light_blue_concrete":11,"minecraft:orange_wool":32,"minecraft:red_terracotta":1,"minecraft:purple_stained_glass":3,"minecraft:filled_map":31,"minecraft:cyan_wool":14,"minecraft:stone":3,"minecraft:brain_coral_block":1,"minecraft:orange_terracotta":2,"minecraft:spruce_planks":4,"minecraft:andesite":1,"minecraft:pink_wool":11,"minecraft:mossy_stone_bricks":1,"minecraft:blue_ice":3,"minecraft:spruce_log":1,"minecraft:beacon":1,"minecraft:red_sand":4,"minecraft:light_blue_terracotta":3,"minecraft:green_concrete_powder":1,"minecraft:stripped_spruce_wood":1,"minecraft:cyan_concrete_powder":4,"minecraft:black_wool":13,"minecraft:pink_concrete_powder":4,"minecraft:magenta_terracotta":8,"minecraft:quartz_slab":1,"minecraft:terracotta":6},"minecraft:custom":{"minecraft:interact_with_crafting_table":9,"minecraft:open_shulker_box":3,"minecraft:leave_game":111,"minecraft:time_since_death":7522113,"minecraft:sprint_one_cm":42481,"minecraft:drop":854,"minecraft:deaths":1,"minecraft:jump":5502,"minecraft:walk_on_water_one_cm":18981,"minecraft:play_one_minute":9211777,"minecraft:interact_with_loom":22,"minecraft:damage_dealt":250,"minecraft:crouch_one_cm":546187,"minecraft:inspect_dispenser":23,"minecraft:inspect_dropper":1,"minecraft:mob_kills":7,"minecraft:climb_one_cm":17741,"minecraft:walk_one_cm":2702435,"minecraft:sneak_time":181117,"minecraft:walk_under_water_one_cm":116934,"minecraft:interact_with_lectern":1,"minecraft:time_since_rest":7522166,"minecraft:damage_taken":240,"minecraft:minecart_one_cm":10473,"minecraft:fly_one_cm":36658078,"minecraft:open_chest":2},"minecraft:crafted":{"minecraft:item_frame":6,"minecraft:map":5}},"DataVersion":2230}