{"stats":{"minecraft:killed":{"minecraft:skeleton":1,"minecraft:cat":7,"minecraft:zombie":8,"minecraft:spider":2,"minecraft:creeper":15,"minecraft:sheep":34},"minecraft:used":{"minecraft:jack_o_lantern":5,"minecraft:writable_book":20,"minecraft:polished_granite_stairs":2,"minecraft:smooth_quartz_slab":228,"minecraft:dead_horn_coral_block":584,"minecraft:spruce_slab":1702,"minecraft:dispenser":34,"minecraft:ladder":125,"minecraft:green_banner":1,"minecraft:chest":23,"minecraft:stone":668,"minecraft:brown_concrete":1,"minecraft:white_shulker_box":43,"minecraft:quartz_stairs":404,"minecraft:red_nether_brick_stairs":36,"minecraft:farmland":1,"minecraft:chiseled_red_sandstone":17,"minecraft:soul_sand":245,"minecraft:skeleton_spawn_egg":2,"minecraft:brick_slab":129,"minecraft:jungle_slab":628,"minecraft:orange_wool":630,"minecraft:acacia_sapling":1,"minecraft:acacia_button":8,"minecraft:stripped_spruce_log":26,"minecraft:spruce_boat":8,"minecraft:packed_ice":178,"minecraft:honey_block":2,"minecraft:lava_bucket":10,"minecraft:stripped_dark_oak_wood":64,"minecraft:quartz_pillar":380,"minecraft:lime_banner":5,"minecraft:jungle_fence_gate":2,"minecraft:red_wool":1134,"minecraft:black_stained_glass_pane":3,"minecraft:grass_block":482,"minecraft:birch_sapling":92,"minecraft:polished_andesite_stairs":184,"minecraft:orange_shulker_box":35,"minecraft:quartz_block":241,"minecraft:dark_oak_leaves":34,"minecraft:dark_oak_slab":1867,"minecraft:dark_oak_button":11,"minecraft:diorite_wall":84,"minecraft:pink_wool":1181,"minecraft:stone_brick_stairs":1485,"minecraft:snow":91,"minecraft:bow":112,"minecraft:oak_sapling":5,"minecraft:furnace":30,"minecraft:acacia_fence":65,"minecraft:gray_banner":22,"minecraft:end_stone_brick_stairs":36,"minecraft:dark_prismarine_stairs":62,"minecraft:brown_concrete_powder":1,"minecraft:magenta_shulker_box":15,"minecraft:lime_glazed_terracotta":10,"minecraft:light_blue_carpet":86,"minecraft:mossy_stone_bricks":442,"minecraft:diorite":5,"minecraft:damaged_anvil":2,"minecraft:end_stone_bricks":280,"minecraft:spruce_door":78,"minecraft:brick_wall":2525,"minecraft:stripped_birch_log":181,"minecraft:acacia_trapdoor":101,"minecraft:powered_rail":187,"minecraft:prismarine":3,"minecraft:lily_pad":12,"minecraft:mossy_stone_brick_stairs":15,"minecraft:black_glazed_terracotta":2,"minecraft:composter":5,"minecraft:clay":86,"minecraft:purpur_pillar":80,"minecraft:oak_leaves":38,"minecraft:smooth_quartz_stairs":87,"minecraft:dark_oak_trapdoor":22,"minecraft:purpur_stairs":302,"minecraft:sand":181,"minecraft:smooth_red_sandstone":41,"minecraft:blue_ice":1,"minecraft:purple_terracotta":541,"minecraft:chiseled_quartz_block":2130,"minecraft:gray_concrete":25,"minecraft:birch_fence":276,"minecraft:red_sandstone":192,"minecraft:chiseled_sandstone":60,"minecraft:birch_slab":371,"minecraft:gray_stained_glass_pane":17,"minecraft:stone_button":31,"minecraft:cyan_carpet":54,"minecraft:white_glazed_terracotta":1,"minecraft:lectern":19,"minecraft:red_terracotta":241,"minecraft:polished_granite":256,"minecraft:cut_red_sandstone":154,"minecraft:cat_spawn_egg":7,"minecraft:polished_andesite_slab":56,"minecraft:coal_block":69,"minecraft:nether_wart_block":451,"minecraft:diamond_sword":136,"minecraft:dark_oak_fence":732,"minecraft:smithing_table":50,"minecraft:white_stained_glass":14,"minecraft:green_concrete_powder":2,"minecraft:birch_log":753,"minecraft:ice":33,"minecraft:purple_wool":621,"minecraft:diorite_slab":27,"minecraft:gray_stained_glass":413,"minecraft:diorite_stairs":1,"minecraft:oak_trapdoor":119,"minecraft:stripped_acacia_wood":361,"minecraft:iron_bars":910,"minecraft:enchanting_table":8,"minecraft:dead_tube_coral_block":151,"minecraft:orange_concrete":375,"minecraft:dead_bush":4,"minecraft:red_concrete":331,"minecraft:armor_stand":148,"minecraft:light_gray_carpet":65,"minecraft:mycelium":2,"minecraft:sandstone_wall":44,"minecraft:netherrack":1740,"minecraft:torch":1665,"minecraft:orange_bed":8,"minecraft:light_gray_shulker_box":1,"minecraft:brewing_stand":17,"minecraft:anvil":42,"minecraft:nether_quartz_ore":391,"minecraft:stone_stairs":37,"minecraft:nether_brick_slab":171,"minecraft:light_gray_glazed_terracotta":57,"minecraft:yellow_carpet":61,"minecraft:oak_fence_gate":4,"minecraft:jungle_trapdoor":74,"minecraft:polished_granite_slab":7,"minecraft:blue_concrete":2,"minecraft:nether_brick_stairs":193,"minecraft:fern":16,"minecraft:polished_diorite":44,"minecraft:sea_lantern":1227,"minecraft:chipped_anvil":5,"minecraft:iron_block":7606,"minecraft:spruce_button":10,"minecraft:slime_block":162,"minecraft:brick_stairs":182,"minecraft:jungle_log":27,"minecraft:smooth_quartz":568,"minecraft:barrel":479,"minecraft:bamboo":15,"minecraft:tripwire_hook":11,"minecraft:purple_concrete":491,"minecraft:glowstone":59,"minecraft:lime_concrete":57,"minecraft:magenta_wool":254,"minecraft:tall_grass":469,"minecraft:gray_glazed_terracotta":4,"minecraft:iron_trapdoor":44,"minecraft:magenta_terracotta":255,"minecraft:podzol":25027,"minecraft:trapped_chest":16,"minecraft:acacia_planks":1158,"minecraft:observer":523,"minecraft:orange_terracotta":121,"minecraft:water_bucket":138,"minecraft:yellow_banner":7,"minecraft:light_blue_shulker_box":10,"minecraft:nether_brick_wall":134,"minecraft:light_blue_glazed_terracotta":6,"minecraft:sandstone_stairs":33,"minecraft:birch_planks":3210,"minecraft:lead":3,"minecraft:yellow_shulker_box":23,"minecraft:lime_wool":2182,"minecraft:cartography_table":28,"minecraft:red_mushroom_block":5,"minecraft:cauldron":46,"minecraft:sheep_spawn_egg":5,"minecraft:spruce_fence_gate":2,"minecraft:cracked_stone_bricks":622,"minecraft:pink_concrete":2,"minecraft:diamond_block":23,"minecraft:orange_carpet":79,"minecraft:light_gray_banner":42,"minecraft:lime_terracotta":135,"minecraft:mossy_cobblestone":1246,"minecraft:rail":163,"minecraft:comparator":84,"minecraft:vine":418,"minecraft:oak_slab":1053,"minecraft:crafting_table":15,"minecraft:cyan_glazed_terracotta":32,"minecraft:red_bed":6,"minecraft:white_bed":3,"minecraft:birch_sign":192,"minecraft:campfire":33,"minecraft:dark_oak_fence_gate":3,"minecraft:lime_shulker_box":18,"minecraft:cake":5,"minecraft:spruce_log":2575,"minecraft:mushroom_stem":156,"minecraft:oak_log":3757,"minecraft:dark_prismarine":48,"minecraft:acacia_sign":1,"minecraft:stripped_jungle_log":486,"minecraft:oak_button":2,"minecraft:spruce_pressure_plate":2,"minecraft:cyan_concrete":259,"minecraft:purpur_slab":46,"minecraft:spruce_trapdoor":394,"minecraft:spruce_sapling":6,"minecraft:green_carpet":104,"minecraft:pink_bed":8,"minecraft:cobblestone":568,"minecraft:potion":70,"minecraft:purple_bed":1,"minecraft:red_concrete_powder":2,"minecraft:andesite_stairs":34,"minecraft:glass_pane":324,"minecraft:end_portal_frame":7,"minecraft:stripped_oak_log":394,"minecraft:kelp":175,"minecraft:jukebox":42,"minecraft:green_stained_glass":62,"minecraft:light_blue_banner":6,"minecraft:blue_terracotta":74,"minecraft:melon":328,"minecraft:light_gray_stained_glass_pane":26,"minecraft:bone_block":1783,"minecraft:oak_sign":6,"minecraft:white_concrete_powder":26,"minecraft:white_terracotta":2123,"minecraft:purple_shulker_box":10,"minecraft:zombie_spawn_egg":16,"minecraft:bell":12,"minecraft:grass":1412,"minecraft:mossy_stone_brick_slab":27,"minecraft:player_head":1,"minecraft:smooth_sandstone_stairs":29,"minecraft:green_terracotta":60,"minecraft:spruce_leaves":74,"minecraft:birch_pressure_plate":8,"minecraft:jungle_planks":1319,"minecraft:nether_bricks":2781,"minecraft:prismarine_brick_stairs":37,"minecraft:pink_terracotta":18,"minecraft:beehive":60,"minecraft:cyan_wool":1441,"minecraft:obsidian":587,"minecraft:red_sandstone_stairs":84,"minecraft:glass":4760,"minecraft:cyan_terracotta":21,"minecraft:bricks":4113,"minecraft:quartz_slab":730,"minecraft:lantern":166,"minecraft:green_wool":723,"minecraft:dark_oak_wood":64,"minecraft:gray_concrete_powder":3,"minecraft:tropical_fish_spawn_egg":2,"minecraft:hopper_minecart":1,"minecraft:stone_bricks":2014,"minecraft:item_frame":49,"minecraft:bedrock":472,"minecraft:birch_button":17,"minecraft:birch_trapdoor":67,"minecraft:golden_sword":5,"minecraft:red_nether_brick_wall":4,"minecraft:repeater":445,"minecraft:redstone_lamp":133,"minecraft:honeycomb_block":4,"minecraft:magma_block":50,"minecraft:brown_carpet":162,"minecraft:hay_block":326,"minecraft:jungle_button":43,"minecraft:gray_bed":2,"minecraft:polished_diorite_stairs":17,"minecraft:gold_block":32,"minecraft:skeleton_skull":3,"minecraft:pink_concrete_powder":5,"minecraft:large_fern":60,"minecraft:stripped_spruce_wood":58,"minecraft:dark_oak_sapling":18,"minecraft:dark_oak_stairs":783,"minecraft:end_rod":478,"minecraft:stripped_acacia_log":20,"minecraft:dropper":158,"minecraft:wither_skeleton_skull":3,"minecraft:birch_leaves":39,"minecraft:gray_carpet":3,"minecraft:dark_oak_sign":1,"minecraft:jungle_fence":137,"minecraft:oak_planks":2655,"minecraft:birch_wood":51,"minecraft:polished_diorite_slab":26,"minecraft:redstone_block":40,"minecraft:end_stone_brick_slab":11,"minecraft:diamond_axe":1663,"minecraft:white_wool":247,"minecraft:yellow_terracotta":190,"minecraft:infested_chiseled_stone_bricks":36,"minecraft:loom":69,"minecraft:light_blue_wool":2311,"minecraft:black_banner":121,"minecraft:light_gray_terracotta":66,"minecraft:yellow_concrete":559,"minecraft:crossbow":7,"minecraft:sponge":276,"minecraft:black_bed":1,"minecraft:note_block":1,"minecraft:stone_brick_wall":3,"minecraft:end_stone":2,"minecraft:creeper_spawn_egg":13,"minecraft:redstone_torch":794,"minecraft:sticky_piston":920,"minecraft:black_terracotta":4,"minecraft:lever":202,"minecraft:green_concrete":17,"minecraft:black_concrete":35,"minecraft:daylight_detector":12,"minecraft:birch_fence_gate":5,"minecraft:dark_oak_log":621,"minecraft:light_gray_concrete":1289,"minecraft:lime_carpet":46,"minecraft:heavy_weighted_pressure_plate":40,"minecraft:cyan_bed":6,"minecraft:string":185,"minecraft:brown_wool":30,"minecraft:prismarine_wall":4,"minecraft:iron_door":32,"minecraft:gravel":6,"minecraft:jungle_sign":26,"minecraft:stripped_oak_wood":16,"minecraft:grindstone":94,"minecraft:andesite":62,"minecraft:mossy_cobblestone_wall":133,"minecraft:smooth_stone_slab":907,"minecraft:chorus_plant":16,"minecraft:white_concrete":8964,"minecraft:coarse_dirt":8,"minecraft:bone_meal":841,"minecraft:cobweb":38,"minecraft:oak_fence":381,"minecraft:purpur_block":106,"minecraft:petrified_oak_slab":33,"minecraft:jungle_leaves":194,"minecraft:granite_stairs":19,"minecraft:flint_and_steel":1,"minecraft:redstone":3916,"minecraft:light_blue_terracotta":518,"minecraft:spruce_planks":6378,"minecraft:ender_chest":2,"minecraft:brown_shulker_box":19,"minecraft:stripped_birch_wood":29,"minecraft:dried_kelp_block":35,"minecraft:oak_door":19,"minecraft:end_stone_brick_wall":10,"minecraft:dirt":2607,"minecraft:white_carpet":151,"minecraft:hopper":89,"minecraft:spruce_stairs":651,"minecraft:cobblestone_wall":142,"minecraft:oak_wood":363,"minecraft:bee_nest":2,"minecraft:pink_carpet":85,"minecraft:spruce_fence":444,"minecraft:granite":63,"minecraft:light_blue_stained_glass":19,"minecraft:birch_door":21,"minecraft:dark_oak_planks":7737,"minecraft:stone_brick_slab":2616,"minecraft:brown_terracotta":599,"minecraft:light_gray_stained_glass":8,"minecraft:bookshelf":110,"minecraft:oak_stairs":791,"minecraft:acacia_slab":137,"minecraft:light_gray_wool":2215,"minecraft:black_stained_glass":207,"minecraft:emerald_block":3,"minecraft:dark_oak_pressure_plate":1,"minecraft:lime_stained_glass":257,"minecraft:salmon_spawn_egg":4,"minecraft:white_stained_glass_pane":16,"minecraft:minecart":106,"minecraft:cyan_banner":11,"minecraft:granite_wall":4,"minecraft:stone_pressure_plate":9,"minecraft:dead_bubble_coral_block":1,"minecraft:mossy_stone_brick_wall":29,"minecraft:pumpkin":21,"minecraft:light_gray_bed":8,"minecraft:brain_coral_block":1,"minecraft:acacia_boat":3,"minecraft:pink_glazed_terracotta":29,"minecraft:snow_block":119,"minecraft:polished_andesite":43,"minecraft:red_nether_bricks":82,"minecraft:blue_wool":121,"minecraft:pink_banner":5,"minecraft:purple_glazed_terracotta":13,"minecraft:cut_sandstone":79,"minecraft:beacon":50,"minecraft:stonecutter":19,"minecraft:cobblestone_slab":36,"minecraft:terracotta":91,"minecraft:stripped_dark_oak_log":59,"minecraft:dark_prismarine_slab":1,"minecraft:brown_banner":64,"minecraft:magenta_bed":5,"minecraft:dead_fire_coral_block":67,"minecraft:light_gray_concrete_powder":201,"minecraft:painting":304,"minecraft:magenta_carpet":20,"minecraft:infested_stone_bricks":8,"minecraft:smoker":48,"minecraft:dark_oak_door":111,"minecraft:gray_terracotta":18,"minecraft:piston":79,"minecraft:wooden_hoe":4,"minecraft:flower_pot":47,"minecraft:activator_rail":5,"minecraft:acacia_stairs":492,"minecraft:black_wool":2642,"minecraft:map":24,"minecraft:detector_rail":108,"minecraft:magenta_concrete":13,"minecraft:jungle_stairs":264,"minecraft:stone_slab":661,"minecraft:yellow_wool":1250,"minecraft:acacia_fence_gate":16,"minecraft:magenta_banner":9,"minecraft:green_shulker_box":19,"minecraft:cod_spawn_egg":2,"minecraft:white_banner":501,"minecraft:bucket":67,"minecraft:jungle_door":22,"minecraft:pink_shulker_box":4,"minecraft:red_banner":15,"minecraft:lapis_block":5,"minecraft:magenta_glazed_terracotta":3,"minecraft:yellow_bed":5,"minecraft:sea_pickle":5,"minecraft:purple_carpet":28,"minecraft:gray_wool":1002,"minecraft:smooth_stone":1967,"minecraft:splash_potion":7,"minecraft:birch_stairs":354},"minecraft:picked_up":{"minecraft:seagrass":3,"minecraft:anvil":2,"minecraft:diamond_sword":8,"minecraft:lead":1,"minecraft:smithing_table":1,"minecraft:stone_slab":1,"minecraft:birch_button":3,"minecraft:string":11,"minecraft:red_nether_bricks":1,"minecraft:spruce_planks":9,"minecraft:written_book":4,"minecraft:flower_banner_pattern":3,"minecraft:dark_oak_door":6,"minecraft:mojang_banner_pattern":1,"minecraft:beehive":2,"minecraft:pink_carpet":2,"minecraft:cauldron":2,"minecraft:brown_carpet":27,"minecraft:black_dye":33,"minecraft:yellow_banner":6,"minecraft:lime_carpet":4,"minecraft:red_tulip":62,"minecraft:blue_dye":1,"minecraft:iron_block":7,"minecraft:cyan_terracotta":1,"minecraft:end_rod":15,"minecraft:white_terracotta":4,"minecraft:snowball":60,"minecraft:iron_door":3,"minecraft:jungle_log":2,"minecraft:smoker":1,"minecraft:pink_concrete_powder":1,"minecraft:lantern":19,"minecraft:lime_terracotta":1,"minecraft:stripped_acacia_wood":3,"minecraft:loom":5,"minecraft:acacia_stairs":1,"minecraft:trapped_chest":1,"minecraft:dark_oak_log":2,"minecraft:barrel":6,"minecraft:polished_andesite":2,"minecraft:lever":59,"minecraft:writable_book":3,"minecraft:granite":5,"minecraft:cyan_dye":6,"minecraft:jack_o_lantern":1,"minecraft:light_gray_carpet":1,"minecraft:dark_oak_fence":111,"minecraft:bricks":2,"minecraft:crafting_table":2,"minecraft:bee_nest":1,"minecraft:purple_wool":1,"minecraft:redstone_lamp":2,"minecraft:acacia_button":2,"minecraft:heavy_weighted_pressure_plate":1,"minecraft:cornflower":17,"minecraft:jungle_trapdoor":2,"minecraft:snow":1,"minecraft:white_carpet":6,"minecraft:cracked_stone_bricks":2,"minecraft:minecart":1,"minecraft:quartz_stairs":1,"minecraft:chest":2,"minecraft:birch_sapling":3,"minecraft:egg":3,"minecraft:stone":1,"minecraft:oak_door":3,"minecraft:fire_charge":7,"minecraft:white_dye":31,"minecraft:cake":2,"minecraft:redstone":525,"minecraft:mushroom_stem":2,"minecraft:red_nether_brick_wall":1,"minecraft:white_shulker_box":8,"minecraft:mutton":49,"minecraft:white_wool":41,"minecraft:rail":18,"minecraft:oxeye_daisy":23,"minecraft:lapis_ore":3,"minecraft:stripped_oak_log":64,"minecraft:yellow_shulker_box":1,"minecraft:yellow_dye":43,"minecraft:end_portal_frame":1,"minecraft:filled_map":11,"minecraft:oak_log":195,"minecraft:jungle_button":34,"minecraft:white_banner":134,"minecraft:birch_pressure_plate":2,"minecraft:creeper_spawn_egg":2,"minecraft:light_blue_banner":5,"minecraft:kelp":142,"minecraft:stone_bricks":1,"minecraft:iron_ore":126,"minecraft:stone_pickaxe":7,"minecraft:cobweb":1,"minecraft:dark_oak_stairs":4,"minecraft:dark_oak_slab":1,"minecraft:red_wool":2,"minecraft:lime_concrete":1,"minecraft:birch_stairs":1,"minecraft:oak_wood":190,"minecraft:infested_stone_bricks":1,"minecraft:slime_ball":3,"minecraft:polished_diorite":2,"minecraft:light_blue_carpet":2,"minecraft:diamond_axe":1,"minecraft:birch_sign":15,"minecraft:oak_button":3,"minecraft:brown_banner":15,"minecraft:pink_dye":1,"minecraft:ender_pearl":3,"minecraft:redstone_block":1,"minecraft:brain_coral_block":1,"minecraft:stone_brick_stairs":1,"minecraft:lapis_block":3,"minecraft:sticky_piston":4,"minecraft:globe_banner_pattern":2,"minecraft:armor_stand":3,"minecraft:zombie_head":2,"minecraft:oak_sign":1,"minecraft:smooth_stone":4,"minecraft:comparator":1,"minecraft:red_dye":10,"minecraft:redstone_torch":250,"minecraft:ender_eye":128,"minecraft:wooden_shovel":1,"minecraft:smooth_quartz":2,"minecraft:blue_wool":4,"minecraft:stick":9,"minecraft:orange_shulker_box":3,"minecraft:jungle_door":2,"minecraft:acacia_fence":1,"minecraft:torch":273,"minecraft:spruce_stairs":4,"minecraft:light_gray_banner":6,"minecraft:quartz_block":5,"minecraft:rotten_flesh":170,"minecraft:stripped_birch_wood":2,"minecraft:cobblestone":3,"minecraft:leather_chestplate":1,"minecraft:repeater":64,"minecraft:orange_carpet":6,"minecraft:magenta_dye":69,"minecraft:skull_banner_pattern":3,"minecraft:light_gray_dye":21,"minecraft:prismarine_bricks":64,"minecraft:acacia_boat":1,"minecraft:green_shulker_box":1,"minecraft:dirt":2,"minecraft:polished_granite":47,"minecraft:name_tag":46,"minecraft:leather_boots":2,"minecraft:glass":7,"minecraft:bone":3,"minecraft:acacia_planks":3,"minecraft:bow":3,"minecraft:pink_banner":6,"minecraft:light_blue_dye":28,"minecraft:grindstone":2,"minecraft:mossy_stone_bricks":128,"minecraft:cyan_concrete":1,"minecraft:powered_rail":52,"minecraft:oak_planks":4,"minecraft:sand":2993,"minecraft:light_blue_shulker_box":1,"minecraft:nether_brick_stairs":202,"minecraft:dead_bush":2,"minecraft:grass_block":4,"minecraft:mossy_cobblestone":3,"minecraft:orange_wool":2,"minecraft:skeleton_spawn_egg":2,"minecraft:yellow_carpet":9,"minecraft:bone_meal":3,"minecraft:grass":1,"minecraft:white_concrete":5,"minecraft:netherrack":1,"minecraft:chorus_fruit":6,"minecraft:end_stone_bricks":1,"minecraft:allium":1,"minecraft:azure_bluet":64,"minecraft:splash_potion":1,"minecraft:ladder":10,"minecraft:oak_trapdoor":1,"minecraft:item_frame":15,"minecraft:birch_fence":1,"minecraft:detector_rail":30,"minecraft:observer":4,"minecraft:player_head":1,"minecraft:light_gray_wool":1,"minecraft:lectern":2,"minecraft:spruce_trapdoor":193,"minecraft:lime_wool":1,"minecraft:dark_oak_sapling":3,"minecraft:orange_dye":14,"minecraft:end_stone":2,"minecraft:gray_dye":69,"minecraft:stone_button":4,"minecraft:quartz_pillar":1,"minecraft:brown_dye":21,"minecraft:stone_pressure_plate":5,"minecraft:purple_terracotta":124,"minecraft:dark_oak_planks":8,"minecraft:arrow":3,"minecraft:jungle_stairs":1,"minecraft:nether_bricks":4,"minecraft:stripped_dark_oak_wood":2,"minecraft:black_banner":33,"minecraft:nether_brick_wall":223,"minecraft:skeleton_skull":17,"minecraft:purple_dye":5,"minecraft:dark_oak_button":2,"minecraft:magenta_banner":4,"minecraft:birch_planks":8,"minecraft:bedrock":2,"minecraft:nether_wart_block":2,"minecraft:gunpowder":27,"minecraft:orange_terracotta":70,"minecraft:podzol":71,"minecraft:heart_of_the_sea":2,"minecraft:iron_ingot":1,"minecraft:oak_slab":2,"minecraft:nether_quartz_ore":1,"minecraft:stone_brick_slab":1,"minecraft:dandelion":1,"minecraft:red_banner":10,"minecraft:gold_ore":256,"minecraft:spruce_door":6,"minecraft:green_carpet":3,"minecraft:spider_eye":1,"minecraft:stripped_jungle_log":1,"minecraft:cyan_banner":3,"minecraft:lime_banner":5,"minecraft:lime_dye":1,"minecraft:campfire":3,"minecraft:gray_banner":2,"minecraft:black_wool":1,"minecraft:dark_oak_wood":3},"minecraft:dropped":{"minecraft:lapis_lazuli":1,"minecraft:cyan_glazed_terracotta":1,"minecraft:crafting_table":2,"minecraft:dark_oak_slab":1,"minecraft:orange_tulip":59,"minecraft:cracked_stone_bricks":3,"minecraft:quartz_pillar":1,"minecraft:brown_banner":20,"minecraft:item_frame":2,"minecraft:dirt":3,"minecraft:grass":1,"minecraft:birch_fence":1,"minecraft:dark_oak_fence":112,"minecraft:yellow_dye":16,"minecraft:stripped_dark_oak_wood":3,"minecraft:writable_book":7,"minecraft:bone_meal":4,"minecraft:bone_block":1,"minecraft:sand":448,"minecraft:purple_wool":1,"minecraft:dark_oak_planks":10,"minecraft:birch_stairs":1,"minecraft:white_wool":1,"minecraft:gray_dye":128,"minecraft:cyan_carpet":1,"minecraft:magenta_banner":10,"minecraft:lever":8,"minecraft:gray_banner":2,"minecraft:pink_dye":23,"minecraft:blue_wool":4,"minecraft:rotten_flesh":151,"minecraft:grindstone":4,"minecraft:oak_planks":6,"minecraft:pink_carpet":1,"minecraft:end_stone":2,"minecraft:lime_dye":3,"minecraft:jungle_trapdoor":4,"minecraft:azure_bluet":64,"minecraft:skull_banner_pattern":4,"minecraft:jungle_stairs":1,"minecraft:quartz_block":7,"minecraft:jungle_log":3,"minecraft:leather_boots":2,"minecraft:yellow_banner":3,"minecraft:white_dye":29,"minecraft:red_nether_bricks":1,"minecraft:end_stone_bricks":1,"minecraft:glass":8,"minecraft:campfire":2,"minecraft:podzol":73,"minecraft:stone_brick_stairs":1,"minecraft:acacia_fence":1,"minecraft:lectern":1,"minecraft:iron_ingot":1,"minecraft:black_dye":14,"minecraft:creeper_spawn_egg":2,"minecraft:cobblestone":3,"minecraft:granite":5,"minecraft:spruce_door":1,"minecraft:stripped_jungle_log":1,"minecraft:yellow_carpet":1,"minecraft:lime_banner":1,"minecraft:polished_andesite":3,"minecraft:end_rod":19,"minecraft:acacia_sign":1,"minecraft:oxeye_daisy":23,"minecraft:cobweb":1,"minecraft:sponge":1,"minecraft:gray_bed":2,"minecraft:lapis_ore":3,"minecraft:potion":1,"minecraft:dead_bush":2,"minecraft:white_banner":125,"minecraft:red_dye":126,"minecraft:smooth_stone":5,"minecraft:trapped_chest":1,"minecraft:acacia_planks":3,"minecraft:red_nether_brick_wall":1,"minecraft:stone_brick_slab":1,"minecraft:snow_block":1,"minecraft:bricks":2,"minecraft:brick_wall":1,"minecraft:player_head":1,"minecraft:sticky_piston":4,"minecraft:orange_concrete":1,"minecraft:red_banner":6,"minecraft:white_carpet":2,"minecraft:slime_block":1,"minecraft:stone_slab":1,"minecraft:name_tag":47,"minecraft:white_terracotta":5,"minecraft:white_shulker_box":4,"minecraft:orange_wool":2,"minecraft:nether_bricks":5,"minecraft:oak_sign":1,"minecraft:diamond_sword":6,"minecraft:light_blue_dye":23,"minecraft:stone":1,"minecraft:brain_coral_block":1,"minecraft:allium":1,"minecraft:spruce_trapdoor":193,"minecraft:spruce_planks":9,"minecraft:light_blue_carpet":1,"minecraft:redstone_torch":108,"minecraft:barrel":6,"minecraft:stone_pressure_plate":1,"minecraft:stone_bricks":1,"minecraft:light_gray_dye":47,"minecraft:brown_carpet":2,"minecraft:bow":4,"minecraft:magenta_dye":48,"minecraft:red_tulip":62,"minecraft:black_wool":1,"minecraft:pink_concrete_powder":1,"minecraft:quartz_slab":2,"minecraft:nether_brick_stairs":173,"minecraft:gold_ore":448,"minecraft:soul_sand":1,"minecraft:birch_planks":8,"minecraft:dark_oak_stairs":5,"minecraft:diamond_axe":1,"minecraft:orange_dye":13,"minecraft:oak_log":131,"minecraft:loom":6,"minecraft:stripped_birch_wood":2,"minecraft:lime_terracotta":1,"minecraft:flower_banner_pattern":4,"minecraft:lantern":6,"minecraft:creeper_banner_pattern":3,"minecraft:red_wool":3,"minecraft:bedrock":2,"minecraft:black_banner":47,"minecraft:cyan_terracotta":1,"minecraft:redstone_lamp":2,"minecraft:dark_oak_log":4,"minecraft:jungle_button":2,"minecraft:mojang_banner_pattern":2,"minecraft:cornflower":17,"minecraft:dark_oak_wood":4,"minecraft:mutton":46,"minecraft:seagrass":3,"minecraft:snowball":32,"minecraft:light_gray_banner":12,"minecraft:brown_mushroom_block":64,"minecraft:cauldron":2,"minecraft:armor_stand":5,"minecraft:yellow_wool":1,"minecraft:lime_wool":2,"minecraft:beehive":2,"minecraft:acacia_stairs":1,"minecraft:infested_stone_bricks":1,"minecraft:mushroom_stem":3,"minecraft:leather_chestplate":3,"minecraft:gunpowder":11,"minecraft:cyan_banner":15,"minecraft:skeleton_skull":17,"minecraft:oak_wood":316,"minecraft:acacia_slab":1,"minecraft:bee_nest":1,"minecraft:birch_door":1,"minecraft:chest":2,"minecraft:iron_ore":189,"minecraft:birch_button":2,"minecraft:cyan_concrete":2,"minecraft:prismarine_bricks":64,"minecraft:light_gray_concrete_powder":1,"minecraft:polished_granite":28,"minecraft:splash_potion":1,"minecraft:netherrack":1,"minecraft:purple_terracotta":186,"minecraft:oak_slab":2,"minecraft:mossy_cobblestone":3,"minecraft:smithing_table":1,"minecraft:minecart":1,"minecraft:yellow_concrete":2,"minecraft:cyan_dye":51,"minecraft:lead":2,"minecraft:observer":3,"minecraft:nether_brick_wall":192,"minecraft:spruce_stairs":4,"minecraft:acacia_log":1,"minecraft:grass_block":5,"minecraft:stick":8,"minecraft:spruce_fence_gate":43,"minecraft:iron_block":14,"minecraft:blue_dye":13,"minecraft:torch":27,"minecraft:repeater":12,"minecraft:light_blue_wool":2,"minecraft:nether_wart_block":2,"minecraft:white_concrete":7,"minecraft:smooth_quartz":2,"minecraft:brown_wool":1,"minecraft:zombie_head":2,"minecraft:fire_charge":4,"minecraft:redstone_block":1,"minecraft:lapis_block":3,"minecraft:redstone":145,"minecraft:polished_diorite":2,"minecraft:anvil":2,"minecraft:brown_dye":25,"minecraft:gray_stained_glass":1,"minecraft:oak_trapdoor":2,"minecraft:lime_concrete":1,"minecraft:light_gray_wool":1,"minecraft:smoker":1,"minecraft:stripped_oak_log":64,"minecraft:ender_eye":126,"minecraft:stripped_acacia_wood":3,"minecraft:skeleton_spawn_egg":2,"minecraft:flint_and_steel":1,"minecraft:filled_map":11,"minecraft:snow":1,"minecraft:orange_terracotta":72,"minecraft:cake":1,"minecraft:quartz_stairs":2,"minecraft:mossy_stone_bricks":193,"minecraft:pink_wool":1,"minecraft:end_portal_frame":1,"minecraft:birch_sign":8,"minecraft:slime_ball":1,"minecraft:stone_pickaxe":7,"minecraft:globe_banner_pattern":3,"minecraft:light_blue_terracotta":1,"minecraft:light_blue_shulker_box":1},"minecraft:custom":{"minecraft:interact_with_crafting_table":26,"minecraft:open_barrel":48,"minecraft:bell_ring":11,"minecraft:eat_cake_slice":16,"minecraft:leave_game":83,"minecraft:time_since_death":4407186,"minecraft:deaths":2,"minecraft:jump":40118,"minecraft:interact_with_furnace":2,"minecraft:interact_with_cartography_table":4,"minecraft:damage_dealt":7850,"minecraft:interact_with_smoker":11,"minecraft:inspect_dispenser":20,"minecraft:inspect_dropper":261,"minecraft:interact_with_anvil":33,"minecraft:inspect_hopper":114,"minecraft:sneak_time":465034,"minecraft:interact_with_lectern":25,"minecraft:tune_noteblock":96,"minecraft:time_since_rest":4407241,"minecraft:fly_one_cm":85254125,"minecraft:open_chest":133,"minecraft:open_shulker_box":176,"minecraft:sprint_one_cm":1218817,"minecraft:drop":939,"minecraft:walk_on_water_one_cm":55593,"minecraft:play_one_minute":29904571,"minecraft:interact_with_loom":296,"minecraft:open_enderchest":2,"minecraft:interact_with_beacon":9,"minecraft:crouch_one_cm":268706,"minecraft:mob_kills":67,"minecraft:fill_cauldron":1,"minecraft:climb_one_cm":108173,"minecraft:walk_one_cm":31552605,"minecraft:walk_under_water_one_cm":226389,"minecraft:boat_one_cm":24569,"minecraft:pot_flower":8,"minecraft:interact_with_grindstone":14,"minecraft:damage_taken":520,"minecraft:trigger_trapped_chest":10,"minecraft:minecart_one_cm":13551},"minecraft:mined":{"minecraft:white_bed":2,"minecraft:pink_bed":7,"minecraft:light_gray_bed":7,"minecraft:orange_bed":7,"minecraft:red_bed":4,"minecraft:cyan_bed":4,"minecraft:magenta_bed":4,"minecraft:black_bed":1,"minecraft:gray_bed":2,"minecraft:yellow_bed":5},"minecraft:crafted":{"minecraft:leather_leggings":5,"minecraft:leather_chestplate":6,"minecraft:leather_boots":7}},"DataVersion":2230}