{"stats":{"minecraft:killed":{"minecraft:chicken":3},"minecraft:used":{"minecraft:red_sand":5,"minecraft:spruce_slab":2,"minecraft:dispenser":12,"minecraft:ladder":55,"minecraft:oak_sign":5,"minecraft:stripped_jungle_wood":468,"minecraft:soul_sand":17,"minecraft:jungle_planks":500,"minecraft:orange_wool":1226,"minecraft:pink_terracotta":2501,"minecraft:cyan_wool":97,"minecraft:snowball":106,"minecraft:stripped_spruce_log":1,"minecraft:glass":993,"minecraft:packed_ice":1,"minecraft:stripped_dark_oak_wood":131,"minecraft:red_wool":1307,"minecraft:grass_block":997,"minecraft:green_wool":582,"minecraft:quartz_block":280,"minecraft:pink_wool":48,"minecraft:blue_banner":2,"minecraft:repeater":61,"minecraft:honeycomb_block":7,"minecraft:snow":3,"minecraft:hay_block":7,"minecraft:gold_block":774,"minecraft:egg":5,"minecraft:end_rod":9,"minecraft:end_stone_bricks":2781,"minecraft:spruce_door":34,"minecraft:stripped_acacia_log":5,"minecraft:stripped_birch_log":103,"minecraft:dark_oak_sign":2,"minecraft:oak_planks":4488,"minecraft:lily_pad":51,"minecraft:sandstone":5,"minecraft:white_wool":15393,"minecraft:sand":21,"minecraft:yellow_terracotta":182,"minecraft:loom":5,"minecraft:light_blue_wool":33,"minecraft:smooth_red_sandstone":29,"minecraft:black_banner":6,"minecraft:yellow_concrete":308,"minecraft:blue_ice":2,"minecraft:sponge":2,"minecraft:end_stone":11,"minecraft:redstone_torch":37,"minecraft:sticky_piston":14,"minecraft:lever":2,"minecraft:acacia_door":2,"minecraft:light_gray_concrete":62,"minecraft:lime_carpet":36,"minecraft:brown_wool":49,"minecraft:string":8,"minecraft:brown_stained_glass":1,"minecraft:stone_button":12,"minecraft:red_terracotta":125,"minecraft:oak_pressure_plate":30,"minecraft:iron_door":7,"minecraft:nether_wart_block":92,"minecraft:stripped_oak_wood":601,"minecraft:white_stained_glass":138,"minecraft:ice":1,"minecraft:white_concrete":3805,"minecraft:oak_fence":192,"minecraft:stripped_acacia_wood":10,"minecraft:red_concrete":5,"minecraft:armor_stand":4,"minecraft:redstone":390,"minecraft:spruce_planks":574,"minecraft:stripped_birch_wood":15,"minecraft:orange_stained_glass":112,"minecraft:torch":118,"minecraft:anvil":1,"minecraft:yellow_carpet":3167,"minecraft:blue_concrete":629,"minecraft:dark_oak_planks":17,"minecraft:sea_lantern":100,"minecraft:yellow_stained_glass":1,"minecraft:iron_block":17,"minecraft:oak_stairs":133,"minecraft:smooth_sandstone":1654,"minecraft:smooth_quartz":79,"minecraft:yellow_concrete_powder":26,"minecraft:light_gray_wool":6,"minecraft:tripwire_hook":2,"minecraft:lime_concrete":21,"minecraft:lime_stained_glass":99,"minecraft:horn_coral_block":3,"minecraft:acacia_planks":82,"minecraft:water_bucket":5677,"minecraft:yellow_banner":12,"minecraft:snow_block":385,"minecraft:birch_planks":18189,"minecraft:lime_wool":1727,"minecraft:red_nether_bricks":470,"minecraft:blue_wool":12388,"minecraft:cut_sandstone":581,"minecraft:stripped_dark_oak_log":7,"minecraft:crafting_table":1,"minecraft:brown_banner":63,"minecraft:birch_sign":26,"minecraft:dark_oak_door":4,"minecraft:piston":14,"minecraft:black_wool":1432,"minecraft:stripped_jungle_log":1,"minecraft:yellow_wool":2454,"minecraft:blue_carpet":4,"minecraft:white_banner":34,"minecraft:jungle_door":2,"minecraft:bucket":75,"minecraft:grass_path":2,"minecraft:stripped_oak_log":2,"minecraft:kelp":187,"minecraft:gray_wool":108,"minecraft:birch_stairs":816,"minecraft:green_stained_glass":9},"minecraft:picked_up":{"minecraft:yellow_wool":19,"minecraft:oak_stairs":1,"minecraft:birch_button":1,"minecraft:lapis_block":4,"minecraft:string":1,"minecraft:red_nether_bricks":4,"minecraft:sticky_piston":1,"minecraft:armor_stand":1,"minecraft:oak_sign":1,"minecraft:red_sand":1,"minecraft:comparator":1,"minecraft:bucket":2,"minecraft:spruce_planks":1,"minecraft:horn_coral_block":3,"minecraft:acacia_sign":1,"minecraft:red_dye":1,"minecraft:redstone_torch":18,"minecraft:dark_oak_door":3,"minecraft:blue_wool":15,"minecraft:jungle_door":3,"minecraft:oak_fence":5,"minecraft:torch":10,"minecraft:yellow_concrete_powder":1,"minecraft:pink_terracotta":3,"minecraft:black_dye":1,"minecraft:yellow_banner":2,"minecraft:quartz_block":2,"minecraft:iron_block":1,"minecraft:green_wool":3,"minecraft:stripped_birch_wood":1,"minecraft:snowball":201,"minecraft:feather":1,"minecraft:repeater":3,"minecraft:iron_door":2,"minecraft:water_bucket":3,"minecraft:brown_wool":1,"minecraft:purple_stained_glass":1,"minecraft:stripped_birch_log":2,"minecraft:glass":4,"minecraft:acacia_planks":6,"minecraft:dark_oak_sign":1,"minecraft:oak_planks":14,"minecraft:oak_pressure_plate":14,"minecraft:stripped_acacia_wood":1,"minecraft:jungle_planks":2,"minecraft:sand":13,"minecraft:stripped_spruce_log":1,"minecraft:grass_block":3,"minecraft:loom":4,"minecraft:orange_wool":5,"minecraft:stripped_acacia_log":2,"minecraft:dispenser":2,"minecraft:yellow_carpet":63,"minecraft:lever":1,"minecraft:blue_ice":1,"minecraft:white_concrete":7,"minecraft:blue_banner":2,"minecraft:end_stone_bricks":2,"minecraft:crafting_table":3,"minecraft:chicken":1,"minecraft:ladder":1,"minecraft:pink_wool":1,"minecraft:gold_block":4,"minecraft:snow":1,"minecraft:white_stained_glass":3,"minecraft:cyan_wool":2,"minecraft:piston":2,"minecraft:egg":5,"minecraft:lime_wool":10,"minecraft:end_stone":1,"minecraft:white_dye":1,"minecraft:quartz_pillar":2,"minecraft:stone_button":8,"minecraft:redstone":44,"minecraft:brown_dye":59,"minecraft:blue_carpet":1,"minecraft:dark_oak_planks":1,"minecraft:yellow_terracotta":2,"minecraft:black_banner":1,"minecraft:white_wool":10,"minecraft:tripwire_hook":2,"minecraft:yellow_dye":60,"minecraft:birch_planks":9,"minecraft:lily_pad":1,"minecraft:nether_wart_block":1,"minecraft:white_banner":4,"minecraft:orange_terracotta":1,"minecraft:smooth_sandstone":4,"minecraft:kelp":31,"minecraft:soul_sand":1,"minecraft:yellow_concrete":6,"minecraft:red_wool":7,"minecraft:lime_concrete":1,"minecraft:lava_bucket":2,"minecraft:birch_stairs":4,"minecraft:green_stained_glass":1,"minecraft:red_banner":1,"minecraft:white_bed":1,"minecraft:sea_lantern":3,"minecraft:spruce_door":6,"minecraft:leather_helmet":4,"minecraft:stripped_jungle_log":1,"minecraft:stripped_jungle_wood":1,"minecraft:birch_sign":10,"minecraft:gray_wool":2,"minecraft:brown_banner":10,"minecraft:black_wool":3,"minecraft:stripped_dark_oak_log":1},"minecraft:dropped":{"minecraft:soul_sand":2,"minecraft:piston":4,"minecraft:birch_planks":24,"minecraft:oak_pressure_plate":14,"minecraft:loom":4,"minecraft:crafting_table":3,"minecraft:lime_stained_glass":1,"minecraft:stripped_birch_wood":3,"minecraft:jungle_planks":2,"minecraft:red_wool":15,"minecraft:quartz_pillar":2,"minecraft:brown_banner":28,"minecraft:black_banner":1,"minecraft:leather_helmet":5,"minecraft:gold_block":7,"minecraft:packed_ice":1,"minecraft:ice":1,"minecraft:stone_button":13,"minecraft:dispenser":5,"minecraft:cut_sandstone":1,"minecraft:snowball":32,"minecraft:stripped_dark_oak_wood":2,"minecraft:bone_block":1,"minecraft:sand":14,"minecraft:stripped_oak_wood":1,"minecraft:dark_oak_planks":5,"minecraft:white_wool":14,"minecraft:birch_stairs":13,"minecraft:armor_stand":2,"minecraft:green_wool":3,"minecraft:honeycomb_block":1,"minecraft:dark_oak_door":6,"minecraft:pink_terracotta":5,"minecraft:lever":1,"minecraft:stripped_jungle_wood":3,"minecraft:yellow_wool":33,"minecraft:blue_wool":35,"minecraft:lime_wool":24,"minecraft:stripped_dark_oak_log":2,"minecraft:oak_planks":26,"minecraft:end_stone":2,"minecraft:yellow_stained_glass":1,"minecraft:azure_bluet":1,"minecraft:white_bed":2,"minecraft:orange_stained_glass":2,"minecraft:sea_lantern":9,"minecraft:quartz_block":3,"minecraft:ladder":4,"minecraft:yellow_banner":4,"minecraft:spruce_slab":1,"minecraft:white_dye":1,"minecraft:red_nether_bricks":11,"minecraft:end_stone_bricks":3,"minecraft:glass":6,"minecraft:green_stained_glass":1,"minecraft:egg":7,"minecraft:water_bucket":4,"minecraft:stripped_spruce_log":2,"minecraft:black_dye":1,"minecraft:yellow_concrete":12,"minecraft:horn_coral_block":4,"minecraft:oak_fence":7,"minecraft:yellow_terracotta":8,"minecraft:feather":1,"minecraft:stripped_jungle_log":1,"minecraft:spruce_door":11,"minecraft:grass_block":6,"minecraft:yellow_carpet":71,"minecraft:lime_banner":1,"minecraft:end_rod":1,"minecraft:acacia_sign":1,"minecraft:lava_bucket":3,"minecraft:iron_block":2,"minecraft:gray_wool":4,"minecraft:smooth_red_sandstone":1,"minecraft:sponge":1,"minecraft:torch":13,"minecraft:light_blue_wool":3,"minecraft:repeater":5,"minecraft:nether_wart_block":3,"minecraft:white_concrete":23,"minecraft:smooth_quartz":4,"minecraft:brown_wool":1,"minecraft:diamond_helmet":1,"minecraft:iron_door":1,"minecraft:jungle_door":3,"minecraft:lime_carpet":2,"minecraft:stripped_birch_log":4,"minecraft:oak_stairs":4,"minecraft:white_banner":4,"minecraft:red_dye":2,"minecraft:string":2,"minecraft:smooth_sandstone":11,"minecraft:tripwire_hook":1,"minecraft:lily_pad":3,"minecraft:blue_carpet":2,"minecraft:bucket":5,"minecraft:acacia_planks":8,"minecraft:lapis_block":8,"minecraft:redstone":30,"minecraft:snow_block":2,"minecraft:red_concrete":1,"minecraft:yellow_concrete_powder":2,"minecraft:kelp":14,"minecraft:brown_dye":52,"minecraft:dark_oak_sign":2,"minecraft:cocoa_beans":65,"minecraft:lime_concrete":1,"minecraft:sticky_piston":3,"minecraft:grass_path":1,"minecraft:red_banner":1,"minecraft:chicken":1,"minecraft:light_gray_wool":2,"minecraft:blue_concrete":4,"minecraft:stripped_oak_log":2,"minecraft:stripped_acacia_wood":1,"minecraft:light_gray_concrete":2,"minecraft:orange_wool":13,"minecraft:oak_sign":3,"minecraft:red_terracotta":4,"minecraft:snow":1,"minecraft:cyan_wool":4,"minecraft:hay_block":1,"minecraft:orange_terracotta":3,"minecraft:spruce_planks":1,"minecraft:pink_wool":5,"minecraft:blue_banner":2,"minecraft:blue_ice":1,"minecraft:redstone_torch":10,"minecraft:birch_sign":9,"minecraft:slime_ball":1,"minecraft:stripped_acacia_log":3,"minecraft:sandstone":1,"minecraft:red_sand":1,"minecraft:brown_stained_glass":1,"minecraft:white_stained_glass":5,"minecraft:black_wool":9},"minecraft:custom":{"minecraft:interact_with_crafting_table":2,"minecraft:leave_game":69,"minecraft:time_since_death":7097762,"minecraft:sprint_one_cm":2625831,"minecraft:drop":599,"minecraft:jump":14342,"minecraft:walk_on_water_one_cm":346784,"minecraft:play_one_minute":7097762,"minecraft:interact_with_loom":52,"minecraft:damage_dealt":180,"minecraft:crouch_one_cm":4,"minecraft:inspect_dispenser":41,"minecraft:interact_with_anvil":3,"minecraft:mob_kills":3,"minecraft:climb_one_cm":45286,"minecraft:walk_one_cm":8403794,"minecraft:sneak_time":52,"minecraft:walk_under_water_one_cm":1204273,"minecraft:time_since_rest":7097762,"minecraft:swim_one_cm":1820,"minecraft:fly_one_cm":37071262},"minecraft:crafted":{"minecraft:leather_helmet":3}},"DataVersion":2230}