{"stats":{"minecraft:used":{"minecraft:firework_rocket":1,"minecraft:writable_book":2,"minecraft:sand":55},"minecraft:picked_up":{"minecraft:potion":1},"minecraft:custom":{"minecraft:jump":683,"minecraft:open_chest":3,"minecraft:time_since_rest":14320050,"minecraft:play_one_minute":14320050,"minecraft:crouch_one_cm":11006,"minecraft:leave_game":10,"minecraft:open_shulker_box":10,"minecraft:sprint_one_cm":135043,"minecraft:time_since_death":14320050,"minecraft:walk_on_water_one_cm":129,"minecraft:walk_one_cm":567058,"minecraft:sneak_time":9796,"minecraft:climb_one_cm":2999,"minecraft:walk_under_water_one_cm":3535,"minecraft:swim_one_cm":113,"minecraft:interact_with_lectern":9,"minecraft:fly_one_cm":3941808,"minecraft:inspect_dispenser":7,"minecraft:aviate_one_cm":2757}},"DataVersion":2230}