{"stats":{"minecraft:used":{"minecraft:oak_fence":43,"minecraft:peony":1,"minecraft:purpur_block":3,"minecraft:stripped_acacia_wood":21,"minecraft:petrified_oak_slab":1,"minecraft:iron_bars":4,"minecraft:trident":2,"minecraft:blue_terracotta":184,"minecraft:red_sand":2,"minecraft:enchanting_table":1,"minecraft:acacia_log":14,"minecraft:orange_concrete":949,"minecraft:armor_stand":1,"minecraft:smooth_quartz_slab":623,"minecraft:dispenser":1,"minecraft:red_concrete":193,"minecraft:spruce_slab":230,"minecraft:redstone":462,"minecraft:ladder":25,"minecraft:poppy":4,"minecraft:oak_sign":12,"minecraft:light_gray_carpet":18,"minecraft:light_blue_terracotta":7,"minecraft:black_carpet":322,"minecraft:white_concrete_powder":5,"minecraft:spruce_planks":6557,"minecraft:brown_concrete":3,"minecraft:stone":77,"minecraft:white_shulker_box":29,"minecraft:brown_shulker_box":6,"minecraft:stone_hoe":7,"minecraft:quartz_stairs":1858,"minecraft:stripped_birch_wood":661,"minecraft:grass":89,"minecraft:mossy_stone_brick_slab":47,"minecraft:player_head":2,"minecraft:smooth_sandstone_stairs":15,"minecraft:farmland":3,"minecraft:torch":231,"minecraft:light_gray_shulker_box":14,"minecraft:soul_sand":1,"minecraft:dirt":1442,"minecraft:birch_pressure_plate":26,"minecraft:anvil":1,"minecraft:lily_of_the_valley":4,"minecraft:white_carpet":69,"minecraft:spruce_stairs":94,"minecraft:orange_glazed_terracotta":7,"minecraft:jungle_planks":8,"minecraft:nether_bricks":1,"minecraft:prismarine_brick_stairs":15,"minecraft:stone_stairs":89,"minecraft:nether_brick_slab":3,"minecraft:orange_wool":852,"minecraft:allium":5,"minecraft:oak_wood":9,"minecraft:pink_terracotta":9,"minecraft:bee_nest":4,"minecraft:spruce_fence":60,"minecraft:granite":31,"minecraft:cyan_wool":85,"minecraft:blue_concrete":161,"minecraft:azure_bluet":14,"minecraft:nether_brick_stairs":2,"minecraft:stripped_spruce_log":63,"minecraft:obsidian":101,"minecraft:polished_diorite":54,"minecraft:fern":2,"minecraft:brown_terracotta":92,"minecraft:glass":1308,"minecraft:dark_oak_planks":4289,"minecraft:stone_brick_slab":162,"minecraft:packed_ice":119,"minecraft:sea_lantern":26,"minecraft:yellow_stained_glass":126,"minecraft:grass_block":1987,"minecraft:red_tulip":1,"minecraft:quartz_pillar":950,"minecraft:iron_block":101,"minecraft:blue_orchid":7,"minecraft:black_stained_glass_pane":55,"minecraft:red_wool":539,"minecraft:spruce_wood":3,"minecraft:lantern":17,"minecraft:oak_stairs":1113,"minecraft:smooth_sandstone":1940,"minecraft:quartz_block":25,"minecraft:slime_block":66,"minecraft:green_wool":1499,"minecraft:polished_andesite_stairs":32,"minecraft:jungle_log":3,"minecraft:dark_oak_wood":9,"minecraft:dark_oak_slab":407,"minecraft:smooth_quartz":11385,"minecraft:blue_banner":5,"minecraft:stone_brick_stairs":53,"minecraft:dark_oak_button":18,"minecraft:pink_wool":6,"minecraft:barrel":8,"minecraft:stone_bricks":572,"minecraft:item_frame":101,"minecraft:bedrock":9,"minecraft:light_gray_wool":851,"minecraft:repeater":201,"minecraft:tripwire_hook":7,"minecraft:purple_concrete":726,"minecraft:glowstone":43,"minecraft:infested_mossy_stone_bricks":19,"minecraft:redstone_lamp":72,"minecraft:lime_concrete":102,"minecraft:snow":12,"minecraft:black_stained_glass":205,"minecraft:magenta_wool":1,"minecraft:emerald_block":5,"minecraft:scaffolding":19,"minecraft:magenta_terracotta":10,"minecraft:oak_sapling":50,"minecraft:yellow_glazed_terracotta":1,"minecraft:lime_stained_glass":7,"minecraft:podzol":13,"minecraft:minecart":91,"minecraft:gold_block":320,"minecraft:acacia_wood":7,"minecraft:egg":1,"minecraft:stone_pressure_plate":33,"minecraft:acacia_planks":16,"minecraft:orange_terracotta":69,"minecraft:dark_prismarine_stairs":179,"minecraft:damaged_anvil":11,"minecraft:dark_oak_stairs":309,"minecraft:water_bucket":231,"minecraft:mossy_stone_bricks":19,"minecraft:light_blue_shulker_box":4,"minecraft:diorite":4,"minecraft:end_rod":530,"minecraft:nether_brick_wall":1,"minecraft:pink_tulip":4,"minecraft:birch_planks":365,"minecraft:sandstone_stairs":3,"minecraft:gray_carpet":14,"minecraft:prismarine_brick_slab":1,"minecraft:cartography_table":3,"minecraft:powered_rail":32,"minecraft:stripped_birch_log":10,"minecraft:infested_stone":12,"minecraft:yellow_shulker_box":5,"minecraft:red_stained_glass":26,"minecraft:polished_andesite":2,"minecraft:dark_oak_sign":2,"minecraft:lime_wool":278,"minecraft:oak_planks":663,"minecraft:red_nether_bricks":3,"minecraft:birch_wood":19,"minecraft:blue_wool":94,"minecraft:orange_tulip":1,"minecraft:lime_concrete_powder":2,"minecraft:mossy_stone_brick_stairs":12,"minecraft:cut_sandstone":2,"minecraft:black_shulker_box":13,"minecraft:redstone_block":238,"minecraft:magenta_stained_glass":592,"minecraft:smooth_quartz_stairs":49,"minecraft:pink_concrete":376,"minecraft:diamond_block":164,"minecraft:oak_leaves":831,"minecraft:white_wool":8350,"minecraft:rail":290,"minecraft:jungle_wood":4,"minecraft:orange_carpet":97,"minecraft:mossy_cobblestone":20,"minecraft:dark_oak_trapdoor":3,"minecraft:stripped_dark_oak_log":5,"minecraft:purpur_stairs":3,"minecraft:sand":213,"minecraft:comparator":119,"minecraft:yellow_terracotta":154,"minecraft:light_blue_concrete":34,"minecraft:dark_prismarine_slab":1,"minecraft:oak_slab":380,"minecraft:loom":4,"minecraft:light_blue_wool":107,"minecraft:birch_sign":17,"minecraft:light_gray_terracotta":1,"minecraft:yellow_stained_glass_pane":9,"minecraft:yellow_concrete":73,"minecraft:blue_ice":5955,"minecraft:stone_brick_wall":4,"minecraft:lime_shulker_box":12,"minecraft:gray_concrete":925,"minecraft:painting":164,"minecraft:magenta_carpet":657,"minecraft:black_concrete_powder":64,"minecraft:smooth_red_sandstone_stairs":2,"minecraft:spruce_log":2,"minecraft:dark_oak_door":1,"minecraft:sticky_piston":29,"minecraft:redstone_torch":44,"minecraft:birch_fence":102,"minecraft:oak_log":17,"minecraft:purple_stained_glass":70,"minecraft:black_terracotta":180,"minecraft:dark_prismarine":88,"minecraft:gray_terracotta":1,"minecraft:blue_glazed_terracotta":37,"minecraft:lever":80,"minecraft:green_concrete":32,"minecraft:black_wool":883,"minecraft:black_concrete":1555,"minecraft:cornflower":8,"minecraft:activator_rail":9,"minecraft:apple":2,"minecraft:oxeye_daisy":1,"minecraft:birch_slab":606,"minecraft:dark_oak_log":71,"minecraft:command_block":328,"minecraft:light_gray_concrete":796,"minecraft:map":103,"minecraft:barrier":456,"minecraft:string":13,"minecraft:oak_button":22,"minecraft:brown_wool":2,"minecraft:stone_button":39,"minecraft:lapis_ore":33,"minecraft:spruce_pressure_plate":58,"minecraft:detector_rail":4,"minecraft:magenta_concrete":7365,"minecraft:stone_slab":139,"minecraft:red_terracotta":76,"minecraft:spruce_trapdoor":1,"minecraft:yellow_wool":372,"minecraft:blue_carpet":13,"minecraft:chiseled_stone_bricks":10,"minecraft:nether_wart_block":7,"minecraft:coal_block":1,"minecraft:cobblestone":8,"minecraft:potion":44,"minecraft:andesite_stairs":3,"minecraft:orange_banner":10,"minecraft:andesite":6,"minecraft:stripped_oak_wood":502,"minecraft:white_banner":9,"minecraft:bucket":613,"minecraft:pink_stained_glass":52,"minecraft:lapis_block":23,"minecraft:glass_pane":718,"minecraft:magenta_glazed_terracotta":93,"minecraft:green_concrete_powder":7,"minecraft:white_stained_glass":8,"minecraft:birch_log":8,"minecraft:grass_path":1263,"minecraft:ice":5,"minecraft:smooth_stone_slab":46,"minecraft:dandelion":10,"minecraft:stripped_oak_log":74,"minecraft:sea_pickle":1,"minecraft:splash_potion":18,"minecraft:coarse_dirt":40,"minecraft:white_concrete":1748,"minecraft:purple_carpet":13,"minecraft:gray_wool":679,"minecraft:bone_meal":205,"minecraft:smooth_stone":1,"minecraft:purple_wool":64,"minecraft:birch_stairs":89},"minecraft:picked_up":{"minecraft:allium":1,"minecraft:black_carpet":5,"minecraft:chicken":1,"minecraft:ladder":2,"minecraft:light_gray_shulker_box":9,"minecraft:yellow_wool":1,"minecraft:magenta_carpet":48,"minecraft:potion":3,"minecraft:orange_banner":1,"minecraft:orange_concrete":1,"minecraft:white_carpet":4,"minecraft:item_frame":15,"minecraft:oak_sign":2,"minecraft:glass_pane":2,"minecraft:black_shulker_box":8,"minecraft:redstone_torch":9,"minecraft:poppy":1,"minecraft:smooth_quartz":6,"minecraft:minecart":1,"minecraft:egg":15,"minecraft:lime_shulker_box":8,"minecraft:stick":6,"minecraft:stone":3,"minecraft:torch":47,"minecraft:stone_button":14,"minecraft:redstone":77,"minecraft:blue_carpet":4,"minecraft:stone_pressure_plate":9,"minecraft:dark_oak_planks":3,"minecraft:brown_shulker_box":5,"minecraft:iron_block":1,"minecraft:white_shulker_box":10,"minecraft:white_wool":2,"minecraft:rail":32,"minecraft:lapis_ore":1,"minecraft:yellow_shulker_box":3,"minecraft:repeater":17,"minecraft:magenta_banner":54,"minecraft:orange_carpet":60,"minecraft:filled_map":11,"minecraft:nether_wart_block":1,"minecraft:map":1,"minecraft:lantern":1,"minecraft:white_banner":1,"minecraft:birch_pressure_plate":3,"minecraft:apple":4,"minecraft:gray_carpet":5,"minecraft:scaffolding":3,"minecraft:black_terracotta":2,"minecraft:red_wool":1,"minecraft:dandelion":2,"minecraft:sand":61,"minecraft:light_blue_shulker_box":3,"minecraft:red_stained_glass":1,"minecraft:white_concrete_powder":1,"minecraft:lever":9,"minecraft:white_concrete":1,"minecraft:gray_wool":1,"minecraft:oak_button":6,"minecraft:oak_sapling":13,"minecraft:light_gray_carpet":2,"minecraft:black_wool":1,"minecraft:sunflower":1},"minecraft:dropped":{"minecraft:red_wool":1,"minecraft:red_stained_glass":1,"minecraft:iron_block":1,"minecraft:gray_concrete":1,"minecraft:gray_wool":1,"minecraft:stone_button":1,"minecraft:torch":15,"minecraft:nether_wart_block":1,"minecraft:white_concrete":1,"minecraft:smooth_quartz":6,"minecraft:map":1,"minecraft:lapis_ore":1,"minecraft:potion":4,"minecraft:sunflower":1,"minecraft:dark_oak_planks":3,"minecraft:white_wool":2,"minecraft:lever":1,"minecraft:yellow_wool":1,"minecraft:orange_concrete":1,"minecraft:black_terracotta":2,"minecraft:oak_sign":1,"minecraft:glass_pane":2,"minecraft:white_concrete_powder":1,"minecraft:black_wool":1,"minecraft:egg":15},"minecraft:custom":{"minecraft:interact_with_anvil":2,"minecraft:open_barrel":4,"minecraft:open_shulker_box":226,"minecraft:leave_game":61,"minecraft:time_since_death":9412054,"minecraft:climb_one_cm":28357,"minecraft:sprint_one_cm":2367273,"minecraft:walk_one_cm":19171574,"minecraft:drop":52,"minecraft:deaths":1,"minecraft:sneak_time":261978,"minecraft:walk_under_water_one_cm":87559,"minecraft:jump":24729,"minecraft:walk_on_water_one_cm":113771,"minecraft:interact_with_cartography_table":5,"minecraft:play_one_minute":9430424,"minecraft:interact_with_loom":11,"minecraft:time_since_rest":9412145,"minecraft:damage_taken":360,"minecraft:trigger_trapped_chest":1,"minecraft:minecart_one_cm":360796,"minecraft:interact_with_beacon":1,"minecraft:swim_one_cm":4969,"minecraft:fly_one_cm":42999775,"minecraft:open_chest":10,"minecraft:crouch_one_cm":305811,"minecraft:inspect_dispenser":14}},"DataVersion":2230}