{"stats":{"minecraft:used":{"minecraft:oak_log":120,"minecraft:andesite_wall":75,"minecraft:dark_oak_stairs":31,"minecraft:stone_brick_slab":4,"minecraft:end_rod":29,"minecraft:sea_lantern":10,"minecraft:iron_block":2,"minecraft:grass_block":89,"minecraft:brown_wool":51,"minecraft:map":6,"minecraft:light_gray_carpet":4,"minecraft:white_concrete_powder":254,"minecraft:dark_oak_leaves":38,"minecraft:brown_concrete":4,"minecraft:spruce_trapdoor":12,"minecraft:spruce_fence_gate":1,"minecraft:diorite_wall":1,"minecraft:stone_brick_stairs":6,"minecraft:stone_bricks":10,"minecraft:sandstone_wall":2,"minecraft:yellow_wool":96,"minecraft:item_frame":48,"minecraft:oak_leaves":643,"minecraft:dirt":25,"minecraft:terracotta":4,"minecraft:white_banner":2,"minecraft:dark_oak_fence":139,"minecraft:smooth_red_sandstone":2,"minecraft:light_gray_concrete_powder":2,"minecraft:dark_oak_fence_gate":2,"minecraft:birch_fence":12},"minecraft:picked_up":{"minecraft:smooth_red_sandstone":1,"minecraft:brown_wool":1,"minecraft:grass_block":1,"minecraft:dark_oak_fence_gate":1,"minecraft:terracotta":1,"minecraft:dark_oak_fence":1,"minecraft:sunflower":1,"minecraft:dark_oak_stairs":1},"minecraft:dropped":{"minecraft:sandstone_wall":1,"minecraft:dark_oak_stairs":1,"minecraft:smooth_red_sandstone":1,"minecraft:dark_oak_fence":1,"minecraft:brown_wool":1,"minecraft:sunflower":1,"minecraft:grass_block":1,"minecraft:dark_oak_fence_gate":1,"minecraft:terracotta":1},"minecraft:custom":{"minecraft:time_since_rest":338696,"minecraft:sprint_one_cm":127956,"minecraft:inspect_dropper":2,"minecraft:open_enderchest":1,"minecraft:walk_one_cm":562868,"minecraft:drop":9,"minecraft:fly_one_cm":3058443,"minecraft:open_barrel":4,"minecraft:open_chest":8,"minecraft:crouch_one_cm":5039,"minecraft:play_one_minute":338696,"minecraft:open_shulker_box":5,"minecraft:sneak_time":6089,"minecraft:walk_under_water_one_cm":6558,"minecraft:interact_with_lectern":3,"minecraft:jump":575,"minecraft:leave_game":5,"minecraft:walk_on_water_one_cm":831,"minecraft:time_since_death":338696,"minecraft:interact_with_smoker":1,"minecraft:climb_one_cm":8602,"minecraft:inspect_dispenser":2}},"DataVersion":2230}