{"stats":{"minecraft:killed":{"minecraft:chicken":2,"minecraft:cat":1,"minecraft:wolf":2,"minecraft:magma_cube":1,"minecraft:pig":1,"minecraft:creeper":3,"minecraft:sheep":33,"minecraft:pillager":4,"minecraft:cow":6,"minecraft:evoker":1,"minecraft:vindicator":1,"minecraft:snow_golem":2,"minecraft:husk":39,"minecraft:ravager":2,"minecraft:wither_skeleton":1,"minecraft:enderman":9},"minecraft:used":{"minecraft:light_blue_banner":12,"minecraft:writable_book":3,"minecraft:nether_brick_fence":55,"minecraft:light_blue_stained_glass_pane":1,"minecraft:jack_o_lantern":24,"minecraft:blue_terracotta":7194,"minecraft:red_sand":140,"minecraft:polished_granite_stairs":33,"minecraft:light_gray_stained_glass_pane":14,"minecraft:melon":18,"minecraft:dispenser":95,"minecraft:dead_tube_coral_fan":1,"minecraft:ladder":113,"minecraft:red_sandstone_slab":195,"minecraft:spruce_slab":2,"minecraft:dead_brain_coral":1,"minecraft:bone_block":13,"minecraft:oak_sign":1,"minecraft:black_carpet":7,"minecraft:white_concrete_powder":4,"minecraft:chest":21,"minecraft:white_terracotta":645,"minecraft:stone":57,"minecraft:stripped_jungle_wood":70,"minecraft:creeper_head":27,"minecraft:white_shulker_box":36,"minecraft:red_nether_brick_stairs":69,"minecraft:quartz_stairs":129,"minecraft:player_head":2,"minecraft:green_terracotta":377,"minecraft:spruce_leaves":15,"minecraft:chiseled_red_sandstone":6,"minecraft:soul_sand":924,"minecraft:birch_pressure_plate":11,"minecraft:blue_stained_glass":1071,"minecraft:jungle_planks":19,"minecraft:nether_bricks":321,"minecraft:orange_wool":41,"minecraft:pink_terracotta":76,"minecraft:acacia_button":22,"minecraft:cyan_wool":329,"minecraft:snowball":7,"minecraft:obsidian":732,"minecraft:red_sandstone_stairs":18,"minecraft:glass":2343,"minecraft:packed_ice":335,"minecraft:honey_block":34,"minecraft:cyan_terracotta":267,"minecraft:lava_bucket":3,"minecraft:bricks":2508,"minecraft:coal_ore":192,"minecraft:quartz_pillar":1,"minecraft:quartz_slab":2,"minecraft:red_wool":327,"minecraft:black_stained_glass_pane":35,"minecraft:lantern":16,"minecraft:grass_block":1910,"minecraft:orange_shulker_box":2,"minecraft:green_wool":2646,"minecraft:wet_sponge":43,"minecraft:dark_oak_wood":17,"minecraft:dark_oak_slab":2,"minecraft:gray_concrete_powder":1,"minecraft:dark_oak_button":2,"minecraft:diorite_wall":2,"minecraft:pink_wool":49,"minecraft:stone_bricks":25,"minecraft:blue_banner":25,"minecraft:item_frame":25,"minecraft:bedrock":317,"minecraft:birch_button":5,"minecraft:birch_trapdoor":25,"minecraft:repeater":56,"minecraft:red_stained_glass_pane":18,"minecraft:red_carpet":3,"minecraft:redstone_lamp":1,"minecraft:snow":52,"minecraft:magma_block":10,"minecraft:bow":196,"minecraft:hay_block":61,"minecraft:written_book":1,"minecraft:blue_shulker_box":5,"minecraft:yellow_glazed_terracotta":83,"minecraft:furnace":1,"minecraft:gold_block":158,"minecraft:skeleton_skull":11,"minecraft:egg":87,"minecraft:pink_concrete_powder":2,"minecraft:dragon_head":9,"minecraft:dead_brain_coral_fan":1,"minecraft:emerald_ore":38,"minecraft:dark_oak_stairs":1,"minecraft:end_rod":235,"minecraft:cow_spawn_egg":1,"minecraft:end_stone_bricks":21,"minecraft:spruce_door":3,"minecraft:dropper":11,"minecraft:brick_wall":372,"minecraft:wither_skeleton_skull":7,"minecraft:stripped_birch_log":1,"minecraft:witch_spawn_egg":1,"minecraft:powered_rail":95,"minecraft:dark_oak_sign":2,"minecraft:acacia_trapdoor":32,"minecraft:birch_wood":306,"minecraft:oak_planks":295,"minecraft:prismarine_stairs":1,"minecraft:sandstone":5,"minecraft:redstone_block":26,"minecraft:clay":1080,"minecraft:oak_leaves":5,"minecraft:white_wool":1973,"minecraft:sand":2424,"minecraft:light_blue_concrete":91,"minecraft:yellow_terracotta":147,"minecraft:infested_chiseled_stone_bricks":9,"minecraft:loom":2,"minecraft:blast_furnace":94,"minecraft:yellow_concrete":42,"minecraft:light_blue_wool":628,"minecraft:black_banner":50,"minecraft:smooth_red_sandstone":168,"minecraft:light_gray_terracotta":82,"minecraft:acacia_leaves":11,"minecraft:crossbow":108,"minecraft:blue_ice":8192,"minecraft:dead_bubble_coral":1,"minecraft:sponge":519,"minecraft:purple_terracotta":17,"minecraft:chiseled_quartz_block":60,"minecraft:stone_brick_wall":325,"minecraft:note_block":5,"minecraft:gray_concrete":4936,"minecraft:lingering_potion":13,"minecraft:end_stone":70,"minecraft:red_sandstone_wall":2,"minecraft:birch_fence":136,"minecraft:sticky_piston":53,"minecraft:redstone_torch":191,"minecraft:black_terracotta":369,"minecraft:dead_fire_coral_fan":1,"minecraft:lever":47,"minecraft:blue_glazed_terracotta":1541,"minecraft:black_concrete":2045,"minecraft:red_sandstone":16763,"minecraft:chiseled_sandstone":4,"minecraft:firework_rocket":15,"minecraft:daylight_detector":2,"minecraft:birch_fence_gate":26,"minecraft:dark_oak_log":5,"minecraft:light_gray_concrete":36,"minecraft:zombie_head":4,"minecraft:heavy_weighted_pressure_plate":2,"minecraft:string":32,"minecraft:brown_wool":49,"minecraft:stone_button":36,"minecraft:lectern":1,"minecraft:red_terracotta":74,"minecraft:polished_granite":103,"minecraft:diamond_ore":284,"minecraft:iron_door":2,"minecraft:prismarine_wall":11,"minecraft:gravel":24,"minecraft:cat_spawn_egg":2,"minecraft:granite_slab":126,"minecraft:evoker_spawn_egg":1,"minecraft:dead_horn_coral":11,"minecraft:coal_block":326,"minecraft:diamond_sword":187,"minecraft:dead_horn_coral_fan":1,"minecraft:stripped_oak_wood":1,"minecraft:grindstone":1,"minecraft:dark_oak_fence":105,"minecraft:white_stained_glass":163,"minecraft:smooth_stone_slab":414,"minecraft:ice":74,"minecraft:oak_boat":1,"minecraft:white_concrete":2567,"minecraft:purple_wool":12,"minecraft:cobweb":10,"minecraft:oak_fence":18,"minecraft:oak_trapdoor":2,"minecraft:trident":146,"minecraft:iron_bars":128,"minecraft:acacia_log":2,"minecraft:flint_and_steel":2,"minecraft:red_concrete":30,"minecraft:redstone_ore":30,"minecraft:armor_stand":76,"minecraft:redstone":685,"minecraft:light_gray_carpet":1,"minecraft:light_blue_terracotta":7417,"minecraft:spruce_planks":38,"minecraft:ender_chest":45,"minecraft:brown_shulker_box":3,"minecraft:stripped_birch_wood":6,"minecraft:oak_door":1,"minecraft:torch":1974,"minecraft:sandstone_wall":1,"minecraft:netherrack":51,"minecraft:dried_kelp_block":200,"minecraft:green_glazed_terracotta":27,"minecraft:orange_stained_glass":362,"minecraft:light_gray_shulker_box":432,"minecraft:end_stone_brick_wall":82,"minecraft:dirt":163,"minecraft:anvil":15,"minecraft:white_carpet":34,"minecraft:nether_quartz_ore":496,"minecraft:prismarine_bricks":102,"minecraft:cobblestone_wall":5,"minecraft:nether_brick_slab":576,"minecraft:dead_tube_coral":3,"minecraft:shulker_box":39,"minecraft:oak_wood":11,"minecraft:spruce_fence":22,"minecraft:light_blue_stained_glass":872,"minecraft:granite":5188,"minecraft:blue_concrete":1138,"minecraft:nether_brick_stairs":367,"minecraft:polished_diorite":3,"minecraft:andesite_wall":2,"minecraft:birch_door":14,"minecraft:purple_stained_glass_pane":4,"minecraft:brown_terracotta":4,"minecraft:red_shulker_box":1,"minecraft:ravager_spawn_egg":1,"minecraft:dark_oak_planks":2,"minecraft:sea_lantern":8308,"minecraft:cyan_shulker_box":4,"minecraft:iron_block":2369,"minecraft:light_weighted_pressure_plate":2,"minecraft:brick_stairs":830,"minecraft:spruce_button":2,"minecraft:slime_block":134,"minecraft:smooth_sandstone":154,"minecraft:chicken_spawn_egg":19,"minecraft:smooth_quartz":1872,"minecraft:barrel":15,"minecraft:magma_cube_spawn_egg":1,"minecraft:light_gray_wool":382,"minecraft:gray_glazed_terracotta":824,"minecraft:magenta_terracotta":13,"minecraft:emerald_block":1,"minecraft:glowstone":10,"minecraft:dark_oak_pressure_plate":2,"minecraft:lime_concrete":114,"minecraft:black_stained_glass":220,"minecraft:magenta_wool":1,"minecraft:iron_trapdoor":3,"minecraft:wolf_spawn_egg":1,"minecraft:lime_stained_glass":1,"minecraft:podzol":1,"minecraft:minecart":25,"minecraft:acacia_wood":2,"minecraft:cyan_banner":11,"minecraft:granite_wall":7,"minecraft:stone_pressure_plate":27,"minecraft:light_gray_bed":4,"minecraft:orange_terracotta":121,"minecraft:dead_bubble_coral_fan":1,"minecraft:pumpkin":5,"minecraft:mossy_stone_brick_wall":2,"minecraft:water_bucket":993,"minecraft:yellow_banner":21,"minecraft:light_blue_shulker_box":19,"minecraft:iron_ore":97,"minecraft:nether_brick_wall":1024,"minecraft:tube_coral_block":9,"minecraft:cobblestone_stairs":3,"minecraft:light_blue_glazed_terracotta":318,"minecraft:pink_glazed_terracotta":1,"minecraft:sandstone_stairs":3872,"minecraft:snow_block":1335,"minecraft:birch_planks":224,"minecraft:polished_andesite":2,"minecraft:lime_wool":1157,"minecraft:red_nether_bricks":4,"minecraft:cartography_table":1,"minecraft:blue_wool":1385,"minecraft:pink_banner":2,"minecraft:birch_boat":2,"minecraft:black_shulker_box":35,"minecraft:cut_sandstone":5,"minecraft:blue_concrete_powder":28,"minecraft:beacon":3,"minecraft:sheep_spawn_egg":61,"minecraft:cobblestone_slab":7,"minecraft:vindicator_spawn_egg":2,"minecraft:gold_ore":104,"minecraft:pink_concrete":8,"minecraft:jungle_wood":78,"minecraft:diamond_block":91,"minecraft:rail":546,"minecraft:orange_carpet":1,"minecraft:lime_terracotta":183,"minecraft:terracotta":8,"minecraft:comparator":2,"minecraft:tnt":69,"minecraft:crafting_table":11,"minecraft:yellow_stained_glass_pane":3,"minecraft:birch_sign":245,"minecraft:white_bed":2,"minecraft:light_gray_concrete_powder":1,"minecraft:dark_oak_fence_gate":2,"minecraft:lime_shulker_box":1,"minecraft:smooth_red_sandstone_stairs":44,"minecraft:cake":2,"minecraft:spruce_log":29,"minecraft:dark_oak_door":5,"minecraft:mushroom_stem":11,"minecraft:oak_log":8,"minecraft:blue_stained_glass_pane":10,"minecraft:gray_terracotta":200,"minecraft:piston":13,"minecraft:dark_prismarine":27,"minecraft:ender_eye":2,"minecraft:black_wool":1399,"minecraft:acacia_sign":2,"minecraft:stripped_jungle_log":6,"minecraft:dead_fire_coral":3,"minecraft:oak_button":24,"minecraft:lapis_ore":195,"minecraft:detector_rail":89,"minecraft:cyan_concrete":319,"minecraft:yellow_wool":218,"minecraft:chiseled_stone_bricks":30,"minecraft:magenta_banner":3,"minecraft:blue_carpet":7,"minecraft:fishing_rod":21,"minecraft:green_shulker_box":2,"minecraft:cobblestone":9,"minecraft:potion":8,"minecraft:acacia_pressure_plate":14,"minecraft:white_banner":51,"minecraft:bucket":312,"minecraft:jungle_door":3,"minecraft:red_banner":16,"minecraft:lapis_block":1609,"minecraft:pink_shulker_box":1,"minecraft:glass_pane":334,"minecraft:end_portal_frame":2,"minecraft:husk_spawn_egg":15,"minecraft:gray_wool":1097,"minecraft:brown_mushroom_block":3,"minecraft:smooth_stone":210,"minecraft:jukebox":29,"minecraft:splash_potion":32,"minecraft:pillager_spawn_egg":1},"minecraft:picked_up":{"minecraft:birch_door":4,"minecraft:redstone_block":1,"minecraft:light_gray_shulker_box":6,"minecraft:lead":2,"minecraft:diamond_sword":1,"minecraft:birch_button":2,"minecraft:potion":2,"minecraft:lapis_block":1,"minecraft:string":19,"minecraft:armor_stand":1,"minecraft:oak_sign":5,"minecraft:red_sand":1,"minecraft:black_shulker_box":10,"minecraft:bucket":13,"minecraft:red_dye":2,"minecraft:redstone_torch":46,"minecraft:ender_eye":9,"minecraft:dark_oak_door":2,"minecraft:blue_wool":38,"minecraft:diamond_ore":1,"minecraft:jungle_door":1,"minecraft:torch":1376,"minecraft:brown_carpet":2,"minecraft:yellow_banner":1,"minecraft:rotten_flesh":24,"minecraft:cyan_terracotta":2,"minecraft:end_rod":1,"minecraft:obsidian":1,"minecraft:snowball":41,"minecraft:leather_chestplate":2,"minecraft:feather":10,"minecraft:repeater":77,"minecraft:water_bucket":14,"minecraft:dirt":8,"minecraft:lantern":6,"minecraft:polished_granite":2,"minecraft:leather_boots":1,"minecraft:bone":2,"minecraft:acacia_planks":1,"minecraft:bow":4,"minecraft:wheat_seeds":10,"minecraft:pink_banner":1,"minecraft:bell":3,"minecraft:powered_rail":13,"minecraft:cyan_concrete":1,"minecraft:sand":14122,"minecraft:melon":1,"minecraft:light_blue_shulker_box":18,"minecraft:grass_block":1,"minecraft:red_terracotta":1,"minecraft:shulker_box":36,"minecraft:lever":19,"minecraft:granite":1,"minecraft:crossbow":2,"minecraft:emerald":1,"minecraft:firework_star":1,"minecraft:splash_potion":7,"minecraft:chicken":1,"minecraft:ladder":38,"minecraft:leather_leggings":1,"minecraft:pink_wool":1,"minecraft:gold_block":3,"minecraft:acacia_button":2,"minecraft:white_carpet":2,"minecraft:item_frame":14,"minecraft:quartz_slab":1,"minecraft:detector_rail":8,"minecraft:blue_shulker_box":1,"minecraft:egg":6,"minecraft:black_stained_glass":1,"minecraft:end_stone":1,"minecraft:stone":1,"minecraft:fire_charge":73,"minecraft:white_dye":1,"minecraft:stone_button":9,"minecraft:cookie":1,"minecraft:carrot":1,"minecraft:redstone":143,"minecraft:blue_carpet":31,"minecraft:stone_pressure_plate":8,"minecraft:arrow":29,"minecraft:diamond_chestplate":1,"minecraft:pumpkin_pie":1,"minecraft:diamond_boots":1,"minecraft:sandstone_stairs":8,"minecraft:yellow_terracotta":1,"minecraft:saddle":1,"minecraft:totem_of_undying":1,"minecraft:white_shulker_box":24,"minecraft:mutton":19,"minecraft:white_wool":43,"minecraft:rail":1,"minecraft:lapis_ore":1,"minecraft:dark_oak_button":2,"minecraft:tripwire_hook":1,"minecraft:filled_map":7,"minecraft:yellow_glazed_terracotta":1,"minecraft:white_banner":6,"minecraft:birch_pressure_plate":2,"minecraft:red_carpet":1,"minecraft:light_blue_banner":2,"minecraft:rabbit_hide":1,"minecraft:heart_of_the_sea":15,"minecraft:cooked_chicken":6,"minecraft:cobweb":1,"minecraft:firework_rocket":171,"minecraft:pumpkin_seeds":12,"minecraft:husk_spawn_egg":2,"minecraft:slime_ball":138,"minecraft:painting":2,"minecraft:birch_sign":22,"minecraft:oak_button":9,"minecraft:black_wool":1,"minecraft:ender_pearl":37},"minecraft:dropped":{"minecraft:gold_ore":1,"minecraft:ender_pearl":17,"minecraft:crafting_table":1,"minecraft:red_sandstone":2,"minecraft:crossbow":2,"minecraft:lantern":1,"minecraft:bedrock":1,"minecraft:item_frame":15,"minecraft:gold_block":3,"minecraft:cyan_terracotta":1,"minecraft:dirt":1,"minecraft:melon":2,"minecraft:stone_button":6,"minecraft:mutton":1,"minecraft:husk_spawn_egg":2,"minecraft:snowball":33,"minecraft:black_stained_glass":2,"minecraft:white_wool":9,"minecraft:armor_stand":1,"minecraft:lever":1,"minecraft:diamond_block":1,"minecraft:yellow_wool":1,"minecraft:blue_wool":2,"minecraft:obsidian":2,"minecraft:rotten_flesh":6,"minecraft:end_stone":2,"minecraft:blue_stained_glass":1,"minecraft:firework_star":1,"minecraft:leather_chestplate":1,"minecraft:tipped_arrow":155,"minecraft:brick_stairs":1,"minecraft:skeleton_skull":1,"minecraft:honey_block":1,"minecraft:lingering_potion":4,"minecraft:leather_boots":1,"minecraft:white_dye":1,"minecraft:arrow":5,"minecraft:cyan_concrete":2,"minecraft:powered_rail":3,"minecraft:polished_granite":1,"minecraft:splash_potion":11,"minecraft:firework_rocket":171,"minecraft:tnt":38,"minecraft:minecart":1,"minecraft:cobblestone":1,"minecraft:yellow_terracotta":2,"minecraft:lead":1,"minecraft:granite":1,"minecraft:grass_block":1,"minecraft:coal_block":1,"minecraft:torch":22,"minecraft:light_blue_wool":1,"minecraft:repeater":64,"minecraft:light_gray_shulker_box":1,"minecraft:smooth_quartz":1,"minecraft:yellow_glazed_terracotta":2,"minecraft:lapis_ore":1,"minecraft:jungle_door":1,"minecraft:fire_charge":64,"minecraft:potion":2,"minecraft:heart_of_the_sea":2,"minecraft:red_dye":2,"minecraft:string":1,"minecraft:bucket":4,"minecraft:lapis_block":2,"minecraft:redstone_block":2,"minecraft:redstone":32,"minecraft:blue_terracotta":1,"minecraft:anvil":2,"minecraft:brick_wall":1,"minecraft:dragon_head":1,"minecraft:ender_chest":2,"minecraft:smooth_stone_slab":1,"minecraft:light_gray_wool":3,"minecraft:red_sandstone_slab":1,"minecraft:ender_eye":65,"minecraft:light_blue_concrete":1,"minecraft:white_terracotta":1,"minecraft:white_shulker_box":16,"minecraft:diamond_ore":1,"minecraft:shulker_box":19,"minecraft:acacia_leaves":1,"minecraft:red_terracotta":4,"minecraft:diamond_chestplate":2,"minecraft:quartz_stairs":2,"minecraft:cake":1,"minecraft:pink_wool":2,"minecraft:birch_sign":3,"minecraft:diamond_boots":1,"minecraft:slime_ball":63,"minecraft:bow":4,"minecraft:light_blue_terracotta":1,"minecraft:white_stained_glass":1,"minecraft:black_wool":1,"minecraft:light_blue_shulker_box":6},"minecraft:custom":{"minecraft:animals_bred":1,"minecraft:interact_with_crafting_table":95,"minecraft:open_barrel":11,"minecraft:open_shulker_box":700,"minecraft:bell_ring":7,"minecraft:eat_cake_slice":5,"minecraft:leave_game":102,"minecraft:time_since_death":12735687,"minecraft:sprint_one_cm":1163136,"minecraft:drop":210,"minecraft:deaths":10,"minecraft:jump":14475,"minecraft:walk_on_water_one_cm":423603,"minecraft:interact_with_furnace":2,"minecraft:interact_with_cartography_table":1,"minecraft:play_one_minute":21918831,"minecraft:interact_with_loom":21,"minecraft:open_enderchest":74,"minecraft:damage_dealt":10758,"minecraft:interact_with_beacon":6,"minecraft:crouch_one_cm":75780,"minecraft:inspect_dispenser":338,"minecraft:inspect_dropper":61,"minecraft:mob_kills":108,"minecraft:interact_with_anvil":220,"minecraft:inspect_hopper":4,"minecraft:climb_one_cm":83850,"minecraft:walk_one_cm":22929067,"minecraft:sneak_time":270271,"minecraft:walk_under_water_one_cm":232388,"minecraft:interact_with_lectern":11,"minecraft:boat_one_cm":27941,"minecraft:interact_with_blast_furnace":13,"minecraft:tune_noteblock":86,"minecraft:interact_with_grindstone":2,"minecraft:time_since_rest":12735721,"minecraft:damage_taken":2400,"minecraft:trigger_trapped_chest":4,"minecraft:minecart_one_cm":647853,"minecraft:fly_one_cm":90784274,"minecraft:open_chest":188,"minecraft:aviate_one_cm":14661},"minecraft:mined":{"minecraft:white_bed":3,"minecraft:light_gray_bed":4},"minecraft:crafted":{"minecraft:leather_chestplate":19,"minecraft:light_blue_shulker_box":1,"minecraft:leather_leggings":8,"minecraft:leather_boots":3,"minecraft:terracotta":1,"minecraft:firework_star":833,"minecraft:leather_helmet":2,"minecraft:blue_dye":1,"minecraft:firework_rocket":1536}},"DataVersion":2230}