{"stats":{"minecraft:used":{"minecraft:dark_oak_planks":2,"minecraft:granite_slab":213,"minecraft:red_sandstone":443,"minecraft:diamond_block":28,"minecraft:sand":1,"minecraft:sandstone_stairs":20,"minecraft:red_sandstone_slab":46,"minecraft:armor_stand":3,"minecraft:polished_andesite":145,"minecraft:light_gray_concrete_powder":2,"minecraft:granite":726},"minecraft:picked_up":{"minecraft:armor_stand":1,"minecraft:polished_andesite":1,"minecraft:red_sandstone":1,"minecraft:diamond_block":3},"minecraft:dropped":{"minecraft:diamond_block":3,"minecraft:red_sandstone":1,"minecraft:armor_stand":1,"minecraft:polished_andesite":1},"minecraft:custom":{"minecraft:time_since_rest":308540,"minecraft:crouch_one_cm":15386,"minecraft:play_one_minute":308540,"minecraft:sprint_one_cm":127941,"minecraft:open_shulker_box":1,"minecraft:walk_one_cm":1419976,"minecraft:sneak_time":8417,"minecraft:drop":4,"minecraft:interact_with_lectern":2,"minecraft:jump":3108,"minecraft:leave_game":4,"minecraft:time_since_death":308540,"minecraft:climb_one_cm":1836,"minecraft:fly_one_cm":2788310}},"DataVersion":2230}