{"stats":{"minecraft:killed":{"minecraft:sheep":2},"minecraft:used":{"minecraft:water_bucket":23,"minecraft:birch_planks":314,"minecraft:end_rod":61,"minecraft:birch_leaves":9,"minecraft:iron_bars":16,"minecraft:cobblestone_stairs":1,"minecraft:oak_planks":12,"minecraft:gray_carpet":16,"minecraft:armor_stand":98,"minecraft:wither_skeleton_skull":1,"minecraft:powered_rail":1,"minecraft:dispenser":5,"minecraft:acacia_trapdoor":6,"minecraft:light_gray_carpet":6,"minecraft:redstone":250,"minecraft:lime_wool":4,"minecraft:ladder":10,"minecraft:lily_pad":1,"minecraft:blue_wool":1079,"minecraft:black_glazed_terracotta":1,"minecraft:redstone_block":18,"minecraft:sheep_spawn_egg":4,"minecraft:stonecutter":2,"minecraft:player_head":5,"minecraft:smooth_quartz_stairs":44,"minecraft:conduit":2,"minecraft:white_wool":114,"minecraft:torch":37,"minecraft:dark_oak_trapdoor":11,"minecraft:anvil":10,"minecraft:birch_pressure_plate":1,"minecraft:dirt":19,"minecraft:rail":29,"minecraft:comparator":1,"minecraft:tnt":1,"minecraft:hopper":5,"minecraft:loom":1,"minecraft:nether_quartz_ore":47,"minecraft:blast_furnace":13,"minecraft:birch_sign":14,"minecraft:campfire":21,"minecraft:chiseled_quartz_block":19,"minecraft:note_block":20,"minecraft:stone_brick_wall":3,"minecraft:gray_concrete":4491,"minecraft:cake":13,"minecraft:dark_oak_door":35,"minecraft:flower_pot":1,"minecraft:obsidian":57,"minecraft:birch_door":2,"minecraft:redstone_torch":105,"minecraft:sticky_piston":65,"minecraft:glass":171,"minecraft:piston":57,"minecraft:lever":31,"minecraft:black_wool":28,"minecraft:black_concrete":12,"minecraft:firework_rocket":6,"minecraft:bricks":11,"minecraft:black_stained_glass_pane":8,"minecraft:acacia_door":3,"minecraft:slime_block":20,"minecraft:stone_button":46,"minecraft:string":27,"minecraft:quartz_slab":207,"minecraft:red_wool":1,"minecraft:heavy_weighted_pressure_plate":6,"minecraft:brick_stairs":3,"minecraft:grass_block":806,"minecraft:oak_stairs":28,"minecraft:spruce_button":1,"minecraft:oak_button":22,"minecraft:map":12,"minecraft:green_wool":1,"minecraft:spruce_trapdoor":7,"minecraft:smooth_quartz":40,"minecraft:gravel":109,"minecraft:pink_wool":97,"minecraft:polished_andesite_slab":37,"minecraft:item_frame":84,"minecraft:bedrock":3,"minecraft:blue_carpet":118,"minecraft:birch_trapdoor":6,"minecraft:tripwire_hook":2,"minecraft:diamond_sword":2,"minecraft:repeater":48,"minecraft:redstone_lamp":7,"minecraft:cobblestone":8,"minecraft:snow":1,"minecraft:black_stained_glass":18,"minecraft:iron_trapdoor":15,"minecraft:oak_sapling":1,"minecraft:blue_shulker_box":1,"minecraft:grindstone":21,"minecraft:gold_block":1,"minecraft:smooth_stone_slab":89,"minecraft:minecart":8,"minecraft:glass_pane":2,"minecraft:skeleton_skull":6,"minecraft:stone_pressure_plate":13,"minecraft:white_concrete":3159,"minecraft:dragon_head":2,"minecraft:acacia_planks":22,"minecraft:cobweb":14,"minecraft:observer":39,"minecraft:purple_wool":47,"minecraft:birch_stairs":26},"minecraft:picked_up":{"minecraft:leather_chestplate":2,"minecraft:repeater":2,"minecraft:ladder":6,"minecraft:leather_leggings":1,"minecraft:chiseled_quartz_block":1,"minecraft:filled_map":31,"minecraft:gold_block":2,"minecraft:bedrock":1,"minecraft:shield":1,"minecraft:heavy_weighted_pressure_plate":5,"minecraft:gray_concrete":2,"minecraft:item_frame":41,"minecraft:birch_pressure_plate":1,"minecraft:gray_carpet":3,"minecraft:cooked_chicken":1,"minecraft:cobweb":1,"minecraft:redstone_torch":23,"minecraft:egg":1,"minecraft:cake":1,"minecraft:stone_button":27,"minecraft:redstone":37,"minecraft:leather_helmet":1,"minecraft:blue_carpet":41,"minecraft:stone_pressure_plate":5,"minecraft:lever":9,"minecraft:birch_sign":2,"minecraft:white_concrete":1,"minecraft:spruce_button":1,"minecraft:oak_button":15,"minecraft:mutton":3,"minecraft:rail":1,"minecraft:white_wool":4},"minecraft:dropped":{"minecraft:chiseled_quartz_block":1,"minecraft:birch_pressure_plate":1,"minecraft:bedrock":2,"minecraft:leather_helmet":1,"minecraft:filled_map":2,"minecraft:cobweb":1,"minecraft:leather_chestplate":2,"minecraft:gray_concrete":2,"minecraft:heavy_weighted_pressure_plate":3,"minecraft:cake":1,"minecraft:white_concrete":1,"minecraft:leather_leggings":1,"minecraft:redstone_torch":2,"minecraft:stone_pressure_plate":2,"minecraft:white_wool":2,"minecraft:redstone":5},"minecraft:custom":{"minecraft:mob_kills":2,"minecraft:interact_with_anvil":9,"minecraft:inspect_hopper":2,"minecraft:tune_noteblock":66,"minecraft:play_one_minute":819974,"minecraft:interact_with_loom":1,"minecraft:open_shulker_box":4,"minecraft:pot_flower":1,"minecraft:eat_cake_slice":42,"minecraft:interact_with_grindstone":6,"minecraft:leave_game":12,"minecraft:time_since_death":288704,"minecraft:climb_one_cm":2684,"minecraft:time_since_rest":288724,"minecraft:sprint_one_cm":278480,"minecraft:damage_taken":520,"minecraft:walk_one_cm":2314384,"minecraft:drop":28,"minecraft:minecart_one_cm":1898,"minecraft:damage_dealt":160,"minecraft:fly_one_cm":6382383,"minecraft:open_chest":1,"minecraft:crouch_one_cm":29749,"minecraft:deaths":2,"minecraft:sneak_time":18628,"minecraft:walk_under_water_one_cm":31349,"minecraft:aviate_one_cm":1555206,"minecraft:jump":1833,"minecraft:interact_with_blast_furnace":7,"minecraft:walk_on_water_one_cm":7585,"minecraft:inspect_dispenser":11}},"DataVersion":2230}