{"stats":{"minecraft:killed":{"minecraft:tropical_fish":20},"minecraft:used":{"minecraft:peony":4,"minecraft:jack_o_lantern":21,"minecraft:polished_granite_stairs":1,"minecraft:smooth_quartz_slab":2357,"minecraft:spruce_slab":171,"minecraft:dispenser":1,"minecraft:poppy":1795,"minecraft:ladder":33,"minecraft:black_carpet":66,"minecraft:chest":35,"minecraft:stone":1,"minecraft:white_shulker_box":9,"minecraft:quartz_stairs":78,"minecraft:red_nether_brick_stairs":96,"minecraft:tube_coral":13,"minecraft:soul_sand":7,"minecraft:lily_of_the_valley":1959,"minecraft:blue_stained_glass":23,"minecraft:brick_slab":27,"minecraft:jungle_slab":98,"minecraft:allium":1809,"minecraft:orange_wool":8,"minecraft:acacia_button":1,"minecraft:azure_bluet":5,"minecraft:stripped_spruce_log":1,"minecraft:packed_ice":145,"minecraft:lava_bucket":4,"minecraft:stripped_dark_oak_wood":163,"minecraft:lime_banner":19,"minecraft:quartz_pillar":1080,"minecraft:jungle_fence_gate":1,"minecraft:red_wool":90,"minecraft:black_stained_glass_pane":27,"minecraft:grass_block":3943,"minecraft:birch_sapling":1,"minecraft:polished_andesite_stairs":80,"minecraft:quartz_block":11,"minecraft:dark_oak_leaves":12,"minecraft:dark_oak_slab":469,"minecraft:music_disc_wait":1,"minecraft:dark_oak_button":11,"minecraft:diorite_wall":27,"minecraft:pink_wool":2,"minecraft:stone_brick_stairs":36,"minecraft:blue_banner":68,"minecraft:music_disc_stal":1,"minecraft:dolphin_spawn_egg":1,"minecraft:snow":11,"minecraft:yellow_glazed_terracotta":40,"minecraft:oak_sapling":1,"minecraft:furnace":2,"minecraft:acacia_fence":5,"minecraft:gray_banner":8,"minecraft:end_stone_brick_stairs":8,"minecraft:dragon_head":9,"minecraft:seagrass":3,"minecraft:magenta_shulker_box":1,"minecraft:lime_glazed_terracotta":97,"minecraft:light_blue_carpet":44,"minecraft:emerald_ore":11,"minecraft:diorite":4,"minecraft:end_stone_bricks":48,"minecraft:spruce_door":70,"minecraft:brick_wall":1,"minecraft:acacia_trapdoor":15,"minecraft:powered_rail":3,"minecraft:prismarine":13,"minecraft:orange_tulip":1,"minecraft:jungle_pressure_plate":5,"minecraft:composter":9,"minecraft:clay":163,"minecraft:purpur_pillar":55,"minecraft:oak_leaves":153,"minecraft:smooth_quartz_stairs":4563,"minecraft:dark_oak_trapdoor":249,"minecraft:purpur_stairs":60,"minecraft:sand":374,"minecraft:cut_sandstone_slab":9,"minecraft:blue_ice":66,"minecraft:acacia_leaves":90,"minecraft:purple_terracotta":641,"minecraft:chiseled_quartz_block":439,"minecraft:gray_concrete":21,"minecraft:black_concrete_powder":91,"minecraft:birch_fence":291,"minecraft:red_sandstone":1,"minecraft:gray_stained_glass_pane":12,"minecraft:birch_slab":142,"minecraft:stone_button":49,"minecraft:cyan_carpet":124,"minecraft:white_glazed_terracotta":143,"minecraft:lectern":14,"minecraft:polished_granite":240,"minecraft:oak_pressure_plate":4,"minecraft:diamond_ore":117,"minecraft:cut_red_sandstone":105,"minecraft:lilac":242,"minecraft:polished_andesite_slab":83,"minecraft:magenta_stained_glass_pane":5,"minecraft:nether_wart_block":1,"minecraft:dark_oak_fence":105,"minecraft:smithing_table":1,"minecraft:white_stained_glass":35,"minecraft:pink_stained_glass":17,"minecraft:ice":8,"minecraft:purple_wool":36,"minecraft:diorite_slab":67,"minecraft:gray_stained_glass":22,"minecraft:diorite_stairs":15,"minecraft:oak_trapdoor":36,"minecraft:iron_bars":512,"minecraft:enchanting_table":1,"minecraft:dead_tube_coral_block":1,"minecraft:carved_pumpkin":6,"minecraft:armor_stand":3,"minecraft:light_gray_carpet":41,"minecraft:sandstone_wall":7,"minecraft:netherrack":7,"minecraft:bee_spawn_egg":1,"minecraft:torch":1,"minecraft:light_gray_shulker_box":6,"minecraft:brewing_stand":18,"minecraft:anvil":6,"minecraft:chorus_flower":2,"minecraft:stone_stairs":49,"minecraft:nether_brick_slab":13,"minecraft:light_gray_glazed_terracotta":36,"minecraft:jungle_trapdoor":7,"minecraft:blue_concrete":169,"minecraft:nether_brick_stairs":123,"minecraft:oak_fence_gate":6,"minecraft:polished_diorite":1839,"minecraft:music_disc_mellohi":1,"minecraft:red_shulker_box":3,"minecraft:sea_lantern":823,"minecraft:iron_block":1116,"minecraft:spruce_button":17,"minecraft:brick_stairs":7,"minecraft:smooth_quartz":8295,"minecraft:pink_stained_glass_pane":10,"minecraft:barrel":91,"minecraft:prismarine_slab":5,"minecraft:bamboo":67,"minecraft:tripwire_hook":16,"minecraft:purple_concrete":2,"minecraft:glowstone":359,"minecraft:magenta_wool":1,"minecraft:gray_glazed_terracotta":41,"minecraft:iron_trapdoor":172,"minecraft:magenta_terracotta":36,"minecraft:horn_coral_fan":4,"minecraft:observer":70,"minecraft:water_bucket":317,"minecraft:yellow_banner":73,"minecraft:nether_brick_wall":1,"minecraft:light_blue_glazed_terracotta":159,"minecraft:prismarine_brick_slab":11,"minecraft:birch_planks":65,"minecraft:lime_wool":31,"minecraft:bubble_coral_fan":10,"minecraft:cartography_table":1,"minecraft:smooth_sandstone_slab":11,"minecraft:red_mushroom_block":150,"minecraft:blue_concrete_powder":99,"minecraft:cauldron":4,"minecraft:gold_ore":5,"minecraft:conduit":5,"minecraft:diamond_block":26,"minecraft:light_gray_banner":5,"minecraft:rail":291,"minecraft:comparator":15,"minecraft:vine":26,"minecraft:crafting_table":4,"minecraft:oak_slab":79,"minecraft:tnt":1,"minecraft:cyan_glazed_terracotta":102,"minecraft:birch_sign":48,"minecraft:campfire":17,"minecraft:dark_oak_fence_gate":3,"minecraft:fire_coral":6,"minecraft:cake":14,"minecraft:spruce_log":13,"minecraft:blue_stained_glass_pane":11,"minecraft:dark_prismarine":16,"minecraft:cornflower":2137,"minecraft:oxeye_daisy":1658,"minecraft:diamond_shovel":182,"minecraft:acacia_sign":3,"minecraft:sunflower":21,"minecraft:oak_button":643,"minecraft:spruce_pressure_plate":5,"minecraft:purpur_slab":100,"minecraft:spruce_trapdoor":231,"minecraft:chiseled_stone_bricks":6,"minecraft:blue_carpet":44,"minecraft:green_carpet":6,"minecraft:cobblestone":172,"minecraft:potion":3,"minecraft:purple_bed":7,"minecraft:andesite_stairs":22,"minecraft:sandstone_slab":8,"minecraft:glass_pane":210,"minecraft:end_portal_frame":4,"minecraft:stripped_oak_log":32,"minecraft:dandelion":996,"minecraft:jukebox":4,"minecraft:green_stained_glass":19,"minecraft:light_blue_banner":8,"minecraft:light_blue_stained_glass_pane":28,"minecraft:blue_terracotta":17,"minecraft:light_gray_stained_glass_pane":8,"minecraft:melon":8,"minecraft:bone_block":55,"minecraft:oak_sign":71,"minecraft:white_concrete_powder":237,"minecraft:white_terracotta":176,"minecraft:creeper_head":17,"minecraft:bell":13,"minecraft:smooth_sandstone_stairs":11,"minecraft:spruce_leaves":32,"minecraft:birch_pressure_plate":39,"minecraft:jungle_planks":210,"minecraft:nether_bricks":61,"minecraft:pink_terracotta":199,"minecraft:beehive":16,"minecraft:music_disc_11":2,"minecraft:cyan_wool":38,"minecraft:obsidian":123,"minecraft:red_sandstone_stairs":12,"minecraft:glass":2944,"minecraft:cyan_terracotta":178,"minecraft:bricks":747,"minecraft:spruce_wood":90,"minecraft:quartz_slab":1306,"minecraft:lantern":604,"minecraft:blue_orchid":3224,"minecraft:dark_oak_wood":55,"minecraft:hopper_minecart":8,"minecraft:stone_bricks":1,"minecraft:item_frame":82,"minecraft:bedrock":1435,"minecraft:birch_button":3,"minecraft:birch_trapdoor":42,"minecraft:red_carpet":175,"minecraft:repeater":2372,"minecraft:redstone_lamp":1473,"minecraft:honeycomb_block":3,"minecraft:magma_block":7,"minecraft:brown_carpet":50,"minecraft:horn_coral":8,"minecraft:hay_block":389,"minecraft:polished_diorite_stairs":113,"minecraft:gold_block":653,"minecraft:skeleton_skull":15,"minecraft:pink_concrete_powder":42,"minecraft:fire_coral_fan":3,"minecraft:stripped_spruce_wood":4,"minecraft:dark_oak_stairs":459,"minecraft:tube_coral_fan":2,"minecraft:end_rod":549,"minecraft:wither_skeleton_skull":18,"minecraft:birch_leaves":3,"minecraft:gray_carpet":42,"minecraft:dark_oak_sign":11,"minecraft:jungle_fence":33,"minecraft:oak_planks":6,"minecraft:birch_wood":13,"minecraft:polished_diorite_slab":562,"minecraft:sandstone":84,"minecraft:redstone_block":16,"minecraft:end_stone_brick_slab":3,"minecraft:blue_bed":5,"minecraft:brain_coral":3,"minecraft:white_wool":56,"minecraft:light_blue_concrete":10,"minecraft:lime_stained_glass_pane":9,"minecraft:loom":2,"minecraft:light_blue_wool":10,"minecraft:black_banner":33,"minecraft:sponge":222,"minecraft:note_block":1868,"minecraft:end_stone":21,"minecraft:redstone_torch":407,"minecraft:sticky_piston":74,"minecraft:black_terracotta":27,"minecraft:lever":252,"minecraft:blue_glazed_terracotta":189,"minecraft:black_concrete":60,"minecraft:daylight_detector":16,"minecraft:acacia_door":3,"minecraft:light_gray_concrete":1,"minecraft:heavy_weighted_pressure_plate":4,"minecraft:string":39,"minecraft:brown_stained_glass":22,"minecraft:iron_door":28,"minecraft:prismarine_wall":1,"minecraft:jungle_sign":5,"minecraft:light_blue_concrete_powder":106,"minecraft:grindstone":12,"minecraft:andesite":1,"minecraft:white_concrete":3250,"minecraft:tropical_fish_bucket":94,"minecraft:coarse_dirt":1,"minecraft:bone_meal":4,"minecraft:cobweb":1,"minecraft:experience_bottle":3,"minecraft:oak_fence":52,"minecraft:jungle_leaves":13,"minecraft:purpur_block":23,"minecraft:petrified_oak_slab":47,"minecraft:rose_bush":156,"minecraft:granite_stairs":3,"minecraft:white_tulip":1,"minecraft:flint_and_steel":8,"minecraft:tropical_fish":1,"minecraft:stone_shovel":11,"minecraft:redstone":2044,"minecraft:light_blue_terracotta":26,"minecraft:spruce_planks":84,"minecraft:dried_kelp_block":15,"minecraft:oak_door":18,"minecraft:dirt":1933,"minecraft:red_nether_brick_slab":14,"minecraft:white_carpet":151,"minecraft:hopper":4,"minecraft:spruce_stairs":155,"minecraft:shulker_box":1,"minecraft:oak_wood":9,"minecraft:bee_nest":49,"minecraft:spruce_fence":1,"minecraft:light_blue_stained_glass":30,"minecraft:purple_banner":11,"minecraft:andesite_wall":14,"minecraft:birch_door":4,"minecraft:purple_stained_glass_pane":22,"minecraft:dark_oak_planks":140,"minecraft:stone_brick_slab":63,"minecraft:brown_terracotta":13,"minecraft:red_tulip":1,"minecraft:light_gray_stained_glass":11,"minecraft:bookshelf":30,"minecraft:yellow_stained_glass":74,"minecraft:oak_stairs":71,"minecraft:smooth_sandstone":77,"minecraft:yellow_concrete_powder":15,"minecraft:light_gray_wool":33,"minecraft:black_stained_glass":11,"minecraft:emerald_block":156,"minecraft:dark_oak_pressure_plate":2,"minecraft:white_stained_glass_pane":1,"minecraft:minecart":1,"minecraft:granite_wall":1,"minecraft:cyan_concrete_powder":1,"minecraft:stone_pressure_plate":3,"minecraft:turtle_spawn_egg":1,"minecraft:pink_tulip":1,"minecraft:cobblestone_stairs":73,"minecraft:pink_glazed_terracotta":111,"minecraft:polished_andesite":54,"minecraft:red_nether_bricks":30,"minecraft:blue_wool":18,"minecraft:pink_banner":2,"minecraft:andesite_slab":30,"minecraft:purple_glazed_terracotta":98,"minecraft:cut_sandstone":3,"minecraft:spruce_sign":2,"minecraft:magenta_stained_glass":2,"minecraft:beacon":5,"minecraft:cobblestone_slab":22,"minecraft:stripped_dark_oak_log":95,"minecraft:red_mushroom":9,"minecraft:brown_banner":8,"minecraft:yellow_stained_glass_pane":26,"minecraft:painting":294,"minecraft:magenta_carpet":21,"minecraft:dark_oak_door":77,"minecraft:cyan_stained_glass":27,"minecraft:purple_stained_glass":43,"minecraft:gray_terracotta":93,"minecraft:piston":70,"minecraft:flower_pot":25,"minecraft:acacia_stairs":7,"minecraft:black_wool":26,"minecraft:lapis_ore":6,"minecraft:jungle_stairs":59,"minecraft:stone_slab":21,"minecraft:yellow_wool":44,"minecraft:magenta_banner":10,"minecraft:fire_coral_block":4,"minecraft:cyan_stained_glass_pane":220,"minecraft:white_banner":40,"minecraft:bucket":218,"minecraft:jungle_door":6,"minecraft:red_banner":10,"minecraft:lapis_block":1362,"minecraft:magenta_glazed_terracotta":7,"minecraft:pumpkin_pie":1,"minecraft:wither_rose":19,"minecraft:sea_pickle":22,"minecraft:gray_wool":15,"minecraft:purple_carpet":103,"minecraft:smooth_stone":26,"minecraft:birch_stairs":57},"minecraft:picked_up":{"minecraft:seagrass":2,"minecraft:creeper_head":1,"minecraft:flower_pot":3,"minecraft:anvil":2,"minecraft:red_sandstone_stairs":1,"minecraft:magenta_carpet":4,"minecraft:bee_spawn_egg":1,"minecraft:oak_stairs":1,"minecraft:wither_rose":12,"minecraft:birch_button":1,"minecraft:blue_concrete":4,"minecraft:string":1,"minecraft:dark_oak_trapdoor":2,"minecraft:beetroot_soup":3,"minecraft:blue_stained_glass_pane":1,"minecraft:spruce_planks":1,"minecraft:acacia_sign":2,"minecraft:diamond_ore":3,"minecraft:dark_oak_door":7,"minecraft:spruce_pressure_plate":1,"minecraft:beehive":1,"minecraft:jukebox":1,"minecraft:cyan_stained_glass":5,"minecraft:honeycomb_block":1,"minecraft:black_dye":1,"minecraft:brown_carpet":15,"minecraft:yellow_banner":12,"minecraft:honey_bottle":2,"minecraft:blue_glazed_terracotta":1,"minecraft:tropical_fish":63,"minecraft:blue_dye":64,"minecraft:iron_block":12,"minecraft:cyan_terracotta":4,"minecraft:glowstone":6,"minecraft:end_rod":8,"minecraft:white_terracotta":1,"minecraft:iron_bars":3,"minecraft:sponge":2,"minecraft:magma_block":1,"minecraft:polished_diorite_slab":6,"minecraft:feather":1,"minecraft:birch_slab":1,"minecraft:iron_door":2,"minecraft:water_bucket":8,"minecraft:acacia_leaves":5,"minecraft:gray_concrete":1,"minecraft:cyan_concrete_powder":2,"minecraft:pink_concrete_powder":4,"minecraft:lantern":136,"minecraft:purple_carpet":42,"minecraft:dark_oak_sign":2,"minecraft:gray_glazed_terracotta":1,"minecraft:stripped_spruce_log":3,"minecraft:lever":57,"minecraft:blue_ice":1,"minecraft:spruce_button":4,"minecraft:bread":3,"minecraft:cyan_dye":64,"minecraft:blue_banner":10,"minecraft:light_gray_carpet":1,"minecraft:dark_oak_fence":1,"minecraft:bricks":8,"minecraft:spruce_leaves":5,"minecraft:lime_stained_glass_pane":1,"minecraft:sandstone_slab":1,"minecraft:redstone_lamp":4,"minecraft:fire_coral":2,"minecraft:cornflower":42,"minecraft:white_carpet":22,"minecraft:glass_pane":68,"minecraft:cracked_stone_bricks":1,"minecraft:poppy":12,"minecraft:spruce_slab":2,"minecraft:minecart":1,"minecraft:quartz_stairs":2,"minecraft:birch_sapling":1,"minecraft:piston":2,"minecraft:egg":1,"minecraft:sandstone":1,"minecraft:music_disc_mellohi":2,"minecraft:white_dye":64,"minecraft:cake":3,"minecraft:redstone":422,"minecraft:blue_carpet":1,"minecraft:jungle_sign":4,"minecraft:stone_shovel":1,"minecraft:peony":2,"minecraft:hay_block":3,"minecraft:white_shulker_box":1,"minecraft:mutton":1,"minecraft:white_wool":2,"minecraft:rail":11,"minecraft:emerald_ore":1,"minecraft:oxeye_daisy":425,"minecraft:birch_leaves":1,"minecraft:tripwire_hook":2,"minecraft:red_mushroom_block":1,"minecraft:yellow_dye":65,"minecraft:red_mushroom":2,"minecraft:purpur_stairs":1,"minecraft:diorite_stairs":1,"minecraft:paper":1,"minecraft:white_banner":23,"minecraft:birch_pressure_plate":5,"minecraft:light_blue_banner":2,"minecraft:light_gray_glazed_terracotta":1,"minecraft:iron_ore":2,"minecraft:dark_oak_stairs":1,"minecraft:polished_andesite_stairs":1,"minecraft:dark_oak_slab":4,"minecraft:red_wool":2,"minecraft:light_blue_glazed_terracotta":2,"minecraft:birch_stairs":1,"minecraft:light_blue_stained_glass":1,"minecraft:spruce_log":2,"minecraft:sea_lantern":7,"minecraft:oak_wood":1,"minecraft:diamond_shovel":3,"minecraft:polished_diorite":6,"minecraft:light_blue_carpet":2,"minecraft:painting":16,"minecraft:birch_sign":14,"minecraft:oak_button":78,"minecraft:smooth_quartz_slab":7,"minecraft:black_carpet":23,"minecraft:light_blue_concrete":2,"minecraft:redstone_block":3,"minecraft:iron_trapdoor":7,"minecraft:light_gray_shulker_box":2,"minecraft:green_stained_glass_pane":1,"minecraft:yellow_wool":1,"minecraft:potion":10,"minecraft:stone_brick_stairs":1,"minecraft:lapis_block":1,"minecraft:sticky_piston":1,"minecraft:oak_sign":27,"minecraft:sea_pickle":2,"minecraft:comparator":1,"minecraft:bucket":6,"minecraft:dark_oak_leaves":2,"minecraft:rose_bush":1,"minecraft:redstone_torch":52,"minecraft:smooth_quartz":10,"minecraft:smooth_quartz_stairs":10,"minecraft:blue_wool":1,"minecraft:stick":1,"minecraft:oak_fence":2,"minecraft:spruce_stairs":3,"minecraft:light_gray_banner":4,"minecraft:yellow_concrete_powder":4,"minecraft:andesite_wall":1,"minecraft:chorus_flower":3,"minecraft:music_disc_wait":2,"minecraft:lilac":9,"minecraft:jungle_pressure_plate":1,"minecraft:repeater":63,"minecraft:chiseled_quartz_block":4,"minecraft:horn_coral":1,"minecraft:dirt":9,"minecraft:stripped_birch_log":1,"minecraft:polished_granite":1,"minecraft:glass":12,"minecraft:granite_wall":1,"minecraft:pink_banner":1,"minecraft:orange_tulip":2,"minecraft:bell":9,"minecraft:light_blue_dye":64,"minecraft:grindstone":1,"minecraft:purple_stained_glass_pane":2,"minecraft:bamboo":114,"minecraft:powered_rail":2,"minecraft:pink_stained_glass":2,"minecraft:diorite_wall":1,"minecraft:brown_stained_glass":1,"minecraft:pink_stained_glass_pane":1,"minecraft:sand":8,"minecraft:jungle_planks":2,"minecraft:grass_block":20,"minecraft:lily_of_the_valley":21,"minecraft:jungle_slab":1,"minecraft:chiseled_sandstone":2,"minecraft:jungle_leaves":1,"minecraft:clay":1,"minecraft:light_blue_terracotta":1,"minecraft:black_concrete":5,"minecraft:bone_meal":4,"minecraft:white_concrete":6,"minecraft:spruce_sign":1,"minecraft:oak_sapling":1,"minecraft:andesite_slab":1,"minecraft:oak_leaves":2,"minecraft:end_stone_brick_stairs":1,"minecraft:allium":14,"minecraft:azure_bluet":3,"minecraft:splash_potion":1,"minecraft:packed_ice":1,"minecraft:gold_block":4,"minecraft:diorite_slab":2,"minecraft:item_frame":23,"minecraft:quartz_slab":8,"minecraft:birch_fence":6,"minecraft:cyan_carpet":2,"minecraft:blue_orchid":349,"minecraft:observer":1,"minecraft:spruce_trapdoor":3,"minecraft:end_stone":1,"minecraft:note_block":8,"minecraft:quartz_pillar":6,"minecraft:stone_button":10,"minecraft:music_disc_11":3,"minecraft:magenta_shulker_box":1,"minecraft:stone_pressure_plate":1,"minecraft:purple_terracotta":2,"minecraft:blue_concrete_powder":1,"minecraft:tube_coral":1,"minecraft:nether_bricks":1,"minecraft:jungle_stairs":2,"minecraft:pink_glazed_terracotta":4,"minecraft:stripped_dark_oak_wood":1,"minecraft:pink_tulip":1,"minecraft:black_banner":3,"minecraft:petrified_oak_slab":6,"minecraft:skeleton_skull":2,"minecraft:dark_oak_button":1,"minecraft:music_disc_stal":2,"minecraft:ice":1,"minecraft:bedrock":17,"minecraft:cobblestone_stairs":1,"minecraft:smooth_sandstone":3,"minecraft:red_carpet":21,"minecraft:red_nether_brick_stairs":1,"minecraft:gray_carpet":4,"minecraft:cooked_chicken":2,"minecraft:prismarine_brick_slab":1,"minecraft:polished_andesite_slab":3,"minecraft:soul_sand":2,"minecraft:tropical_fish_bucket":1,"minecraft:oak_slab":4,"minecraft:emerald_block":2,"minecraft:dandelion":16,"minecraft:magenta_stained_glass_pane":1,"minecraft:lava_bucket":2,"minecraft:red_banner":1,"minecraft:spruce_door":2,"minecraft:brick_slab":2,"minecraft:light_blue_concrete_powder":1,"minecraft:white_concrete_powder":2,"minecraft:campfire":4,"minecraft:gray_banner":4,"minecraft:acacia_slab":1,"minecraft:sunflower":3},"minecraft:dropped":{"minecraft:clay":1,"minecraft:pink_stained_glass":2,"minecraft:piston":3,"minecraft:lapis_lazuli":1,"minecraft:emerald_ore":1,"minecraft:crafting_table":1,"minecraft:dark_oak_slab":4,"minecraft:orange_tulip":4,"minecraft:turtle_spawn_egg":1,"minecraft:dark_oak_button":2,"minecraft:cracked_stone_bricks":1,"minecraft:quartz_pillar":8,"minecraft:bubble_coral_fan":1,"minecraft:purpur_stairs":1,"minecraft:rail":7,"minecraft:red_mushroom":1,"minecraft:red_carpet":7,"minecraft:item_frame":9,"minecraft:gold_block":4,"minecraft:dirt":15,"minecraft:gray_concrete":1,"minecraft:birch_fence":8,"minecraft:stone_button":4,"minecraft:dark_oak_fence":3,"minecraft:yellow_dye":65,"minecraft:dark_oak_trapdoor":4,"minecraft:stripped_dark_oak_wood":1,"minecraft:horn_coral":2,"minecraft:bone_meal":1,"minecraft:bone_block":2,"minecraft:sunflower":5,"minecraft:sand":6,"minecraft:birch_stairs":1,"minecraft:white_wool":2,"minecraft:music_disc_stal":1,"minecraft:green_stained_glass_pane":1,"minecraft:diorite_slab":3,"minecraft:tropical_fish_bucket":4,"minecraft:dark_oak_door":6,"minecraft:note_block":8,"minecraft:emerald_block":4,"minecraft:lever":30,"minecraft:polished_andesite_slab":6,"minecraft:cooked_chicken":2,"minecraft:gray_banner":3,"minecraft:obsidian":1,"minecraft:blue_wool":1,"minecraft:grindstone":1,"minecraft:end_stone":2,"minecraft:azure_bluet":5,"minecraft:yellow_stained_glass_pane":1,"minecraft:red_mushroom_block":1,"minecraft:sea_lantern":13,"minecraft:jungle_stairs":3,"minecraft:yellow_banner":9,"minecraft:painting":11,"minecraft:white_dye":65,"minecraft:spruce_slab":2,"minecraft:glass":18,"minecraft:campfire":4,"minecraft:purple_stained_glass_pane":1,"minecraft:granite_wall":1,"minecraft:stone_brick_stairs":1,"minecraft:white_glazed_terracotta":1,"minecraft:green_stained_glass":1,"minecraft:egg":1,"minecraft:blue_stained_glass_pane":1,"minecraft:black_dye":1,"minecraft:cyan_stained_glass":9,"minecraft:birch_leaves":1,"minecraft:smooth_quartz_stairs":16,"minecraft:oak_fence":2,"minecraft:light_gray_glazed_terracotta":1,"minecraft:spruce_door":1,"minecraft:polished_andesite":1,"minecraft:end_rod":10,"minecraft:acacia_sign":2,"minecraft:oxeye_daisy":202,"minecraft:lava_bucket":4,"minecraft:jungle_slab":1,"minecraft:dark_oak_leaves":2,"minecraft:iron_trapdoor":9,"minecraft:sponge":6,"minecraft:rose_bush":1,"minecraft:stripped_birch_log":2,"minecraft:oak_stairs":1,"minecraft:white_banner":20,"minecraft:smooth_stone":1,"minecraft:string":1,"minecraft:smooth_sandstone":4,"minecraft:beetroot_soup":3,"minecraft:pink_stained_glass_pane":1,"minecraft:stone_brick_slab":1,"minecraft:pink_tulip":1,"minecraft:yellow_concrete_powder":4,"minecraft:bricks":9,"minecraft:creeper_head":1,"minecraft:light_blue_glazed_terracotta":5,"minecraft:polished_diorite_slab":9,"minecraft:sticky_piston":1,"minecraft:stone_shovel":1,"minecraft:white_carpet":4,"minecraft:blue_concrete":4,"minecraft:light_gray_concrete":1,"minecraft:white_terracotta":1,"minecraft:diamond_ore":3,"minecraft:white_shulker_box":1,"minecraft:light_blue_concrete":3,"minecraft:nether_bricks":1,"minecraft:oak_sign":14,"minecraft:lily_of_the_valley":6,"minecraft:light_blue_dye":64,"minecraft:hay_block":4,"minecraft:cyan_wool":1,"minecraft:flower_pot":3,"minecraft:allium":16,"minecraft:peony":3,"minecraft:spruce_trapdoor":7,"minecraft:spruce_planks":1,"minecraft:blue_banner":9,"minecraft:redstone_torch":29,"minecraft:stone_pressure_plate":1,"minecraft:barrel":2,"minecraft:bamboo":4,"minecraft:brown_carpet":2,"minecraft:sandstone":1,"minecraft:blue_orchid":218,"minecraft:red_tulip":1,"minecraft:bell":5,"minecraft:brick_slab":2,"minecraft:magma_block":1,"minecraft:red_sandstone_stairs":2,"minecraft:cyan_concrete_powder":2,"minecraft:pink_concrete_powder":4,"minecraft:quartz_slab":11,"minecraft:gold_ore":1,"minecraft:spruce_sign":1,"minecraft:soul_sand":2,"minecraft:dark_oak_stairs":1,"minecraft:tube_coral_block":1,"minecraft:sandstone_slab":2,"minecraft:lantern":61,"minecraft:blue_concrete_powder":1,"minecraft:lime_stained_glass_pane":1,"minecraft:jungle_planks":1,"minecraft:red_wool":2,"minecraft:bedrock":21,"minecraft:black_banner":4,"minecraft:birch_slab":1,"minecraft:music_disc_11":1,"minecraft:cobblestone_stairs":1,"minecraft:spruce_leaves":6,"minecraft:cyan_terracotta":4,"minecraft:redstone_lamp":5,"minecraft:packed_ice":2,"minecraft:ice":1,"minecraft:cornflower":31,"minecraft:mutton":1,"minecraft:seagrass":2,"minecraft:light_gray_banner":3,"minecraft:prismarine_brick_slab":1,"minecraft:tube_coral":2,"minecraft:black_concrete":5,"minecraft:black_stained_glass":1,"minecraft:pink_glazed_terracotta":4,"minecraft:honeycomb_block":1,"minecraft:white_tulip":1,"minecraft:andesite_slab":2,"minecraft:yellow_wool":1,"minecraft:diorite_stairs":1,"minecraft:diamond_shovel":4,"minecraft:yellow_stained_glass":1,"minecraft:honey_bottle":2,"minecraft:acacia_stairs":1,"minecraft:poppy":8,"minecraft:petrified_oak_slab":6,"minecraft:oak_wood":1,"minecraft:acacia_slab":1,"minecraft:spruce_pressure_plate":2,"minecraft:glowstone":11,"minecraft:birch_button":2,"minecraft:iron_ore":2,"minecraft:iron_bars":4,"minecraft:powered_rail":2,"minecraft:white_concrete_powder":1,"minecraft:oak_leaves":4,"minecraft:splash_potion":1,"minecraft:polished_granite":2,"minecraft:water_bucket":11,"minecraft:bread":3,"minecraft:purple_terracotta":3,"minecraft:stripped_spruce_log":6,"minecraft:oak_slab":4,"minecraft:chorus_flower":3,"minecraft:lilac":5,"minecraft:minecart":2,"minecraft:cyan_dye":64,"minecraft:andesite_wall":2,"minecraft:observer":1,"minecraft:light_blue_concrete_powder":1,"minecraft:tropical_fish":24,"minecraft:spruce_stairs":3,"minecraft:grass_block":25,"minecraft:iron_block":15,"minecraft:bee_spawn_egg":2,"minecraft:blue_dye":64,"minecraft:light_blue_stained_glass":12,"minecraft:repeater":45,"minecraft:light_gray_shulker_box":2,"minecraft:white_concrete":8,"minecraft:smooth_quartz":19,"minecraft:iron_door":2,"minecraft:smooth_quartz_slab":11,"minecraft:jungle_leaves":1,"minecraft:polished_andesite_stairs":1,"minecraft:wither_rose":11,"minecraft:blue_glazed_terracotta":2,"minecraft:music_disc_wait":1,"minecraft:tripwire_hook":1,"minecraft:bucket":12,"minecraft:lapis_block":3,"minecraft:redstone_block":3,"minecraft:chiseled_sandstone":2,"minecraft:dandelion":1,"minecraft:redstone":169,"minecraft:polished_diorite":6,"minecraft:nether_brick_slab":1,"minecraft:jungle_pressure_plate":1,"minecraft:gray_stained_glass":1,"minecraft:chiseled_quartz_block":7,"minecraft:jukebox":1,"minecraft:gray_glazed_terracotta":1,"minecraft:birch_pressure_plate":2,"minecraft:magenta_stained_glass_pane":1,"minecraft:comparator":2,"minecraft:dolphin_spawn_egg":1,"minecraft:acacia_leaves":5,"minecraft:glass_pane":68,"minecraft:cut_red_sandstone":1,"minecraft:red_nether_brick_stairs":1,"minecraft:end_stone_brick_stairs":1,"minecraft:oak_button":33,"minecraft:cake":3,"minecraft:quartz_stairs":2,"minecraft:blue_ice":1,"minecraft:fire_coral":2,"minecraft:oak_sapling":2,"minecraft:birch_sign":5,"minecraft:brain_coral":1,"minecraft:spruce_log":2,"minecraft:music_disc_mellohi":1,"minecraft:brown_stained_glass":1,"minecraft:white_stained_glass":1},"minecraft:custom":{"minecraft:interact_with_crafting_table":23,"minecraft:open_barrel":13,"minecraft:bell_ring":18,"minecraft:eat_cake_slice":15,"minecraft:leave_game":58,"minecraft:time_since_death":10420852,"minecraft:deaths":2,"minecraft:jump":14206,"minecraft:play_record":5,"minecraft:interact_with_cartography_table":1,"minecraft:damage_dealt":660,"minecraft:inspect_dispenser":1,"minecraft:interact_with_anvil":3,"minecraft:sneak_time":91356,"minecraft:interact_with_lectern":5,"minecraft:tune_noteblock":14192,"minecraft:time_since_rest":10420920,"minecraft:swim_one_cm":2444,"minecraft:fly_one_cm":26690551,"minecraft:open_chest":16,"minecraft:open_shulker_box":21,"minecraft:sprint_one_cm":6790945,"minecraft:drop":962,"minecraft:interact_with_brewingstand":9,"minecraft:walk_on_water_one_cm":80117,"minecraft:play_one_minute":12248355,"minecraft:interact_with_loom":3,"minecraft:interact_with_beacon":1,"minecraft:crouch_one_cm":42569,"minecraft:mob_kills":20,"minecraft:fill_cauldron":1,"minecraft:climb_one_cm":3588,"minecraft:walk_one_cm":17289044,"minecraft:walk_under_water_one_cm":71165,"minecraft:pot_flower":28,"minecraft:interact_with_grindstone":1,"minecraft:damage_taken":480,"minecraft:minecart_one_cm":2402},"minecraft:mined":{"minecraft:purple_bed":7,"minecraft:blue_bed":5}},"DataVersion":2230}