{"stats":{"minecraft:killed":{"minecraft:sheep":11},"minecraft:used":{"minecraft:red_sand":2,"minecraft:end_rod":25,"minecraft:writable_book":20,"minecraft:iron_bars":2,"minecraft:sandstone_stairs":34,"minecraft:snow_block":27,"minecraft:melon":236,"minecraft:red_sandstone_slab":22,"minecraft:polished_andesite":162,"minecraft:chest":1,"minecraft:sandstone":2,"minecraft:black_shulker_box":6,"minecraft:cut_sandstone":11,"minecraft:sheep_spawn_egg":8,"minecraft:stripped_birch_wood":665,"minecraft:beacon":6,"minecraft:quartz_stairs":22,"minecraft:netherrack":17,"minecraft:cracked_stone_bricks":2,"minecraft:white_wool":94,"minecraft:torch":18,"minecraft:chiseled_red_sandstone":2,"minecraft:sand":10,"minecraft:anvil":5,"minecraft:white_carpet":4,"minecraft:spruce_stairs":7,"minecraft:birch_sign":20,"minecraft:black_banner":1,"minecraft:blue_ice":5,"minecraft:sponge":705,"minecraft:granite":232,"minecraft:obsidian":61,"minecraft:birch_fence":81,"minecraft:red_sandstone_stairs":2,"minecraft:glass":13,"minecraft:red_sandstone":2298,"minecraft:cyan_terracotta":2,"minecraft:sea_lantern":218,"minecraft:black_concrete":3619,"minecraft:black_wool":13,"minecraft:lantern":41,"minecraft:iron_block":141,"minecraft:stone_slab":6,"minecraft:polished_andesite_slab":2,"minecraft:light_gray_wool":2,"minecraft:green_shulker_box":8,"minecraft:diamond_sword":20,"minecraft:purple_concrete":137,"minecraft:magma_block":9,"minecraft:written_book":3,"minecraft:lime_stained_glass":8,"minecraft:minecart":3,"minecraft:smooth_stone_slab":142,"minecraft:white_concrete":398,"minecraft:gray_wool":5,"minecraft:smooth_stone":70},"minecraft:picked_up":{"minecraft:lapis_lazuli":1,"minecraft:green_shulker_box":1,"minecraft:white_banner":15,"minecraft:white_carpet":9,"minecraft:red_sand":2,"minecraft:black_shulker_box":5,"minecraft:light_gray_wool":1,"minecraft:torch":1,"minecraft:red_banner":1,"minecraft:writable_book":1,"minecraft:birch_sign":1,"minecraft:black_banner":1,"minecraft:mutton":22,"minecraft:white_wool":10},"minecraft:dropped":{"minecraft:white_carpet":5,"minecraft:birch_sign":1,"minecraft:red_sand":2},"minecraft:custom":{"minecraft:interact_with_anvil":17,"minecraft:mob_kills":11,"minecraft:play_one_minute":1448086,"minecraft:open_shulker_box":87,"minecraft:interact_with_loom":7,"minecraft:leave_game":11,"minecraft:time_since_death":1448086,"minecraft:climb_one_cm":2608,"minecraft:time_since_rest":1448086,"minecraft:sprint_one_cm":192498,"minecraft:open_enderchest":2,"minecraft:walk_one_cm":3116058,"minecraft:drop":4,"minecraft:minecart_one_cm":3970,"minecraft:damage_dealt":880,"minecraft:interact_with_beacon":2,"minecraft:fly_one_cm":11159530,"minecraft:open_chest":7,"minecraft:crouch_one_cm":9832,"minecraft:sneak_time":2681,"minecraft:walk_under_water_one_cm":48859,"minecraft:boat_one_cm":737,"minecraft:interact_with_lectern":6,"minecraft:jump":2160,"minecraft:walk_on_water_one_cm":434}},"DataVersion":2230}