{"stats":{"minecraft:used":{"minecraft:red_sandstone_stairs":675,"minecraft:packed_ice":17,"minecraft:enderman_spawn_egg":3,"minecraft:end_rod":5,"minecraft:black_concrete":57,"minecraft:red_sandstone":12202,"minecraft:red_sand":84,"minecraft:iron_bars":459,"minecraft:firework_rocket":9,"minecraft:granite_stairs":218,"minecraft:snow_block":15,"minecraft:cut_red_sandstone_slab":120,"minecraft:string":131,"minecraft:ladder":16,"minecraft:powered_rail":6,"minecraft:red_sandstone_slab":315,"minecraft:redstone":7,"minecraft:brick_stairs":1,"minecraft:detector_rail":6,"minecraft:redstone_block":2,"minecraft:cut_red_sandstone":177,"minecraft:granite_slab":183,"minecraft:white_wool":2,"minecraft:tripwire_hook":3,"minecraft:rail":4,"minecraft:crafting_table":1,"minecraft:smooth_red_sandstone":8,"minecraft:black_banner":45,"minecraft:minecart":4,"minecraft:polished_granite_slab":8,"minecraft:acacia_button":1,"minecraft:lingering_potion":5,"minecraft:granite":4723,"minecraft:splash_potion":47},"minecraft:picked_up":{"minecraft:splash_potion":1,"minecraft:granite_slab":1,"minecraft:gold_ore":1,"minecraft:redstone":1,"minecraft:elytra":2,"minecraft:command_block":1,"minecraft:black_concrete":1,"minecraft:red_sandstone":1,"minecraft:gray_banner":1,"minecraft:black_shulker_box":1,"minecraft:iron_ore":1,"minecraft:black_banner":5,"minecraft:iron_bars":1},"minecraft:dropped":{"minecraft:gold_ore":1,"minecraft:diamond_chestplate":1,"minecraft:mojang_banner_pattern":1,"minecraft:gray_banner":1,"minecraft:red_sandstone":1,"minecraft:granite_slab":2,"minecraft:iron_ore":1,"minecraft:iron_bars":1,"minecraft:red_sand":1,"minecraft:red_sandstone_slab":1,"minecraft:black_concrete":1,"minecraft:elytra":2,"minecraft:cut_red_sandstone":1},"minecraft:custom":{"minecraft:time_since_rest":3757168,"minecraft:sprint_one_cm":474879,"minecraft:open_enderchest":17,"minecraft:walk_one_cm":1790536,"minecraft:drop":15,"minecraft:damage_dealt":206,"minecraft:minecart_one_cm":2545,"minecraft:interact_with_crafting_table":5,"minecraft:fly_one_cm":9632883,"minecraft:open_chest":6,"minecraft:crouch_one_cm":21619,"minecraft:play_one_minute":3757168,"minecraft:open_shulker_box":63,"minecraft:sneak_time":36662,"minecraft:walk_under_water_one_cm":7169,"minecraft:interact_with_lectern":2,"minecraft:aviate_one_cm":3476224,"minecraft:jump":2480,"minecraft:leave_game":9,"minecraft:walk_on_water_one_cm":453,"minecraft:time_since_death":3757168,"minecraft:climb_one_cm":11336,"minecraft:inspect_dispenser":7},"minecraft:crafted":{"minecraft:firework_rocket":3}},"DataVersion":2230}