{"stats":{"minecraft:used":{"minecraft:glass":2,"minecraft:bedrock":1,"minecraft:black_wool":3,"minecraft:acacia_planks":1,"minecraft:smooth_quartz":2,"minecraft:grass_block":15},"minecraft:custom":{"minecraft:jump":94,"minecraft:open_chest":3,"minecraft:time_since_rest":33878,"minecraft:inspect_hopper":1,"minecraft:crouch_one_cm":953,"minecraft:play_one_minute":33878,"minecraft:open_shulker_box":7,"minecraft:inspect_dropper":5,"minecraft:sprint_one_cm":41488,"minecraft:walk_on_water_one_cm":22,"minecraft:time_since_death":33878,"minecraft:walk_one_cm":109524,"minecraft:sneak_time":2677,"minecraft:climb_one_cm":243,"minecraft:walk_under_water_one_cm":6638,"minecraft:fly_one_cm":703716,"minecraft:leave_game":1,"minecraft:open_barrel":11}},"DataVersion":2230}