{"stats":{"minecraft:killed":{"minecraft:tropical_fish":1,"minecraft:sheep":35},"minecraft:used":{"minecraft:peony":1,"minecraft:light_blue_banner":29,"minecraft:nether_brick_fence":17,"minecraft:light_blue_stained_glass_pane":1,"minecraft:jack_o_lantern":2,"minecraft:blue_terracotta":1125,"minecraft:writable_book":5,"minecraft:polished_granite_stairs":2,"minecraft:red_sand":1,"minecraft:melon":2,"minecraft:light_gray_stained_glass_pane":1,"minecraft:cut_red_sandstone_slab":4,"minecraft:bone_block":15,"minecraft:smooth_quartz_slab":131,"minecraft:dead_horn_coral_block":7,"minecraft:spruce_slab":77,"minecraft:red_sandstone_slab":2,"minecraft:dispenser":2,"minecraft:poppy":1,"minecraft:dead_brain_coral":1,"minecraft:ladder":20,"minecraft:oak_sign":232,"minecraft:black_carpet":133,"minecraft:nether_wart":1,"minecraft:white_concrete_powder":476,"minecraft:green_banner":4,"minecraft:chest":17,"minecraft:white_terracotta":239,"minecraft:brown_concrete":1,"minecraft:stone":2,"minecraft:white_shulker_box":5,"minecraft:purple_shulker_box":1,"minecraft:creeper_head":1,"minecraft:stripped_jungle_wood":381,"minecraft:quartz_stairs":157,"minecraft:red_nether_brick_stairs":1,"minecraft:grass":3,"minecraft:bubble_coral":1,"minecraft:bell":15,"minecraft:mossy_stone_brick_slab":7,"minecraft:smooth_sandstone_stairs":5,"minecraft:farmland":11,"minecraft:tube_coral":1,"minecraft:green_terracotta":3,"minecraft:spruce_leaves":245,"minecraft:chiseled_red_sandstone":3,"minecraft:soul_sand":2,"minecraft:cocoa_beans":2,"minecraft:birch_pressure_plate":9,"minecraft:lily_of_the_valley":1,"minecraft:blue_stained_glass":436,"minecraft:nether_bricks":27,"minecraft:brick_slab":4,"minecraft:orange_glazed_terracotta":2,"minecraft:jungle_planks":429,"minecraft:prismarine_brick_stairs":13,"minecraft:carrot":1,"minecraft:jungle_slab":29,"minecraft:allium":1,"minecraft:orange_wool":39,"minecraft:pink_terracotta":38,"minecraft:acacia_sapling":3,"minecraft:acacia_button":1,"minecraft:beehive":699,"minecraft:cyan_wool":33,"minecraft:azure_bluet":1,"minecraft:stripped_spruce_log":90,"minecraft:obsidian":55,"minecraft:red_sandstone_stairs":1,"minecraft:jungle_sapling":1,"minecraft:glass":180,"minecraft:packed_ice":2,"minecraft:honey_block":158,"minecraft:cyan_terracotta":103,"minecraft:lava_bucket":9,"minecraft:stripped_dark_oak_wood":160,"minecraft:bricks":1,"minecraft:coal_ore":4,"minecraft:quartz_pillar":61,"minecraft:lime_banner":1,"minecraft:black_stained_glass_pane":22,"minecraft:red_wool":10,"minecraft:jungle_fence_gate":1,"minecraft:quartz_slab":110,"minecraft:lantern":65,"minecraft:grass_block":211,"minecraft:blue_orchid":1,"minecraft:birch_sapling":1,"minecraft:quartz_block":1114,"minecraft:polished_andesite_stairs":29,"minecraft:orange_shulker_box":2,"minecraft:green_wool":61,"minecraft:wet_sponge":3,"minecraft:dark_oak_wood":14,"minecraft:dark_oak_leaves":7,"minecraft:light_blue_bed":3,"minecraft:dark_oak_slab":104,"minecraft:mossy_cobblestone_slab":1,"minecraft:gray_concrete_powder":2,"minecraft:hopper_minecart":9,"minecraft:dark_oak_button":6,"minecraft:diorite_wall":4,"minecraft:pink_wool":532,"minecraft:stone_brick_stairs":62,"minecraft:stone_bricks":170,"minecraft:blue_banner":15,"minecraft:item_frame":526,"minecraft:red_nether_brick_wall":1,"minecraft:horn_coral":1,"minecraft:bedrock":2,"minecraft:honeycomb_block":1,"minecraft:birch_button":1,"minecraft:infested_mossy_stone_bricks":1,"minecraft:birch_trapdoor":335,"minecraft:snow":157,"minecraft:repeater":120,"minecraft:red_stained_glass_pane":22,"minecraft:red_carpet":194,"minecraft:redstone_lamp":123,"minecraft:magma_block":2,"minecraft:brown_carpet":5,"minecraft:blue_shulker_box":4,"minecraft:infested_cracked_stone_bricks":1,"minecraft:hay_block":3,"minecraft:scaffolding":19,"minecraft:sweet_berries":1,"minecraft:jungle_button":1,"minecraft:yellow_glazed_terracotta":1,"minecraft:oak_sapling":2,"minecraft:furnace":5,"minecraft:gray_bed":1,"minecraft:beetroot_seeds":2,"minecraft:acacia_fence":3,"minecraft:polished_diorite_stairs":1,"minecraft:gold_block":5,"minecraft:skeleton_skull":3,"minecraft:end_stone_brick_stairs":92,"minecraft:gray_banner":1,"minecraft:pink_concrete_powder":1,"minecraft:potato":1,"minecraft:dragon_head":4,"minecraft:large_fern":1,"minecraft:seagrass":2,"minecraft:green_stained_glass_pane":1,"minecraft:dark_prismarine_stairs":10,"minecraft:brown_concrete_powder":1,"minecraft:magenta_shulker_box":1,"minecraft:stripped_spruce_wood":98,"minecraft:lime_glazed_terracotta":1,"minecraft:dark_oak_sapling":2,"minecraft:light_blue_carpet":22,"minecraft:emerald_ore":1,"minecraft:dark_oak_stairs":128,"minecraft:mossy_stone_bricks":9,"minecraft:diorite":4,"minecraft:end_rod":47,"minecraft:end_stone_bricks":434,"minecraft:spruce_door":49,"minecraft:brick_wall":1,"minecraft:stripped_acacia_log":1,"minecraft:dropper":257,"minecraft:wither_skeleton_skull":8,"minecraft:gray_carpet":1,"minecraft:stripped_birch_log":1,"minecraft:infested_stone":1,"minecraft:birch_leaves":9,"minecraft:red_stained_glass":1,"minecraft:powered_rail":5,"minecraft:acacia_trapdoor":77,"minecraft:dark_oak_sign":4,"minecraft:prismarine":51,"minecraft:jungle_fence":1,"minecraft:oak_planks":2410,"minecraft:prismarine_stairs":1,"minecraft:lily_pad":1,"minecraft:polished_diorite_slab":2,"minecraft:orange_tulip":2,"minecraft:cactus":2,"minecraft:lime_concrete_powder":1,"minecraft:mossy_stone_brick_stairs":1,"minecraft:sandstone":1,"minecraft:black_glazed_terracotta":1,"minecraft:composter":29,"minecraft:jungle_pressure_plate":1,"minecraft:redstone_block":46,"minecraft:end_stone_brick_slab":70,"minecraft:clay":1,"minecraft:blue_bed":29,"minecraft:diamond_axe":51,"minecraft:sugar_cane":1,"minecraft:purpur_pillar":5,"minecraft:oak_leaves":54,"minecraft:smooth_quartz_stairs":74,"minecraft:brain_coral":1,"minecraft:white_wool":443,"minecraft:dark_oak_trapdoor":199,"minecraft:light_blue_concrete":762,"minecraft:sand":6,"minecraft:purpur_stairs":1,"minecraft:yellow_terracotta":113,"minecraft:infested_chiseled_stone_bricks":1,"minecraft:cut_sandstone_slab":2,"minecraft:lime_stained_glass_pane":1,"minecraft:loom":32,"minecraft:blast_furnace":2,"minecraft:yellow_concrete":1506,"minecraft:light_blue_wool":262,"minecraft:black_banner":102,"minecraft:crossbow":5,"minecraft:smooth_red_sandstone":1,"minecraft:light_gray_terracotta":1,"minecraft:acacia_leaves":4,"minecraft:blue_ice":18,"minecraft:dead_bubble_coral":1,"minecraft:sponge":3,"minecraft:purple_terracotta":15,"minecraft:chiseled_quartz_block":159,"minecraft:gray_concrete":2,"minecraft:note_block":14,"minecraft:black_concrete_powder":1,"minecraft:stone_brick_wall":2,"minecraft:black_bed":7,"minecraft:end_stone":2,"minecraft:red_sandstone_wall":2,"minecraft:pumpkin_seeds":1,"minecraft:purple_concrete_powder":1,"minecraft:birch_fence":82,"minecraft:sticky_piston":81,"minecraft:redstone_torch":153,"minecraft:black_terracotta":2,"minecraft:blue_glazed_terracotta":1,"minecraft:lever":142,"minecraft:green_concrete":74,"minecraft:gray_shulker_box":1,"minecraft:birch_slab":304,"minecraft:red_sandstone":1,"minecraft:black_concrete":235,"minecraft:daylight_detector":3,"minecraft:firework_rocket":8,"minecraft:stone_button":520,"minecraft:birch_fence_gate":1,"minecraft:lime_carpet":44,"minecraft:chiseled_sandstone":3,"minecraft:acacia_door":1,"minecraft:dark_oak_log":11,"minecraft:gray_stained_glass_pane":1,"minecraft:zombie_head":2,"minecraft:light_gray_concrete":1705,"minecraft:heavy_weighted_pressure_plate":278,"minecraft:string":69,"minecraft:cyan_bed":2,"minecraft:brown_wool":21,"minecraft:brown_stained_glass":1,"minecraft:barrier":20,"minecraft:cyan_carpet":19,"minecraft:lectern":40,"minecraft:white_glazed_terracotta":542,"minecraft:red_terracotta":20,"minecraft:polished_granite":31,"minecraft:oak_pressure_plate":1,"minecraft:diamond_ore":1,"minecraft:iron_door":9,"minecraft:cut_red_sandstone":1,"minecraft:prismarine_wall":7,"minecraft:gravel":112,"minecraft:lilac":1,"minecraft:polished_andesite_slab":9,"minecraft:magenta_stained_glass_pane":1,"minecraft:granite_slab":2,"minecraft:dead_horn_coral":1,"minecraft:jungle_sign":1,"minecraft:nether_wart_block":27,"minecraft:smooth_red_sandstone_slab":27,"minecraft:coal_block":100,"minecraft:light_blue_concrete_powder":1,"minecraft:stripped_oak_wood":686,"minecraft:birch_log":2,"minecraft:ice":1,"minecraft:dark_oak_fence":23,"minecraft:grindstone":113,"minecraft:white_stained_glass":1,"minecraft:smithing_table":2,"minecraft:bubble_coral_block":1,"minecraft:andesite":17,"minecraft:green_concrete_powder":1,"minecraft:mossy_cobblestone_wall":2,"minecraft:pink_stained_glass":1,"minecraft:smooth_stone_slab":444,"minecraft:white_concrete":1095,"minecraft:coarse_dirt":1,"minecraft:chorus_plant":1,"minecraft:purple_wool":10,"minecraft:diorite_slab":2,"minecraft:cobweb":3,"minecraft:gray_stained_glass":9,"minecraft:diorite_stairs":1,"minecraft:oak_fence":123,"minecraft:oak_trapdoor":177,"minecraft:purpur_block":2,"minecraft:stripped_acacia_wood":296,"minecraft:petrified_oak_slab":4,"minecraft:orange_concrete_powder":1,"minecraft:iron_bars":89,"minecraft:jungle_leaves":3,"minecraft:white_tulip":1,"minecraft:dead_tube_coral_block":4,"minecraft:rose_bush":1,"minecraft:enchanting_table":2,"minecraft:granite_stairs":1,"minecraft:acacia_log":11,"minecraft:dead_bush":2,"minecraft:orange_concrete":124,"minecraft:flint_and_steel":2,"minecraft:red_concrete":113,"minecraft:carved_pumpkin":2,"minecraft:redstone_ore":2,"minecraft:armor_stand":54,"minecraft:redstone":705,"minecraft:light_gray_carpet":33,"minecraft:mycelium":1,"minecraft:light_blue_terracotta":815,"minecraft:spruce_planks":257,"minecraft:ender_chest":3,"minecraft:brown_shulker_box":10,"minecraft:stripped_birch_wood":233,"minecraft:sandstone_wall":1,"minecraft:torch":16,"minecraft:dried_kelp_block":35,"minecraft:netherrack":1,"minecraft:green_glazed_terracotta":1,"minecraft:orange_bed":7,"minecraft:oak_door":40,"minecraft:orange_stained_glass":1,"minecraft:light_gray_shulker_box":1,"minecraft:end_stone_brick_wall":2,"minecraft:brewing_stand":11,"minecraft:dirt":171,"minecraft:anvil":7,"minecraft:red_nether_brick_slab":2,"minecraft:white_carpet":271,"minecraft:hopper":9,"minecraft:prismarine_bricks":2308,"minecraft:pink_carpet":7,"minecraft:spruce_stairs":65,"minecraft:light_gray_glazed_terracotta":1,"minecraft:cobblestone_wall":2,"minecraft:stone_stairs":2,"minecraft:oak_wood":35,"minecraft:dead_tube_coral":1,"minecraft:nether_brick_slab":191,"minecraft:shulker_box":1,"minecraft:blue_concrete":193,"minecraft:yellow_carpet":25,"minecraft:bee_nest":2,"minecraft:polished_granite_slab":2,"minecraft:jungle_trapdoor":11,"minecraft:granite":19,"minecraft:spruce_fence":2,"minecraft:dead_brain_coral_block":4,"minecraft:light_blue_stained_glass":159,"minecraft:nether_brick_stairs":94,"minecraft:oak_fence_gate":2,"minecraft:polished_diorite":22,"minecraft:fern":1,"minecraft:purple_banner":5,"minecraft:birch_door":15,"minecraft:andesite_wall":13,"minecraft:mossy_cobblestone_stairs":1,"minecraft:purple_stained_glass_pane":1,"minecraft:dark_oak_planks":16,"minecraft:stone_brick_slab":6,"minecraft:red_shulker_box":1,"minecraft:brown_terracotta":2,"minecraft:sea_lantern":3788,"minecraft:red_tulip":1,"minecraft:light_gray_stained_glass":1,"minecraft:bookshelf":422,"minecraft:cyan_shulker_box":1,"minecraft:yellow_stained_glass":3,"minecraft:iron_block":193,"minecraft:light_weighted_pressure_plate":3,"minecraft:oak_stairs":214,"minecraft:spruce_button":1,"minecraft:brick_stairs":1,"minecraft:slime_block":99,"minecraft:smooth_sandstone":41,"minecraft:acacia_slab":188,"minecraft:jungle_log":5,"minecraft:smooth_quartz":3910,"minecraft:pink_stained_glass_pane":1,"minecraft:prismarine_slab":2,"minecraft:melon_seeds":1,"minecraft:barrel":23,"minecraft:bamboo":1,"minecraft:yellow_concrete_powder":1,"minecraft:light_gray_wool":33,"minecraft:tripwire_hook":24,"minecraft:purple_concrete":17,"minecraft:glowstone":3,"minecraft:tall_grass":1,"minecraft:lime_concrete":225,"minecraft:emerald_block":11,"minecraft:black_stained_glass":91,"minecraft:magenta_wool":6,"minecraft:dark_oak_pressure_plate":1,"minecraft:gray_glazed_terracotta":2,"minecraft:iron_trapdoor":1,"minecraft:magenta_terracotta":2,"minecraft:lime_stained_glass":1,"minecraft:salmon_spawn_egg":2,"minecraft:white_stained_glass_pane":138,"minecraft:podzol":1,"minecraft:minecart":2,"minecraft:acacia_wood":13,"minecraft:infested_cobblestone":1,"minecraft:cyan_banner":2,"minecraft:cyan_concrete_powder":1,"minecraft:trapped_chest":3,"minecraft:granite_wall":1,"minecraft:horn_coral_block":1,"minecraft:stone_pressure_plate":7,"minecraft:dead_bubble_coral_block":4,"minecraft:acacia_planks":29,"minecraft:mossy_stone_brick_wall":2,"minecraft:orange_stained_glass_pane":1,"minecraft:observer":33,"minecraft:orange_terracotta":31,"minecraft:pumpkin":1,"minecraft:light_gray_bed":1,"minecraft:brown_bed":1,"minecraft:brain_coral_block":1,"minecraft:wheat_seeds":1,"minecraft:water_bucket":17,"minecraft:yellow_banner":12,"minecraft:nether_brick_wall":1,"minecraft:light_blue_glazed_terracotta":258,"minecraft:light_blue_shulker_box":1,"minecraft:cobblestone_stairs":2,"minecraft:iron_ore":4,"minecraft:pink_tulip":1,"minecraft:tube_coral_block":1,"minecraft:pink_glazed_terracotta":5,"minecraft:sandstone_stairs":1,"minecraft:snow_block":256,"minecraft:prismarine_brick_slab":34,"minecraft:birch_planks":666,"minecraft:yellow_shulker_box":4,"minecraft:polished_andesite":13,"minecraft:lime_wool":208,"minecraft:red_nether_bricks":1,"minecraft:cartography_table":2,"minecraft:blue_wool":169,"minecraft:pink_banner":1,"minecraft:andesite_slab":2,"minecraft:smooth_sandstone_slab":33,"minecraft:spruce_fence_gate":2,"minecraft:magenta_stained_glass":1,"minecraft:black_shulker_box":1,"minecraft:purple_glazed_terracotta":1,"minecraft:cut_sandstone":2,"minecraft:red_mushroom_block":1,"minecraft:brown_mushroom":1,"minecraft:blue_concrete_powder":1,"minecraft:spruce_sign":1,"minecraft:cauldron":8,"minecraft:red_glazed_terracotta":1,"minecraft:fletching_table":1,"minecraft:stonecutter":1,"minecraft:beacon":4,"minecraft:green_bed":1,"minecraft:cobblestone_slab":3,"minecraft:gold_ore":4,"minecraft:cracked_stone_bricks":5,"minecraft:pink_concrete":20,"minecraft:diamond_block":56,"minecraft:orange_carpet":44,"minecraft:lime_bed":2,"minecraft:light_gray_banner":5,"minecraft:lime_terracotta":1,"minecraft:mossy_cobblestone":2,"minecraft:comparator":39,"minecraft:terracotta":1,"minecraft:rail":17,"minecraft:stripped_dark_oak_log":1,"minecraft:vine":3,"minecraft:dark_prismarine_slab":11,"minecraft:crafting_table":22,"minecraft:oak_slab":372,"minecraft:tnt":1,"minecraft:cyan_glazed_terracotta":1,"minecraft:red_bed":2,"minecraft:magenta_bed":1,"minecraft:dead_fire_coral_block":78,"minecraft:brown_banner":1,"minecraft:red_mushroom":1,"minecraft:birch_sign":606,"minecraft:yellow_stained_glass_pane":2,"minecraft:white_bed":3,"minecraft:campfire":2,"minecraft:fire_coral":1,"minecraft:light_gray_concrete_powder":349,"minecraft:dark_oak_fence_gate":1,"minecraft:smoker":32,"minecraft:brown_glazed_terracotta":1,"minecraft:lime_shulker_box":1,"minecraft:painting":723,"minecraft:magenta_carpet":36,"minecraft:mushroom_stem":1,"minecraft:infested_stone_bricks":1,"minecraft:smooth_red_sandstone_stairs":8,"minecraft:cake":3,"minecraft:spruce_log":5,"minecraft:dark_oak_door":46,"minecraft:cyan_stained_glass":1,"minecraft:purple_stained_glass":1,"minecraft:oak_log":158,"minecraft:blue_stained_glass_pane":3,"minecraft:gray_terracotta":1,"minecraft:piston":226,"minecraft:dark_prismarine":703,"minecraft:cornflower":38,"minecraft:flower_pot":85,"minecraft:activator_rail":1,"minecraft:acacia_stairs":34,"minecraft:black_wool":196,"minecraft:oxeye_daisy":1,"minecraft:acacia_sign":1,"minecraft:stripped_jungle_log":58,"minecraft:dead_fire_coral":1,"minecraft:command_block":9,"minecraft:sunflower":1,"minecraft:oak_button":24,"minecraft:lapis_ore":3,"minecraft:spruce_pressure_plate":1,"minecraft:detector_rail":3,"minecraft:magenta_concrete":23,"minecraft:jungle_stairs":1,"minecraft:cyan_concrete":87,"minecraft:stone_slab":7,"minecraft:purpur_slab":1,"minecraft:spruce_trapdoor":321,"minecraft:magenta_concrete_powder":1,"minecraft:spruce_sapling":1,"minecraft:yellow_wool":160,"minecraft:acacia_fence_gate":1,"minecraft:magenta_banner":2,"minecraft:blue_carpet":94,"minecraft:green_carpet":125,"minecraft:pink_bed":2,"minecraft:chiseled_stone_bricks":4,"minecraft:brown_stained_glass_pane":1,"minecraft:fishing_rod":7,"minecraft:fire_coral_block":1,"minecraft:green_shulker_box":1,"minecraft:cobblestone":91,"minecraft:andesite_stairs":11,"minecraft:jungle_door":1,"minecraft:glass_pane":126,"minecraft:orange_banner":1,"minecraft:red_concrete_powder":1,"minecraft:purple_bed":3,"minecraft:cyan_stained_glass_pane":1,"minecraft:acacia_pressure_plate":1,"minecraft:white_banner":54,"minecraft:pink_shulker_box":1,"minecraft:magenta_glazed_terracotta":128,"minecraft:chain_command_block":539,"minecraft:red_banner":9,"minecraft:sandstone_slab":2,"minecraft:lapis_block":744,"minecraft:grass_path":1,"minecraft:repeating_command_block":53,"minecraft:yellow_bed":1,"minecraft:wither_rose":1,"minecraft:end_portal_frame":8,"minecraft:sea_pickle":334,"minecraft:stripped_oak_log":31,"minecraft:gray_wool":3,"minecraft:kelp":1,"minecraft:purple_carpet":20,"minecraft:dandelion":1,"minecraft:brown_mushroom_block":1,"minecraft:jukebox":47,"minecraft:smooth_stone":25,"minecraft:birch_stairs":96,"minecraft:green_stained_glass":1},"minecraft:picked_up":{"minecraft:black_carpet":11,"minecraft:yellow_wool":1,"minecraft:magenta_carpet":9,"minecraft:potion":1,"minecraft:cooked_salmon":832,"minecraft:sticky_piston":2,"minecraft:armor_stand":1,"minecraft:oak_sign":9,"minecraft:sea_pickle":14,"minecraft:comparator":1,"minecraft:redstone_torch":15,"minecraft:iron_pickaxe":10,"minecraft:hopper_minecart":1,"minecraft:iron_boots":13,"minecraft:dark_oak_door":2,"minecraft:pink_carpet":1,"minecraft:blue_stained_glass":1,"minecraft:brown_carpet":3,"minecraft:lime_carpet":2,"minecraft:light_blue_wool":1,"minecraft:brown_shulker_box":3,"minecraft:green_wool":1,"minecraft:leather_chestplate":6,"minecraft:repeater":12,"minecraft:birch_slab":4,"minecraft:orange_carpet":2,"minecraft:lantern":1,"minecraft:granite_wall":1,"minecraft:bow":11,"minecraft:bell":2,"minecraft:dark_oak_sign":1,"minecraft:powered_rail":2,"minecraft:oak_planks":66,"minecraft:ghast_tear":1,"minecraft:jungle_planks":1,"minecraft:orange_wool":1,"minecraft:yellow_carpet":1,"minecraft:lever":15,"minecraft:writable_book":1,"minecraft:crossbow":10,"minecraft:bone_meal":3,"minecraft:fishing_rod":10,"minecraft:crafting_table":1,"minecraft:leather_leggings":1,"minecraft:stone_brick_wall":1,"minecraft:heavy_weighted_pressure_plate":38,"minecraft:cornflower":33,"minecraft:iron_axe":21,"minecraft:item_frame":152,"minecraft:white_carpet":3,"minecraft:iron_shovel":10,"minecraft:cyan_carpet":12,"minecraft:mossy_cobblestone_wall":1,"minecraft:player_head":1,"minecraft:poppy":1,"minecraft:light_gray_wool":2,"minecraft:blue_shulker_box":5,"minecraft:lime_wool":2,"minecraft:orange_dye":1,"minecraft:oak_door":1,"minecraft:red_stained_glass_pane":3,"minecraft:stone_button":35,"minecraft:cookie":3,"minecraft:trident":10,"minecraft:redstone":87,"minecraft:blue_carpet":29,"minecraft:shears":10,"minecraft:white_shulker_box":7,"minecraft:mutton":36,"minecraft:white_wool":20,"minecraft:rail":4,"minecraft:yellow_shulker_box":6,"minecraft:salmon":2654,"minecraft:filled_map":7,"minecraft:red_carpet":25,"minecraft:gray_carpet":1,"minecraft:mossy_stone_brick_wall":1,"minecraft:iron_sword":21,"minecraft:white_stained_glass_pane":3,"minecraft:pumpkin":1,"minecraft:birch_stairs":1,"minecraft:green_carpet":10,"minecraft:spruce_door":21,"minecraft:light_blue_carpet":1,"minecraft:iron_helmet":11,"minecraft:painting":7,"minecraft:birch_sign":15,"minecraft:black_wool":1},"minecraft:dropped":{"minecraft:blue_shulker_box":1,"minecraft:orange_dye":1,"minecraft:crafting_table":1,"minecraft:jungle_planks":1,"minecraft:mossy_cobblestone_wall":1,"minecraft:writable_book":1,"minecraft:birch_stairs":1,"minecraft:oak_planks":2,"minecraft:beehive":1,"minecraft:blue_stained_glass":1,"minecraft:brown_shulker_box":1,"minecraft:leather_chestplate":5,"minecraft:mossy_stone_brick_wall":1,"minecraft:birch_trapdoor":1,"minecraft:stone_brick_wall":1,"minecraft:granite_wall":1,"minecraft:hopper_minecart":1,"minecraft:yellow_shulker_box":2,"minecraft:pumpkin":1,"minecraft:redstone":7,"minecraft:sticky_piston":2,"minecraft:comparator":1,"minecraft:white_shulker_box":2},"minecraft:custom":{"minecraft:interact_with_crafting_table":8,"minecraft:open_barrel":39,"minecraft:open_shulker_box":90,"minecraft:bell_ring":10,"minecraft:leave_game":167,"minecraft:time_since_death":7657174,"minecraft:sprint_one_cm":1466271,"minecraft:drop":37,"minecraft:jump":8803,"minecraft:walk_on_water_one_cm":11116,"minecraft:interact_with_furnace":17,"minecraft:play_one_minute":7657174,"minecraft:interact_with_loom":36,"minecraft:open_enderchest":7,"minecraft:damage_dealt":2839,"minecraft:interact_with_beacon":1,"minecraft:crouch_one_cm":56849,"minecraft:interact_with_smoker":6,"minecraft:inspect_dropper":17,"minecraft:interact_with_anvil":3,"minecraft:mob_kills":36,"minecraft:inspect_hopper":6,"minecraft:fill_cauldron":6,"minecraft:climb_one_cm":3823,"minecraft:walk_one_cm":10139672,"minecraft:sneak_time":60046,"minecraft:walk_under_water_one_cm":3164,"minecraft:interact_with_lectern":2,"minecraft:tune_noteblock":13,"minecraft:pot_flower":178,"minecraft:interact_with_grindstone":3,"minecraft:time_since_rest":7657174,"minecraft:trigger_trapped_chest":22,"minecraft:fly_one_cm":17595332,"minecraft:open_chest":55},"minecraft:mined":{"minecraft:white_bed":1,"minecraft:orange_bed":4,"minecraft:black_bed":2,"minecraft:blue_bed":18,"minecraft:purple_bed":1,"minecraft:light_blue_bed":1},"minecraft:crafted":{"minecraft:leather_boots":2,"minecraft:firework_star":1,"minecraft:firework_rocket":3}},"DataVersion":2230}