{"stats":{"minecraft:custom":{"minecraft:interact_with_crafting_table":8,"minecraft:open_shulker_box":21,"minecraft:eat_cake_slice":8,"minecraft:leave_game":161,"minecraft:time_since_death":7146164,"minecraft:sprint_one_cm":1953371,"minecraft:drop":61,"minecraft:deaths":4,"minecraft:jump":6591,"minecraft:interact_with_brewingstand":1,"minecraft:walk_on_water_one_cm":193209,"minecraft:interact_with_cartography_table":18,"minecraft:play_one_minute":20164343,"minecraft:interact_with_loom":7,"minecraft:open_enderchest":3,"minecraft:damage_dealt":124,"minecraft:crouch_one_cm":86438,"minecraft:inspect_dispenser":41,"minecraft:inspect_dropper":91,"minecraft:interact_with_anvil":31,"minecraft:mob_kills":1,"minecraft:inspect_hopper":104,"minecraft:fill_cauldron":5,"minecraft:climb_one_cm":26459,"minecraft:walk_one_cm":7870462,"minecraft:sneak_time":463109,"minecraft:walk_under_water_one_cm":386078,"minecraft:interact_with_lectern":11,"minecraft:boat_one_cm":44623,"minecraft:tune_noteblock":117,"minecraft:interact_with_grindstone":4,"minecraft:interact_with_stonecutter":1,"minecraft:time_since_rest":7146263,"minecraft:damage_taken":960,"minecraft:trigger_trapped_chest":3,"minecraft:minecart_one_cm":301045,"minecraft:swim_one_cm":5386,"minecraft:fly_one_cm":76894940,"minecraft:open_chest":170,"minecraft:aviate_one_cm":399756,"minecraft:fall_one_cm":269},"minecraft:mined":{"minecraft:red_bed":1,"minecraft:slime_block":1,"minecraft:black_bed":1,"minecraft:oak_leaves":11,"minecraft:lime_wool":1},"minecraft:picked_up":{"minecraft:iron_trapdoor":1,"minecraft:yellow_wool":1,"minecraft:magenta_carpet":1,"minecraft:diamond_sword":10,"minecraft:oak_stairs":1,"minecraft:birch_button":1,"minecraft:golden_sword":17,"minecraft:string":3,"minecraft:oak_sign":17,"minecraft:sea_pickle":1,"minecraft:activator_rail":1,"minecraft:comparator":4,"minecraft:bucket":4,"minecraft:light_weighted_pressure_plate":1,"minecraft:spruce_planks":1,"minecraft:acacia_sign":256,"minecraft:redstone_torch":41,"minecraft:ender_eye":1,"minecraft:wooden_shovel":1,"minecraft:coal_block":1,"minecraft:dark_oak_door":1,"minecraft:tipped_arrow":50,"minecraft:spruce_pressure_plate":1,"minecraft:torch":20,"minecraft:snow_block":1,"minecraft:cactus":2,"minecraft:rotten_flesh":2,"minecraft:red_tulip":51,"minecraft:green_wool":1,"minecraft:end_rod":1,"minecraft:snowball":3,"minecraft:repeater":6,"minecraft:iron_door":3,"minecraft:orange_carpet":1,"minecraft:map":514,"minecraft:polished_granite":1,"minecraft:wheat_seeds":28,"minecraft:grindstone":64,"minecraft:dark_oak_sign":35,"minecraft:powered_rail":2,"minecraft:sand":67,"minecraft:jungle_planks":1,"minecraft:grass_block":1,"minecraft:slime_block":2,"minecraft:spruce_boat":2,"minecraft:lever":11,"minecraft:writable_book":2,"minecraft:light_gray_carpet":6,"minecraft:oak_leaves":11,"minecraft:end_stone_bricks":1,"minecraft:chest_minecart":2,"minecraft:heavy_weighted_pressure_plate":3,"minecraft:elytra":11,"minecraft:white_carpet":5,"minecraft:item_frame":43,"minecraft:detector_rail":2,"minecraft:minecart":6,"minecraft:quartz_stairs":1,"minecraft:spruce_trapdoor":2,"minecraft:egg":3,"minecraft:lime_wool":1,"minecraft:end_stone":2,"minecraft:stone_button":1,"minecraft:brown_concrete_powder":1,"minecraft:redstone":42,"minecraft:mushroom_stem":1,"minecraft:stone_pressure_plate":4,"minecraft:pink_tulip":32,"minecraft:mutton":2,"minecraft:white_wool":2,"minecraft:rail":129,"minecraft:dark_oak_button":2,"minecraft:birch_planks":1,"minecraft:filled_map":36,"minecraft:jungle_button":1,"minecraft:paper":640,"minecraft:birch_pressure_plate":1,"minecraft:stone_bricks":7,"minecraft:apple":1,"minecraft:white_stained_glass_pane":1,"minecraft:chiseled_stone_bricks":10,"minecraft:stone_brick_slab":30,"minecraft:dandelion":7,"minecraft:lava_bucket":1,"minecraft:sea_lantern":1,"minecraft:spruce_door":1,"minecraft:firework_rocket":131,"minecraft:painting":6,"minecraft:birch_sign":15,"minecraft:oak_button":6,"minecraft:hopper":1,"minecraft:ender_pearl":32},"minecraft:killed":{"minecraft:sheep":1},"minecraft:crafted":{"minecraft:shield":1,"minecraft:leather_chestplate":1,"minecraft:leather_leggings":1,"minecraft:leather_boots":1,"minecraft:firework_rocket":3},"minecraft:dropped":{"minecraft:birch_planks":2,"minecraft:elytra":4,"minecraft:item_frame":1,"minecraft:light_weighted_pressure_plate":1,"minecraft:redstone_lamp":1,"minecraft:green_wool":1,"minecraft:lever":2,"minecraft:blue_wool":1,"minecraft:grindstone":64,"minecraft:mushroom_stem":1,"minecraft:chiseled_stone_bricks":10,"minecraft:sea_lantern":1,"minecraft:heavy_weighted_pressure_plate":1,"minecraft:hopper":1,"minecraft:polished_granite":1,"minecraft:command_block":1,"minecraft:acacia_trapdoor":1,"minecraft:grass_block":3,"minecraft:end_rod":1,"minecraft:acacia_sign":1,"minecraft:potion":1,"minecraft:string":1,"minecraft:stone_brick_slab":2,"minecraft:birch_pressure_plate":1,"minecraft:slime_block":1,"minecraft:filled_map":11,"minecraft:spruce_trapdoor":2,"minecraft:quartz_stairs":1,"minecraft:golden_sword":12,"minecraft:stone_pressure_plate":1,"minecraft:stone_bricks":7,"minecraft:birch_sign":1},"minecraft:used":{"minecraft:blue_terracotta":2337,"minecraft:writable_book":8,"minecraft:light_gray_stained_glass_pane":1,"minecraft:smooth_quartz_slab":105,"minecraft:dead_horn_coral_block":65,"minecraft:dispenser":13,"minecraft:spruce_slab":2,"minecraft:bone_block":4,"minecraft:ladder":22,"minecraft:oak_sign":105,"minecraft:black_carpet":66,"minecraft:chest":47,"minecraft:white_terracotta":773,"minecraft:brown_concrete":8,"minecraft:stone":1928,"minecraft:stripped_jungle_wood":4,"minecraft:quartz_stairs":1550,"minecraft:bell":1,"minecraft:smooth_sandstone_stairs":8,"minecraft:green_terracotta":872,"minecraft:soul_sand":159,"minecraft:birch_pressure_plate":1,"minecraft:blue_stained_glass":179,"minecraft:jungle_planks":298,"minecraft:nether_bricks":4,"minecraft:jungle_slab":442,"minecraft:orange_wool":1295,"minecraft:pink_terracotta":137,"minecraft:acacia_button":1,"minecraft:beehive":3,"minecraft:cyan_wool":1410,"minecraft:snowball":52,"minecraft:obsidian":133,"minecraft:glass":2412,"minecraft:packed_ice":1138,"minecraft:cyan_terracotta":790,"minecraft:lava_bucket":1,"minecraft:stripped_dark_oak_wood":59,"minecraft:bricks":538,"minecraft:quartz_pillar":10,"minecraft:villager_spawn_egg":1,"minecraft:quartz_slab":657,"minecraft:spruce_wood":6,"minecraft:red_wool":742,"minecraft:black_stained_glass_pane":4,"minecraft:lantern":4,"minecraft:grass_block":1516,"minecraft:quartz_block":493,"minecraft:orange_shulker_box":6,"minecraft:green_wool":1713,"minecraft:wet_sponge":1,"minecraft:dark_oak_slab":111,"minecraft:dark_oak_button":18,"minecraft:pink_wool":270,"minecraft:stone_bricks":3,"minecraft:item_frame":701,"minecraft:bedrock":6,"minecraft:birch_button":12,"minecraft:birch_trapdoor":29,"minecraft:repeater":418,"minecraft:red_carpet":8,"minecraft:redstone_lamp":111,"minecraft:honeycomb_block":1,"minecraft:brown_carpet":25,"minecraft:snow":310,"minecraft:hay_block":1,"minecraft:scaffolding":5,"minecraft:jungle_button":3,"minecraft:gold_block":379,"minecraft:pink_concrete_powder":4,"minecraft:end_stone_brick_stairs":107,"minecraft:brown_concrete_powder":80,"minecraft:dark_oak_sapling":28,"minecraft:dark_oak_stairs":22,"minecraft:diorite":122,"minecraft:end_rod":445,"minecraft:end_stone_bricks":1198,"minecraft:spruce_door":5,"minecraft:dropper":68,"minecraft:stripped_acacia_log":1,"minecraft:gray_carpet":3,"minecraft:red_stained_glass":226,"minecraft:powered_rail":138,"minecraft:acacia_trapdoor":20,"minecraft:dark_oak_sign":138,"minecraft:prismarine":2,"minecraft:jungle_fence":40,"minecraft:oak_planks":8803,"minecraft:polished_diorite_slab":20,"minecraft:cactus":7,"minecraft:black_glazed_terracotta":78,"minecraft:redstone_block":471,"minecraft:end_stone_brick_slab":1,"minecraft:clay":1452,"minecraft:oak_leaves":653,"minecraft:white_wool":31889,"minecraft:dark_oak_trapdoor":170,"minecraft:sand":78,"minecraft:yellow_terracotta":282,"minecraft:light_blue_concrete":1,"minecraft:cut_sandstone_slab":14,"minecraft:loom":2,"minecraft:yellow_concrete":1,"minecraft:light_blue_wool":4376,"minecraft:smooth_red_sandstone":1,"minecraft:light_gray_terracotta":909,"minecraft:blue_ice":56,"minecraft:sponge":60,"minecraft:chiseled_quartz_block":14,"minecraft:purple_terracotta":117,"minecraft:stone_brick_wall":20,"minecraft:note_block":210,"minecraft:gray_concrete":40,"minecraft:black_concrete_powder":1,"minecraft:black_bed":1,"minecraft:shears":11,"minecraft:end_stone":153,"minecraft:red_sandstone_wall":24,"minecraft:redstone_torch":171,"minecraft:black_terracotta":3412,"minecraft:sticky_piston":14,"minecraft:lever":92,"minecraft:blue_glazed_terracotta":25,"minecraft:black_concrete":40,"minecraft:daylight_detector":4,"minecraft:acacia_door":2,"minecraft:dark_oak_log":9,"minecraft:birch_slab":34,"minecraft:light_gray_concrete":382,"minecraft:heavy_weighted_pressure_plate":3,"minecraft:brown_wool":1699,"minecraft:string":41,"minecraft:barrier":163,"minecraft:stone_button":30,"minecraft:cyan_carpet":43,"minecraft:lectern":30,"minecraft:white_glazed_terracotta":8,"minecraft:red_terracotta":211,"minecraft:polished_granite":78,"minecraft:oak_pressure_plate":1,"minecraft:diamond_ore":1,"minecraft:iron_door":19,"minecraft:cat_spawn_egg":1,"minecraft:jungle_sign":2,"minecraft:nether_wart_block":9,"minecraft:diamond_sword":2,"minecraft:stripped_oak_wood":1,"minecraft:grindstone":10,"minecraft:smithing_table":11,"minecraft:white_stained_glass":84,"minecraft:andesite":1,"minecraft:birch_log":26,"minecraft:pink_stained_glass":789,"minecraft:ice":4,"minecraft:smooth_stone_slab":941,"minecraft:oak_boat":4,"minecraft:white_concrete":184,"minecraft:bone_meal":52,"minecraft:purple_wool":155,"minecraft:gray_stained_glass":2,"minecraft:oak_trapdoor":27,"minecraft:purpur_block":11,"minecraft:stripped_acacia_wood":54,"minecraft:petrified_oak_slab":2174,"minecraft:iron_bars":99,"minecraft:enchanting_table":11,"minecraft:acacia_log":8,"minecraft:flint_and_steel":11,"minecraft:armor_stand":16,"minecraft:redstone":757,"minecraft:zombie_villager_spawn_egg":2,"minecraft:light_gray_carpet":59,"minecraft:light_blue_terracotta":722,"minecraft:spruce_planks":536,"minecraft:ender_chest":81,"minecraft:wooden_shovel":3,"minecraft:stripped_birch_wood":2,"minecraft:sandstone_wall":10,"minecraft:dried_kelp_block":2,"minecraft:netherrack":293,"minecraft:oak_door":1,"minecraft:torch":77,"minecraft:orange_stained_glass":170,"minecraft:light_gray_shulker_box":1,"minecraft:end_stone_brick_wall":6,"minecraft:brewing_stand":6,"minecraft:dirt":530,"minecraft:anvil":45,"minecraft:white_carpet":306,"minecraft:hopper":111,"minecraft:nether_quartz_ore":6,"minecraft:prismarine_bricks":93,"minecraft:nether_brick_slab":1,"minecraft:yellow_carpet":28,"minecraft:oak_wood":10,"minecraft:salmon_bucket":1,"minecraft:jungle_trapdoor":28,"minecraft:granite":116,"minecraft:blue_concrete":1,"minecraft:polished_diorite":8020,"minecraft:andesite_wall":7,"minecraft:brown_terracotta":5051,"minecraft:red_shulker_box":13,"minecraft:stone_brick_slab":3,"minecraft:dark_oak_planks":2296,"minecraft:sea_lantern":2340,"minecraft:light_gray_stained_glass":77,"minecraft:bookshelf":83,"minecraft:yellow_stained_glass":161,"minecraft:iron_block":3350,"minecraft:light_weighted_pressure_plate":2,"minecraft:oak_stairs":33,"minecraft:brick_stairs":28,"minecraft:slime_block":492,"minecraft:smooth_sandstone":20,"minecraft:jungle_log":9,"minecraft:chicken_spawn_egg":1,"minecraft:smooth_quartz":1840,"minecraft:light_gray_wool":3283,"minecraft:tripwire_hook":7,"minecraft:purple_concrete":4,"minecraft:glowstone":44,"minecraft:lime_concrete":287,"minecraft:magenta_terracotta":119,"minecraft:magenta_wool":136,"minecraft:emerald_block":447,"minecraft:iron_trapdoor":165,"minecraft:dark_oak_pressure_plate":4,"minecraft:salmon_spawn_egg":2,"minecraft:podzol":2,"minecraft:minecart":10,"minecraft:stone_pressure_plate":35,"minecraft:acacia_planks":132,"minecraft:orange_terracotta":125,"minecraft:observer":12,"minecraft:pumpkin":25,"minecraft:water_bucket":1590,"minecraft:nether_brick_wall":1,"minecraft:tube_coral_block":2,"minecraft:snow_block":1252,"minecraft:prismarine_brick_slab":21,"minecraft:birch_planks":6448,"minecraft:polished_andesite":2,"minecraft:lime_wool":692,"minecraft:cartography_table":19,"minecraft:blue_wool":1407,"minecraft:red_mushroom_block":786,"minecraft:spruce_sign":19,"minecraft:cauldron":9,"minecraft:magenta_stained_glass":46,"minecraft:stonecutter":6,"minecraft:red_glazed_terracotta":256,"minecraft:cracked_stone_bricks":3,"minecraft:diamond_block":31,"minecraft:orange_carpet":164,"minecraft:lime_terracotta":1096,"minecraft:rail":111,"minecraft:comparator":66,"minecraft:oak_slab":721,"minecraft:dark_prismarine_slab":30,"minecraft:crafting_table":4,"minecraft:red_bed":1,"minecraft:birch_sign":181,"minecraft:campfire":30,"minecraft:dark_oak_fence_gate":34,"minecraft:painting":127,"minecraft:brown_glazed_terracotta":23,"minecraft:magenta_carpet":31,"minecraft:cake":7,"minecraft:spruce_log":13,"minecraft:mushroom_stem":4321,"minecraft:dark_oak_door":8,"minecraft:purple_stained_glass":163,"minecraft:oak_log":9,"minecraft:blue_stained_glass_pane":13,"minecraft:gray_terracotta":6003,"minecraft:piston":31,"minecraft:dark_prismarine":382,"minecraft:black_wool":18196,"minecraft:acacia_stairs":13,"minecraft:activator_rail":6,"minecraft:acacia_sign":644,"minecraft:command_block":65,"minecraft:oak_button":7,"minecraft:map":27,"minecraft:spruce_pressure_plate":8,"minecraft:detector_rail":28,"minecraft:spruce_trapdoor":243,"minecraft:yellow_wool":633,"minecraft:blue_carpet":16,"minecraft:potion":2,"minecraft:acacia_pressure_plate":8,"minecraft:red_concrete_powder":2,"minecraft:bucket":3,"minecraft:jungle_door":7,"minecraft:chain_command_block":150,"minecraft:lapis_block":13869,"minecraft:glass_pane":47,"minecraft:repeating_command_block":263,"minecraft:sea_pickle":48,"minecraft:stripped_oak_log":12,"minecraft:kelp":491,"minecraft:purple_carpet":19,"minecraft:gray_wool":2375,"minecraft:splash_potion":28,"minecraft:smooth_stone":125,"minecraft:brown_mushroom_block":8,"minecraft:jukebox":1,"minecraft:birch_stairs":8,"minecraft:green_stained_glass":167}},"DataVersion":2230}