{"stats":{"minecraft:killed":{"minecraft:chicken":3},"minecraft:used":{"minecraft:blue_terracotta":1407,"minecraft:red_sand":5,"minecraft:dispenser":12,"minecraft:spruce_slab":20,"minecraft:ladder":55,"minecraft:oak_sign":7,"minecraft:white_concrete_powder":9,"minecraft:chest":14,"minecraft:white_terracotta":1409,"minecraft:stone":16,"minecraft:brown_concrete":11,"minecraft:stripped_jungle_wood":468,"minecraft:red_nether_brick_stairs":7,"minecraft:green_terracotta":1,"minecraft:soul_sand":78,"minecraft:jungle_planks":594,"minecraft:orange_wool":1301,"minecraft:nether_bricks":153,"minecraft:allium":13,"minecraft:pink_terracotta":2501,"minecraft:cyan_wool":100,"minecraft:snowball":253,"minecraft:stripped_spruce_log":1,"minecraft:obsidian":1020,"minecraft:glass":993,"minecraft:packed_ice":7,"minecraft:honey_block":2,"minecraft:cyan_terracotta":67,"minecraft:stripped_dark_oak_wood":142,"minecraft:bricks":14,"minecraft:coal_ore":46,"minecraft:spruce_wood":1,"minecraft:red_wool":1485,"minecraft:grass_block":1008,"minecraft:quartz_block":460,"minecraft:polished_andesite_stairs":400,"minecraft:green_wool":911,"minecraft:dark_oak_wood":62,"minecraft:pink_wool":82,"minecraft:stone_brick_stairs":1,"minecraft:stone_bricks":92,"minecraft:blue_banner":2,"minecraft:bedrock":64,"minecraft:repeater":61,"minecraft:honeycomb_block":8,"minecraft:snow":3,"minecraft:hay_block":7,"minecraft:yellow_glazed_terracotta":3,"minecraft:gold_block":774,"minecraft:egg":5,"minecraft:emerald_ore":1,"minecraft:end_rod":19,"minecraft:end_stone_bricks":2781,"minecraft:spruce_door":34,"minecraft:dropper":5,"minecraft:stripped_acacia_log":98,"minecraft:stripped_birch_log":103,"minecraft:birch_leaves":312,"minecraft:dark_oak_sign":2,"minecraft:birch_wood":139,"minecraft:oak_planks":5332,"minecraft:lily_pad":51,"minecraft:orange_tulip":14,"minecraft:mossy_stone_brick_stairs":1,"minecraft:sandstone":5,"minecraft:clay":48,"minecraft:white_wool":16208,"minecraft:sand":21,"minecraft:yellow_terracotta":188,"minecraft:infested_chiseled_stone_bricks":1,"minecraft:loom":5,"minecraft:yellow_concrete":308,"minecraft:acacia_leaves":179,"minecraft:light_blue_wool":33,"minecraft:black_banner":6,"minecraft:smooth_red_sandstone":110,"minecraft:light_gray_terracotta":2801,"minecraft:blue_ice":46,"minecraft:sponge":3,"minecraft:purple_terracotta":77,"minecraft:chiseled_quartz_block":23,"minecraft:end_stone":32,"minecraft:purple_concrete_powder":115,"minecraft:redstone_torch":37,"minecraft:sticky_piston":14,"minecraft:black_terracotta":20,"minecraft:lever":2,"minecraft:red_sandstone":2,"minecraft:chiseled_sandstone":306,"minecraft:acacia_door":2,"minecraft:lime_carpet":44,"minecraft:dark_oak_log":27,"minecraft:light_gray_concrete":75,"minecraft:brown_stained_glass":1,"minecraft:stone_button":12,"minecraft:string":8,"minecraft:brown_wool":74,"minecraft:red_terracotta":187,"minecraft:oak_pressure_plate":30,"minecraft:diamond_ore":76,"minecraft:iron_door":7,"minecraft:gravel":15,"minecraft:coal_block":179,"minecraft:nether_wart_block":93,"minecraft:stripped_oak_wood":601,"minecraft:andesite":116,"minecraft:white_stained_glass":138,"minecraft:birch_log":8,"minecraft:ice":2,"minecraft:white_concrete":4129,"minecraft:purple_wool":215,"minecraft:oak_fence":192,"minecraft:stripped_acacia_wood":144,"minecraft:orange_concrete_powder":1,"minecraft:red_concrete":5,"minecraft:redstone_ore":16,"minecraft:armor_stand":4,"minecraft:redstone":390,"minecraft:mycelium":4,"minecraft:light_blue_terracotta":11,"minecraft:spruce_planks":2251,"minecraft:stripped_birch_wood":654,"minecraft:netherrack":1,"minecraft:torch":131,"minecraft:orange_stained_glass":112,"minecraft:dirt":61,"minecraft:anvil":4,"minecraft:hopper":8,"minecraft:nether_quartz_ore":63,"minecraft:spruce_stairs":340,"minecraft:stone_stairs":1,"minecraft:yellow_carpet":3175,"minecraft:bee_nest":2,"minecraft:oak_wood":23,"minecraft:spruce_fence":10,"minecraft:granite":2,"minecraft:blue_concrete":629,"minecraft:nether_brick_stairs":165,"minecraft:polished_diorite":15,"minecraft:brown_terracotta":140,"minecraft:dark_oak_planks":19,"minecraft:sea_lantern":113,"minecraft:red_tulip":12,"minecraft:yellow_stained_glass":1,"minecraft:iron_block":91,"minecraft:oak_stairs":144,"minecraft:smooth_sandstone":1699,"minecraft:smooth_quartz":539,"minecraft:yellow_concrete_powder":26,"minecraft:light_gray_wool":77,"minecraft:tripwire_hook":2,"minecraft:purple_concrete":364,"minecraft:glowstone":13,"minecraft:lime_concrete":21,"minecraft:magenta_wool":55,"minecraft:magenta_terracotta":10,"minecraft:lime_stained_glass":99,"minecraft:acacia_wood":2,"minecraft:horn_coral_block":3,"minecraft:acacia_planks":82,"minecraft:orange_terracotta":17,"minecraft:pumpkin":1,"minecraft:water_bucket":5727,"minecraft:yellow_banner":12,"minecraft:iron_ore":33,"minecraft:pink_glazed_terracotta":9,"minecraft:snow_block":2600,"minecraft:birch_planks":18489,"minecraft:blue_wool":12441,"minecraft:polished_andesite":94,"minecraft:lime_wool":1966,"minecraft:red_nether_bricks":475,"minecraft:cut_sandstone":585,"minecraft:gold_ore":93,"minecraft:pink_concrete":5,"minecraft:jungle_wood":8,"minecraft:mossy_cobblestone":62,"minecraft:vine":64,"minecraft:lime_terracotta":2,"minecraft:stripped_dark_oak_log":93,"minecraft:terracotta":36,"minecraft:crafting_table":1,"minecraft:brown_banner":63,"minecraft:birch_sign":61,"minecraft:dark_oak_door":4,"minecraft:oak_log":1,"minecraft:gray_terracotta":46,"minecraft:piston":14,"minecraft:black_wool":1536,"minecraft:oxeye_daisy":15,"minecraft:stripped_jungle_log":1,"minecraft:lapis_ore":23,"minecraft:stone_slab":2,"minecraft:jungle_stairs":2,"minecraft:magenta_concrete":159,"minecraft:yellow_wool":2558,"minecraft:blue_carpet":4,"minecraft:chiseled_stone_bricks":7,"minecraft:cobblestone":9,"minecraft:white_banner":34,"minecraft:andesite_stairs":1,"minecraft:jungle_door":2,"minecraft:bucket":75,"minecraft:lapis_block":7,"minecraft:grass_path":2,"minecraft:kelp":187,"minecraft:stripped_oak_log":2,"minecraft:gray_wool":985,"minecraft:brown_mushroom_block":50,"minecraft:jukebox":22,"minecraft:birch_stairs":816,"minecraft:green_stained_glass":9},"minecraft:picked_up":{"minecraft:anvil":2,"minecraft:yellow_wool":24,"minecraft:oak_stairs":1,"minecraft:birch_button":1,"minecraft:lapis_block":5,"minecraft:string":1,"minecraft:red_nether_bricks":4,"minecraft:sticky_piston":1,"minecraft:armor_stand":1,"minecraft:oak_sign":2,"minecraft:red_sand":1,"minecraft:comparator":1,"minecraft:bucket":2,"minecraft:spruce_planks":15,"minecraft:horn_coral_block":3,"minecraft:acacia_sign":1,"minecraft:red_dye":2,"minecraft:redstone_torch":18,"minecraft:smooth_quartz":5,"minecraft:dark_oak_door":3,"minecraft:blue_wool":17,"minecraft:diamond_ore":1,"minecraft:jungle_door":3,"minecraft:oak_fence":5,"minecraft:torch":12,"minecraft:spruce_stairs":1,"minecraft:honeycomb_block":2,"minecraft:yellow_concrete_powder":1,"minecraft:pink_terracotta":3,"minecraft:black_dye":1,"minecraft:yellow_banner":2,"minecraft:quartz_block":2,"minecraft:lime_carpet":9,"minecraft:honey_bottle":42,"minecraft:iron_block":1,"minecraft:red_tulip":2,"minecraft:cyan_terracotta":1,"minecraft:green_wool":6,"minecraft:bookshelf":2,"minecraft:white_terracotta":3,"minecraft:stripped_birch_wood":2,"minecraft:obsidian":65,"minecraft:snowball":924,"minecraft:feather":1,"minecraft:repeater":3,"minecraft:iron_door":2,"minecraft:water_bucket":4,"minecraft:andesite":3,"minecraft:brown_wool":5,"minecraft:acacia_leaves":1,"minecraft:magenta_dye":64,"minecraft:purple_stained_glass":1,"minecraft:stripped_birch_log":2,"minecraft:lantern":64,"minecraft:glass":8,"minecraft:acacia_planks":8,"minecraft:dark_oak_sign":1,"minecraft:oak_planks":26,"minecraft:stripped_acacia_wood":3,"minecraft:oak_pressure_plate":15,"minecraft:sand":13,"minecraft:jungle_planks":2,"minecraft:stripped_spruce_log":3,"minecraft:brown_mushroom_block":1,"minecraft:grass_block":4,"minecraft:loom":4,"minecraft:dark_oak_log":1,"minecraft:red_terracotta":1,"minecraft:orange_wool":6,"minecraft:light_gray_terracotta":5,"minecraft:stripped_acacia_log":4,"minecraft:polished_andesite":3,"minecraft:dispenser":4,"minecraft:sugar":2,"minecraft:yellow_carpet":65,"minecraft:lever":1,"minecraft:blue_ice":1,"minecraft:granite":1,"minecraft:white_concrete":9,"minecraft:blue_banner":2,"minecraft:bricks":1,"minecraft:end_stone_bricks":2,"minecraft:magenta_glazed_terracotta":2,"minecraft:crafting_table":3,"minecraft:chicken":1,"minecraft:ladder":1,"minecraft:pink_wool":2,"minecraft:gold_block":4,"minecraft:snow":1,"minecraft:white_stained_glass":3,"minecraft:mycelium":1,"minecraft:magenta_wool":2,"minecraft:cyan_wool":2,"minecraft:observer":3,"minecraft:chest":1,"minecraft:piston":2,"minecraft:egg":5,"minecraft:lime_wool":16,"minecraft:end_stone":2,"minecraft:white_dye":1,"minecraft:quartz_pillar":2,"minecraft:stone_button":10,"minecraft:redstone":44,"minecraft:brown_dye":59,"minecraft:blue_carpet":1,"minecraft:purple_terracotta":1,"minecraft:dark_oak_planks":1,"minecraft:nether_bricks":1,"minecraft:yellow_terracotta":2,"minecraft:black_banner":1,"minecraft:white_wool":12,"minecraft:oxeye_daisy":2,"minecraft:lapis_ore":1,"minecraft:birch_leaves":2,"minecraft:smooth_red_sandstone":1,"minecraft:tripwire_hook":2,"minecraft:yellow_dye":60,"minecraft:acacia_wood":1,"minecraft:birch_planks":16,"minecraft:yellow_glazed_terracotta":1,"minecraft:lily_pad":1,"minecraft:nether_wart_block":3,"minecraft:white_banner":4,"minecraft:orange_terracotta":1,"minecraft:smooth_sandstone":5,"minecraft:kelp":40,"minecraft:soul_sand":1,"minecraft:milk_bucket":2,"minecraft:yellow_concrete":6,"minecraft:red_wool":7,"minecraft:lime_concrete":1,"minecraft:lava_bucket":2,"minecraft:birch_stairs":4,"minecraft:green_stained_glass":1,"minecraft:red_banner":1,"minecraft:white_bed":1,"minecraft:sea_lantern":3,"minecraft:spruce_door":6,"minecraft:leather_helmet":4,"minecraft:stripped_jungle_log":1,"minecraft:firework_rocket":1,"minecraft:polished_diorite":1,"minecraft:honey_block":1,"minecraft:stripped_jungle_wood":1,"minecraft:birch_sign":15,"minecraft:gray_wool":4,"minecraft:terracotta":1,"minecraft:dark_oak_wood":1,"minecraft:brown_banner":10,"minecraft:black_wool":5,"minecraft:magenta_concrete":10,"minecraft:stripped_dark_oak_log":2},"minecraft:dropped":{"minecraft:nether_brick_stairs":1,"minecraft:gold_ore":11,"minecraft:clay":2,"minecraft:acacia_wood":2,"minecraft:soul_sand":5,"minecraft:piston":4,"minecraft:birch_planks":36,"minecraft:oak_pressure_plate":15,"minecraft:oak_log":1,"minecraft:loom":4,"minecraft:emerald_ore":1,"minecraft:crafting_table":3,"minecraft:lime_stained_glass":1,"minecraft:red_sandstone":1,"minecraft:stripped_birch_wood":5,"minecraft:orange_tulip":1,"minecraft:lime_terracotta":2,"minecraft:lantern":64,"minecraft:jungle_planks":5,"minecraft:mossy_stone_brick_stairs":1,"minecraft:red_wool":17,"minecraft:quartz_pillar":2,"minecraft:bedrock":2,"minecraft:brown_banner":28,"minecraft:black_banner":1,"minecraft:leather_helmet":5,"minecraft:gold_block":7,"minecraft:cyan_terracotta":3,"minecraft:dirt":4,"minecraft:dark_oak_log":6,"minecraft:packed_ice":3,"minecraft:ice":2,"minecraft:stone_button":14,"minecraft:dispenser":7,"minecraft:dark_oak_wood":5,"minecraft:cut_sandstone":3,"minecraft:stripped_dark_oak_wood":5,"minecraft:snowball":487,"minecraft:bone_block":1,"minecraft:sand":14,"minecraft:sugar":3,"minecraft:purple_wool":2,"minecraft:stripped_oak_wood":1,"minecraft:dark_oak_planks":8,"minecraft:birch_log":1,"minecraft:pink_glazed_terracotta":1,"minecraft:white_wool":24,"minecraft:birch_stairs":13,"minecraft:brown_mushroom_block":2,"minecraft:armor_stand":2,"minecraft:green_wool":9,"minecraft:honeycomb_block":3,"minecraft:pink_concrete":2,"minecraft:gravel":3,"minecraft:dark_oak_door":6,"minecraft:pink_terracotta":5,"minecraft:lever":1,"minecraft:infested_chiseled_stone_bricks":1,"minecraft:stripped_jungle_wood":3,"minecraft:yellow_wool":44,"minecraft:blue_wool":41,"minecraft:obsidian":3,"minecraft:lime_wool":34,"minecraft:stripped_dark_oak_log":5,"minecraft:oak_planks":40,"minecraft:birch_wood":3,"minecraft:end_stone":4,"minecraft:yellow_stained_glass":1,"minecraft:stone_stairs":1,"minecraft:honey_bottle":36,"minecraft:azure_bluet":1,"minecraft:white_bed":2,"minecraft:mycelium":2,"minecraft:orange_stained_glass":2,"minecraft:chiseled_stone_bricks":1,"minecraft:sea_lantern":12,"minecraft:coal_ore":4,"minecraft:oak_wood":3,"minecraft:dropper":2,"minecraft:jungle_stairs":1,"minecraft:quartz_block":4,"minecraft:honey_block":2,"minecraft:glowstone":6,"minecraft:hopper":1,"minecraft:chest":6,"minecraft:ladder":4,"minecraft:spruce_wood":1,"minecraft:yellow_banner":4,"minecraft:purple_concrete_powder":1,"minecraft:spruce_slab":2,"minecraft:white_dye":1,"minecraft:iron_ore":8,"minecraft:red_nether_bricks":13,"minecraft:end_stone_bricks":3,"minecraft:glass":8,"minecraft:white_concrete_powder":1,"minecraft:stone_brick_stairs":1,"minecraft:magenta_wool":4,"minecraft:netherrack":1,"minecraft:green_stained_glass":1,"minecraft:brown_concrete":2,"minecraft:egg":7,"minecraft:firework_rocket":1,"minecraft:water_bucket":6,"minecraft:purple_terracotta":4,"minecraft:stripped_spruce_log":3,"minecraft:black_dye":1,"minecraft:birch_leaves":4,"minecraft:mossy_cobblestone":1,"minecraft:bookshelf":2,"minecraft:yellow_concrete":12,"minecraft:horn_coral_block":4,"minecraft:oak_fence":7,"minecraft:yellow_terracotta":12,"minecraft:feather":1,"minecraft:cobblestone":8,"minecraft:purple_concrete":3,"minecraft:observer":3,"minecraft:granite":1,"minecraft:spruce_door":11,"minecraft:stripped_jungle_log":1,"minecraft:spruce_stairs":4,"minecraft:grass_block":9,"minecraft:yellow_carpet":73,"minecraft:lime_banner":1,"minecraft:polished_andesite":3,"minecraft:end_rod":1,"minecraft:acacia_sign":1,"minecraft:oxeye_daisy":2,"minecraft:lava_bucket":3,"minecraft:iron_block":4,"minecraft:gray_wool":10,"minecraft:milk_bucket":1,"minecraft:smooth_red_sandstone":5,"minecraft:sponge":4,"minecraft:torch":17,"minecraft:light_blue_wool":3,"minecraft:repeater":5,"minecraft:nether_wart_block":6,"minecraft:brown_wool":8,"minecraft:white_concrete":26,"minecraft:smooth_quartz":11,"minecraft:yellow_glazed_terracotta":1,"minecraft:lime_carpet":11,"minecraft:jungle_door":3,"minecraft:iron_door":1,"minecraft:lapis_ore":4,"minecraft:diamond_helmet":1,"minecraft:brown_terracotta":2,"minecraft:stripped_birch_log":4,"minecraft:oak_stairs":5,"minecraft:polished_andesite_stairs":1,"minecraft:pumpkin":1,"minecraft:white_banner":4,"minecraft:orange_concrete_powder":1,"minecraft:magenta_glazed_terracotta":2,"minecraft:red_dye":3,"minecraft:string":2,"minecraft:smooth_sandstone":13,"minecraft:blue_carpet":2,"minecraft:tripwire_hook":1,"minecraft:lily_pad":3,"minecraft:bucket":5,"minecraft:acacia_planks":10,"minecraft:lapis_block":10,"minecraft:chiseled_sandstone":3,"minecraft:redstone":30,"minecraft:snow_block":5,"minecraft:polished_diorite":2,"minecraft:red_concrete":1,"minecraft:yellow_concrete_powder":2,"minecraft:bricks":8,"minecraft:blue_terracotta":2,"minecraft:anvil":5,"minecraft:kelp":21,"minecraft:redstone_ore":8,"minecraft:brown_dye":52,"minecraft:green_terracotta":1,"minecraft:chiseled_quartz_block":7,"minecraft:dark_oak_sign":2,"minecraft:cocoa_beans":65,"minecraft:lime_concrete":1,"minecraft:light_gray_terracotta":9,"minecraft:jukebox":10,"minecraft:sticky_piston":3,"minecraft:grass_path":1,"minecraft:red_banner":1,"minecraft:chicken":1,"minecraft:light_gray_wool":6,"minecraft:blue_concrete":4,"minecraft:stripped_oak_log":2,"minecraft:stone_slab":1,"minecraft:light_gray_concrete":4,"minecraft:stripped_acacia_wood":7,"minecraft:white_terracotta":8,"minecraft:magenta_concrete":14,"minecraft:diamond_ore":10,"minecraft:orange_wool":16,"minecraft:nether_bricks":4,"minecraft:spruce_fence":1,"minecraft:oak_sign":6,"minecraft:acacia_leaves":1,"minecraft:red_terracotta":5,"minecraft:snow":1,"minecraft:hay_block":1,"minecraft:cyan_wool":5,"minecraft:stone":1,"minecraft:gray_terracotta":1,"minecraft:allium":1,"minecraft:orange_terracotta":6,"minecraft:spruce_planks":23,"minecraft:andesite":3,"minecraft:blue_banner":2,"minecraft:pink_wool":15,"minecraft:blue_ice":2,"minecraft:andesite_stairs":1,"minecraft:redstone_torch":14,"minecraft:birch_sign":22,"minecraft:stone_bricks":5,"minecraft:slime_ball":1,"minecraft:stripped_acacia_log":8,"minecraft:sandstone":1,"minecraft:red_sand":3,"minecraft:red_tulip":2,"minecraft:nether_quartz_ore":9,"minecraft:brown_stained_glass":1,"minecraft:light_blue_terracotta":5,"minecraft:white_stained_glass":5,"minecraft:black_wool":13,"minecraft:magenta_terracotta":8,"minecraft:terracotta":5},"minecraft:custom":{"minecraft:interact_with_crafting_table":3,"minecraft:leave_game":106,"minecraft:time_since_death":11493300,"minecraft:sprint_one_cm":4295325,"minecraft:drop":1159,"minecraft:jump":18654,"minecraft:walk_on_water_one_cm":369511,"minecraft:play_one_minute":11493300,"minecraft:interact_with_loom":53,"minecraft:damage_dealt":180,"minecraft:crouch_one_cm":480,"minecraft:inspect_dispenser":66,"minecraft:inspect_dropper":15,"minecraft:mob_kills":3,"minecraft:interact_with_anvil":15,"minecraft:inspect_hopper":1,"minecraft:climb_one_cm":106271,"minecraft:walk_one_cm":11304046,"minecraft:sneak_time":751,"minecraft:walk_under_water_one_cm":2275501,"minecraft:time_since_rest":11493300,"minecraft:swim_one_cm":2234,"minecraft:fly_one_cm":62634652,"minecraft:open_chest":93},"minecraft:crafted":{"minecraft:leather_helmet":3}},"DataVersion":2230}