{"stats":{"minecraft:killed":{"minecraft:parrot":28},"minecraft:used":{"minecraft:oak_fence":1,"minecraft:oak_trapdoor":2,"minecraft:light_blue_banner":9,"minecraft:writable_book":2,"minecraft:iron_bars":17,"minecraft:armor_stand":8,"minecraft:light_gray_carpet":179,"minecraft:oak_sign":6,"minecraft:white_concrete_powder":1048,"minecraft:green_banner":1,"minecraft:brown_concrete":4,"minecraft:stone":3,"minecraft:sandstone_wall":2,"minecraft:dried_kelp_block":12,"minecraft:oak_door":2,"minecraft:torch":2,"minecraft:dirt":37,"minecraft:birch_pressure_plate":1,"minecraft:prismarine_bricks":30,"minecraft:prismarine_brick_stairs":6,"minecraft:light_gray_glazed_terracotta":10,"minecraft:polished_diorite":5,"minecraft:andesite_wall":239,"minecraft:glass":2,"minecraft:stone_brick_slab":19,"minecraft:sea_lantern":303,"minecraft:bricks":2,"minecraft:bookshelf":4,"minecraft:lantern":56,"minecraft:iron_block":2,"minecraft:grass_block":204,"minecraft:oak_stairs":7,"minecraft:dark_oak_leaves":38,"minecraft:gray_concrete_powder":1,"minecraft:smooth_quartz":16,"minecraft:diorite_wall":3,"minecraft:stone_brick_stairs":14,"minecraft:stone_bricks":18,"minecraft:item_frame":200,"minecraft:tripwire_hook":6,"minecraft:birch_trapdoor":5,"minecraft:white_stained_glass_pane":4,"minecraft:polished_diorite_stairs":63,"minecraft:yellow_banner":8,"minecraft:water_bucket":15,"minecraft:dark_oak_stairs":31,"minecraft:end_rod":314,"minecraft:snow_block":6,"minecraft:polished_andesite":54,"minecraft:cartography_table":4,"minecraft:composter":9,"minecraft:parrot_spawn_egg":29,"minecraft:spruce_fence_gate":1,"minecraft:oak_leaves":994,"minecraft:white_wool":106,"minecraft:orange_carpet":1,"minecraft:yellow_terracotta":18,"minecraft:terracotta":4,"minecraft:vine":5,"minecraft:birch_sign":12,"minecraft:smooth_red_sandstone":2,"minecraft:campfire":1,"minecraft:light_gray_concrete_powder":388,"minecraft:dark_oak_fence_gate":2,"minecraft:painting":10,"minecraft:birch_fence":144,"minecraft:oak_log":210,"minecraft:lever":4,"minecraft:blue_glazed_terracotta":9,"minecraft:flower_pot":2,"minecraft:black_wool":3,"minecraft:diamond_shovel":1,"minecraft:brown_wool":182,"minecraft:map":6,"minecraft:lectern":2,"minecraft:white_glazed_terracotta":20,"minecraft:polished_granite":53,"minecraft:spruce_trapdoor":17,"minecraft:iron_door":5,"minecraft:yellow_wool":98,"minecraft:diamond_sword":39,"minecraft:white_banner":2,"minecraft:dark_oak_fence":1056,"minecraft:bucket":1,"minecraft:glass_pane":2,"minecraft:sea_pickle":3},"minecraft:picked_up":{"minecraft:cocoa_beans":1,"minecraft:oak_stairs":7,"minecraft:armor_stand":2,"minecraft:item_frame":6,"minecraft:oak_sign":1,"minecraft:glass_pane":1,"minecraft:sea_pickle":1,"minecraft:bucket":1,"minecraft:lectern":1,"minecraft:spruce_trapdoor":1,"minecraft:white_glazed_terracotta":1,"minecraft:oak_door":2,"minecraft:birch_trapdoor":2,"minecraft:oak_fence":1,"minecraft:snow_block":1,"minecraft:vine":1,"minecraft:blue_carpet":1,"minecraft:pumpkin_pie":1,"minecraft:bookshelf":1,"minecraft:end_rod":1,"minecraft:white_wool":2,"minecraft:feather":36,"minecraft:iron_door":1,"minecraft:smooth_red_sandstone":1,"minecraft:tripwire_hook":1,"minecraft:water_bucket":2,"minecraft:brown_wool":1,"minecraft:mushroom_stew":1,"minecraft:oak_log":1,"minecraft:prismarine_bricks":3,"minecraft:lantern":3,"minecraft:birch_pressure_plate":1,"minecraft:apple":1,"minecraft:dark_oak_stairs":1,"minecraft:prismarine_brick_stairs":1,"minecraft:white_stained_glass_pane":1,"minecraft:grass_block":1,"minecraft:dark_oak_fence_gate":1,"minecraft:polished_andesite":1,"minecraft:diamond_shovel":1,"minecraft:white_concrete_powder":1,"minecraft:campfire":1,"minecraft:writable_book":2,"minecraft:lever":2,"minecraft:bone_meal":2,"minecraft:painting":1,"minecraft:birch_sign":6,"minecraft:bread":1,"minecraft:spruce_sign":1,"minecraft:terracotta":1,"minecraft:light_gray_carpet":2,"minecraft:dark_oak_fence":2,"minecraft:sunflower":2,"minecraft:oak_leaves":2},"minecraft:dropped":{"minecraft:spruce_sign":1,"minecraft:water_bucket":2,"minecraft:bread":1,"minecraft:vine":1,"minecraft:dark_oak_stairs":1,"minecraft:oak_log":1,"minecraft:bookshelf":1,"minecraft:oak_fence":1,"minecraft:apple":1,"minecraft:prismarine_brick_stairs":1,"minecraft:elytra":1,"minecraft:grass_block":1,"minecraft:mushroom_stew":1,"minecraft:polished_andesite":1,"minecraft:end_rod":1,"minecraft:smooth_red_sandstone":1,"minecraft:dark_oak_fence":2,"minecraft:brown_wool":1,"minecraft:iron_door":1,"minecraft:potion":1,"minecraft:white_stained_glass_pane":1,"minecraft:oak_stairs":7,"minecraft:writable_book":1,"minecraft:pumpkin_pie":1,"minecraft:sunflower":2,"minecraft:tripwire_hook":1,"minecraft:bucket":1,"minecraft:blue_carpet":1,"minecraft:white_wool":2,"minecraft:stone_brick_slab":1,"minecraft:armor_stand":2,"minecraft:oak_door":2,"minecraft:snow_block":1,"minecraft:bricks":1,"minecraft:lever":1,"minecraft:cocoa_beans":1,"minecraft:composter":1,"minecraft:birch_pressure_plate":1,"minecraft:diamond_shovel":1,"minecraft:oak_sign":1,"minecraft:dark_oak_fence_gate":1,"minecraft:glass_pane":1,"minecraft:sandstone_wall":1,"minecraft:sea_pickle":1,"minecraft:birch_trapdoor":2,"minecraft:spruce_trapdoor":2,"minecraft:birch_sign":5,"minecraft:painting":1,"minecraft:beacon":2,"minecraft:campfire":1,"minecraft:prismarine_bricks":3,"minecraft:white_concrete_powder":1,"minecraft:oak_leaves":2,"minecraft:white_glazed_terracotta":1,"minecraft:lectern":1,"minecraft:brown_concrete":1,"minecraft:firework_rocket":1,"minecraft:terracotta":1},"minecraft:custom":{"minecraft:inspect_dropper":2,"minecraft:mob_kills":28,"minecraft:open_barrel":4,"minecraft:open_shulker_box":8,"minecraft:leave_game":31,"minecraft:time_since_death":1520689,"minecraft:climb_one_cm":14933,"minecraft:sprint_one_cm":514536,"minecraft:walk_one_cm":2633764,"minecraft:drop":74,"minecraft:sneak_time":21022,"minecraft:walk_under_water_one_cm":14040,"minecraft:interact_with_lectern":5,"minecraft:jump":1619,"minecraft:walk_on_water_one_cm":4329,"minecraft:interact_with_cartography_table":2,"minecraft:play_one_minute":1520689,"minecraft:interact_with_loom":1,"minecraft:time_since_rest":1520689,"minecraft:open_enderchest":1,"minecraft:damage_dealt":1577,"minecraft:fly_one_cm":10210835,"minecraft:open_chest":14,"minecraft:crouch_one_cm":14878,"minecraft:interact_with_smoker":1,"minecraft:inspect_dispenser":2}},"DataVersion":2230}