{"stats":{"minecraft:crafted":{"minecraft:cauldron":1,"minecraft:creeper_banner_pattern":10,"minecraft:leather_chestplate":2,"minecraft:leather_leggings":1,"minecraft:leather_boots":2,"minecraft:skull_banner_pattern":1,"minecraft:leather_helmet":2},"minecraft:killed":{"minecraft:salmon":2,"minecraft:sheep":15,"minecraft:ravager":1},"minecraft:custom":{"minecraft:interact_with_crafting_table":25,"minecraft:open_shulker_box":89,"minecraft:bell_ring":4,"minecraft:eat_cake_slice":76,"minecraft:leave_game":56,"minecraft:time_since_death":1254543,"minecraft:sprint_one_cm":1604557,"minecraft:drop":131,"minecraft:deaths":3,"minecraft:jump":10723,"minecraft:interact_with_brewingstand":3,"minecraft:walk_on_water_one_cm":232370,"minecraft:interact_with_furnace":26,"minecraft:play_one_minute":4496183,"minecraft:interact_with_loom":134,"minecraft:damage_dealt":2190,"minecraft:crouch_one_cm":88983,"minecraft:interact_with_smoker":3,"minecraft:inspect_dispenser":28,"minecraft:inspect_dropper":1,"minecraft:interact_with_anvil":9,"minecraft:mob_kills":18,"minecraft:inspect_hopper":38,"minecraft:fill_cauldron":2,"minecraft:climb_one_cm":6932,"minecraft:walk_one_cm":13730727,"minecraft:sneak_time":64756,"minecraft:walk_under_water_one_cm":428095,"minecraft:boat_one_cm":1755,"minecraft:interact_with_blast_furnace":14,"minecraft:tune_noteblock":66,"minecraft:pot_flower":29,"minecraft:interact_with_grindstone":8,"minecraft:time_since_rest":1254561,"minecraft:damage_taken":800,"minecraft:trigger_trapped_chest":15,"minecraft:minecart_one_cm":387416,"minecraft:swim_one_cm":212676,"minecraft:fly_one_cm":28291725,"minecraft:open_chest":136,"minecraft:aviate_one_cm":7115548},"minecraft:dropped":{"minecraft:orange_dye":1,"minecraft:creeper_banner_pattern":1,"minecraft:red_wool":1,"minecraft:bedrock":2,"minecraft:black_banner":2,"minecraft:leather_helmet":2,"minecraft:item_frame":1,"minecraft:gray_concrete":4,"minecraft:black_stained_glass_pane":1,"minecraft:yellow_dye":2,"minecraft:white_wool":130,"minecraft:gray_dye":2,"minecraft:dark_oak_door":1,"minecraft:detector_rail":1,"minecraft:pink_dye":1,"minecraft:wheat":1,"minecraft:grindstone":1,"minecraft:lime_dye":1,"minecraft:blue_stained_glass":1,"minecraft:leather_chestplate":3,"minecraft:sea_lantern":1,"minecraft:heavy_weighted_pressure_plate":3,"minecraft:leather_boots":1,"minecraft:leather_leggings":2,"minecraft:white_dye":1,"minecraft:iron_bars":1,"minecraft:black_dye":65,"minecraft:cyan_dye":1,"minecraft:purple_dye":1,"minecraft:grass_block":1,"minecraft:polished_andesite":1,"minecraft:stick":1,"minecraft:lava_bucket":1,"minecraft:cobweb":1,"minecraft:blue_dye":2,"minecraft:green_dye":1,"minecraft:white_concrete":2,"minecraft:map":1,"minecraft:white_banner":14,"minecraft:red_dye":3,"minecraft:paper":55,"minecraft:gray_carpet":3,"minecraft:redstone":5,"minecraft:creeper_head":108,"minecraft:brown_dye":1,"minecraft:chiseled_quartz_block":1,"minecraft:smooth_stone_slab":2,"minecraft:birch_pressure_plate":1,"minecraft:blue_concrete":1,"minecraft:filled_map":28,"minecraft:light_blue_dye":1,"minecraft:diamond_sword":1,"minecraft:cake":2,"minecraft:redstone_torch":2,"minecraft:stone_pressure_plate":2,"minecraft:birch_sign":1,"minecraft:light_gray_dye":2,"minecraft:magenta_dye":2,"minecraft:black_wool":65},"minecraft:picked_up":{"minecraft:wheat":1,"minecraft:redstone_block":2,"minecraft:creeper_head":108,"minecraft:diamond_sword":1,"minecraft:potion":2,"minecraft:blue_concrete":1,"minecraft:string":1,"minecraft:smooth_stone_slab":2,"minecraft:acacia_sign":4,"minecraft:red_dye":127,"minecraft:redstone_torch":55,"minecraft:flower_banner_pattern":1,"minecraft:dark_oak_door":4,"minecraft:stick":1,"minecraft:torch":25,"minecraft:brown_carpet":1,"minecraft:blue_stained_glass":1,"minecraft:black_dye":230,"minecraft:tropical_fish":3,"minecraft:blue_dye":62,"minecraft:green_wool":1,"minecraft:iron_bars":1,"minecraft:leather_chestplate":3,"minecraft:repeater":4,"minecraft:iron_door":1,"minecraft:water_bucket":1,"minecraft:chiseled_quartz_block":1,"minecraft:magenta_dye":1,"minecraft:light_gray_dye":1,"minecraft:gray_concrete":3,"minecraft:lantern":3,"minecraft:leather_boots":1,"minecraft:orange_tulip":1,"minecraft:wheat_seeds":1,"minecraft:grindstone":1,"minecraft:dark_oak_sign":3,"minecraft:powered_rail":1,"minecraft:black_stained_glass_pane":1,"minecraft:lily_of_the_valley":6,"minecraft:dispenser":1,"minecraft:yellow_carpet":2,"minecraft:lever":42,"minecraft:spruce_button":1,"minecraft:white_concrete":2,"minecraft:blue_banner":1,"minecraft:allium":1,"minecraft:purple_wool":2,"minecraft:ladder":11,"minecraft:leather_leggings":2,"minecraft:gold_block":5,"minecraft:shield":1,"minecraft:heavy_weighted_pressure_plate":8,"minecraft:cornflower":8,"minecraft:white_carpet":44,"minecraft:item_frame":66,"minecraft:blue_orchid":1,"minecraft:creeper_banner_pattern":2,"minecraft:detector_rail":3,"minecraft:poppy":3,"minecraft:birch_sapling":2,"minecraft:egg":2,"minecraft:bowl":1,"minecraft:white_dye":126,"minecraft:cake":2,"minecraft:stone_button":47,"minecraft:redstone":102,"minecraft:blue_carpet":79,"minecraft:stone_pressure_plate":5,"minecraft:saddle":1,"minecraft:black_banner":5,"minecraft:white_shulker_box":1,"minecraft:mutton":25,"minecraft:white_wool":146,"minecraft:rail":87,"minecraft:oxeye_daisy":1,"minecraft:yellow_dye":125,"minecraft:birch_planks":1,"minecraft:filled_map":39,"minecraft:bedrock":1,"minecraft:paper":55,"minecraft:white_banner":53,"minecraft:birch_pressure_plate":1,"minecraft:red_carpet":1,"minecraft:gray_carpet":6,"minecraft:iron_ingot":7,"minecraft:cooked_chicken":1,"minecraft:cobweb":1,"minecraft:red_wool":1,"minecraft:dandelion":2,"minecraft:gravel":1,"minecraft:green_carpet":2,"minecraft:leather_helmet":2,"minecraft:white_concrete_powder":1,"minecraft:birch_sign":5,"minecraft:oak_button":15,"minecraft:black_wool":65},"minecraft:used":{"minecraft:peony":10,"minecraft:iron_shovel":21,"minecraft:light_gray_stained_glass_pane":6,"minecraft:smooth_quartz_slab":24,"minecraft:dispenser":7,"minecraft:poppy":19,"minecraft:diamond_hoe":8,"minecraft:ladder":25,"minecraft:oak_sign":6,"minecraft:white_concrete_powder":5,"minecraft:green_banner":5,"minecraft:chest":52,"minecraft:white_shulker_box":12,"minecraft:quartz_stairs":201,"minecraft:bell":4,"minecraft:player_head":5,"minecraft:soul_sand":16,"minecraft:birch_pressure_plate":4,"minecraft:lily_of_the_valley":31,"minecraft:blue_stained_glass":634,"minecraft:brick_slab":96,"minecraft:jungle_planks":29,"minecraft:nether_bricks":1,"minecraft:allium":1,"minecraft:furnace_minecart":1,"minecraft:obsidian":57,"minecraft:glass":1116,"minecraft:cyan_terracotta":451,"minecraft:lava_bucket":1,"minecraft:stripped_dark_oak_wood":5,"minecraft:bricks":15,"minecraft:quartz_pillar":104,"minecraft:quartz_slab":564,"minecraft:red_wool":5,"minecraft:black_stained_glass_pane":268,"minecraft:lantern":12,"minecraft:grass_block":5952,"minecraft:blue_orchid":2,"minecraft:birch_sapling":67,"minecraft:quartz_block":12,"minecraft:green_wool":14,"minecraft:tropical_fish_spawn_egg":3,"minecraft:hopper_minecart":2,"minecraft:pink_wool":98,"minecraft:stone_brick_stairs":813,"minecraft:stone_bricks":5568,"minecraft:blue_banner":5,"minecraft:item_frame":258,"minecraft:bedrock":8,"minecraft:birch_button":10,"minecraft:birch_trapdoor":47,"minecraft:repeater":129,"minecraft:magma_block":2,"minecraft:red_carpet":17,"minecraft:redstone_lamp":84,"minecraft:infested_mossy_stone_bricks":1962,"minecraft:brown_carpet":1,"minecraft:snow":51,"minecraft:blue_shulker_box":6,"minecraft:oak_sapling":1,"minecraft:furnace":5,"minecraft:gold_block":1,"minecraft:skeleton_skull":6,"minecraft:dragon_head":14,"minecraft:end_rod":250,"minecraft:gray_carpet":22,"minecraft:wither_skeleton_skull":1,"minecraft:powered_rail":137,"minecraft:stripped_birch_log":99,"minecraft:red_stained_glass":48,"minecraft:birch_leaves":13,"minecraft:acacia_trapdoor":10,"minecraft:dark_oak_sign":23,"minecraft:oak_planks":86,"minecraft:lily_pad":1,"minecraft:orange_tulip":1,"minecraft:sandstone":1,"minecraft:redstone_block":80,"minecraft:black_glazed_terracotta":1,"minecraft:composter":1,"minecraft:diamond_axe":3,"minecraft:smooth_quartz_stairs":566,"minecraft:white_wool":157,"minecraft:dark_oak_trapdoor":29,"minecraft:loom":9,"minecraft:blast_furnace":17,"minecraft:black_banner":23,"minecraft:yellow_concrete":16,"minecraft:crossbow":1,"minecraft:chiseled_quartz_block":19,"minecraft:note_block":20,"minecraft:stone_brick_wall":3,"minecraft:gray_concrete":10559,"minecraft:end_stone":31,"minecraft:birch_fence":7,"minecraft:redstone_torch":255,"minecraft:sticky_piston":226,"minecraft:lever":94,"minecraft:black_concrete":466,"minecraft:firework_rocket":6,"minecraft:daylight_detector":3,"minecraft:birch_fence_gate":7,"minecraft:acacia_door":3,"minecraft:gray_stained_glass_pane":6,"minecraft:birch_slab":267,"minecraft:light_gray_concrete":383,"minecraft:heavy_weighted_pressure_plate":13,"minecraft:string":54,"minecraft:brown_stained_glass":270,"minecraft:stone_button":90,"minecraft:lectern":5,"minecraft:polished_granite":6,"minecraft:oak_pressure_plate":2,"minecraft:iron_door":31,"minecraft:gravel":193,"minecraft:lilac":66,"minecraft:polished_andesite_slab":37,"minecraft:jungle_sign":5,"minecraft:diamond_sword":25,"minecraft:grindstone":30,"minecraft:white_stained_glass":2410,"minecraft:birch_log":1,"minecraft:pink_stained_glass":11,"minecraft:smooth_stone_slab":3347,"minecraft:chest_minecart":22,"minecraft:oak_boat":1,"minecraft:white_concrete":18677,"minecraft:tropical_fish_bucket":11,"minecraft:bone_meal":249,"minecraft:purple_wool":103,"minecraft:cobweb":14,"minecraft:oak_fence":20,"minecraft:oak_trapdoor":5,"minecraft:trident":2,"minecraft:rose_bush":23,"minecraft:iron_bars":312,"minecraft:flint_and_steel":45,"minecraft:armor_stand":245,"minecraft:redstone":642,"minecraft:light_gray_carpet":6,"minecraft:ender_chest":1,"minecraft:brown_shulker_box":1,"minecraft:netherrack":54,"minecraft:torch":175,"minecraft:light_gray_shulker_box":9,"minecraft:brewing_stand":1,"minecraft:dirt":190,"minecraft:anvil":11,"minecraft:white_carpet":858,"minecraft:hopper":9,"minecraft:nether_quartz_ore":47,"minecraft:yellow_carpet":20,"minecraft:bee_nest":2,"minecraft:jungle_trapdoor":119,"minecraft:dead_brain_coral_block":380,"minecraft:spruce_fence":11,"minecraft:light_blue_stained_glass":13,"minecraft:blue_concrete":322,"minecraft:nether_brick_stairs":2,"minecraft:polished_diorite":11,"minecraft:birch_door":9,"minecraft:purple_banner":7,"minecraft:stone_brick_slab":1267,"minecraft:ravager_spawn_egg":1,"minecraft:sea_lantern":1298,"minecraft:yellow_stained_glass":6,"minecraft:iron_block":23,"minecraft:oak_stairs":28,"minecraft:brick_stairs":3,"minecraft:spruce_button":1,"minecraft:slime_block":29,"minecraft:smooth_quartz":1208,"minecraft:tripwire_hook":10,"minecraft:black_stained_glass":67,"minecraft:magenta_wool":22,"minecraft:iron_trapdoor":139,"minecraft:white_stained_glass_pane":58,"minecraft:podzol":2,"minecraft:minecart":71,"minecraft:infested_cobblestone":43,"minecraft:trapped_chest":11,"minecraft:stone_pressure_plate":13,"minecraft:acacia_planks":22,"minecraft:observer":66,"minecraft:water_bucket":1446,"minecraft:cobblestone_stairs":1,"minecraft:tube_coral_block":15,"minecraft:sandstone_stairs":212,"minecraft:snow_block":759,"minecraft:birch_planks":2408,"minecraft:polished_andesite":1020,"minecraft:lime_wool":4,"minecraft:blue_wool":1120,"minecraft:birch_boat":1,"minecraft:red_mushroom_block":19,"minecraft:cauldron":2,"minecraft:stonecutter":2,"minecraft:sheep_spawn_egg":44,"minecraft:conduit":2,"minecraft:rail":418,"minecraft:comparator":10,"minecraft:oak_slab":1573,"minecraft:tnt":1,"minecraft:crafting_table":6,"minecraft:birch_sign":34,"minecraft:yellow_stained_glass_pane":19,"minecraft:campfire":30,"minecraft:lime_shulker_box":3,"minecraft:painting":130,"minecraft:magenta_carpet":1,"minecraft:cake":23,"minecraft:smoker":3,"minecraft:dark_oak_door":109,"minecraft:purple_stained_glass":46,"minecraft:blue_stained_glass_pane":19,"minecraft:piston":197,"minecraft:flower_pot":55,"minecraft:black_wool":159,"minecraft:activator_rail":1,"minecraft:cornflower":27,"minecraft:oxeye_daisy":2,"minecraft:diamond_shovel":34,"minecraft:acacia_sign":59,"minecraft:oak_button":22,"minecraft:map":74,"minecraft:detector_rail":323,"minecraft:jungle_stairs":82,"minecraft:spruce_trapdoor":7,"minecraft:yellow_wool":7,"minecraft:blue_carpet":529,"minecraft:green_carpet":6,"minecraft:chiseled_stone_bricks":1,"minecraft:green_shulker_box":4,"minecraft:cobblestone":57,"minecraft:white_banner":267,"minecraft:bucket":35,"minecraft:jungle_door":5,"minecraft:red_banner":5,"minecraft:grass_path":5,"minecraft:glass_pane":222,"minecraft:dandelion":15,"minecraft:kelp":6,"minecraft:purple_carpet":3,"minecraft:smooth_stone":336,"minecraft:brown_mushroom_block":8,"minecraft:jukebox":2,"minecraft:birch_stairs":95,"minecraft:green_stained_glass":42}},"DataVersion":2230}