{"stats":{"minecraft:custom":{"minecraft:tune_noteblock":81,"minecraft:play_one_minute":1424107,"minecraft:open_shulker_box":14,"minecraft:pot_flower":4,"minecraft:eat_cake_slice":48,"minecraft:leave_game":15,"minecraft:time_since_death":1424107,"minecraft:climb_one_cm":624,"minecraft:time_since_rest":1424107,"minecraft:sprint_one_cm":209693,"minecraft:walk_one_cm":857572,"minecraft:drop":32,"minecraft:damage_dealt":10,"minecraft:swim_one_cm":28023,"minecraft:fly_one_cm":6889413,"minecraft:open_chest":1,"minecraft:crouch_one_cm":37843,"minecraft:sneak_time":49542,"minecraft:walk_under_water_one_cm":10595,"minecraft:jump":795,"minecraft:walk_on_water_one_cm":16513},"minecraft:dropped":{"minecraft:gray_glazed_terracotta":1,"minecraft:dark_oak_pressure_plate":2,"minecraft:quartz_pillar":1,"minecraft:oxeye_daisy":26,"minecraft:gray_wool":1,"minecraft:spruce_planks":2},"minecraft:picked_up":{"minecraft:dragon_head":1,"minecraft:dark_oak_pressure_plate":2,"minecraft:blue_orchid":99,"minecraft:poppy":11,"minecraft:sheep_spawn_egg":1,"minecraft:quartz_pillar":1,"minecraft:stone_button":1,"minecraft:light_gray_banner":2,"minecraft:tropical_fish":10,"minecraft:oxeye_daisy":2},"minecraft:used":{"minecraft:emerald_ore":15,"minecraft:jack_o_lantern":1,"minecraft:iron_bars":8,"minecraft:water_bucket":28,"minecraft:trident":5,"minecraft:orange_concrete_powder":7,"minecraft:blue_terracotta":25,"minecraft:diorite":15,"minecraft:end_rod":2,"minecraft:tube_coral_fan":2,"minecraft:end_stone_bricks":8,"minecraft:red_sand":5,"minecraft:iron_ore":8,"minecraft:light_blue_glazed_terracotta":19,"minecraft:snow_block":243,"minecraft:melon":53,"minecraft:birch_planks":182,"minecraft:redstone_ore":2,"minecraft:armor_stand":2,"minecraft:acacia_trapdoor":2,"minecraft:dark_oak_sign":1,"minecraft:oak_planks":88,"minecraft:lime_wool":444,"minecraft:poppy":16,"minecraft:birch_wood":11,"minecraft:pink_banner":2,"minecraft:spruce_planks":139,"minecraft:sandstone":28,"minecraft:white_terracotta":719,"minecraft:brown_concrete":13,"minecraft:stone":17,"minecraft:red_mushroom_block":17,"minecraft:stripped_jungle_wood":1323,"minecraft:brown_shulker_box":1,"minecraft:stripped_birch_wood":12,"minecraft:quartz_stairs":38,"minecraft:clay":24,"minecraft:yellow_terracotta":11,"minecraft:gold_ore":14,"minecraft:dark_oak_trapdoor":12,"minecraft:sponge":24,"minecraft:stripped_dark_oak_log":3,"minecraft:green_terracotta":366,"minecraft:dirt":42,"minecraft:nether_bricks":9,"minecraft:white_wool":199,"minecraft:green_glazed_terracotta":42,"minecraft:torch":5,"minecraft:light_gray_banner":5,"minecraft:lime_terracotta":45,"minecraft:mossy_cobblestone":12,"minecraft:diamond_block":4,"minecraft:soul_sand":31,"minecraft:sand":7,"minecraft:gray_concrete":1201,"minecraft:terracotta":25,"minecraft:infested_chiseled_stone_bricks":5,"minecraft:light_blue_concrete":20,"minecraft:yellow_concrete":220,"minecraft:crafting_table":3,"minecraft:cyan_glazed_terracotta":401,"minecraft:orange_glazed_terracotta":64,"minecraft:dark_oak_fence_gate":1,"minecraft:nether_quartz_ore":26,"minecraft:light_blue_wool":13,"minecraft:jungle_planks":386,"minecraft:birch_sign":10,"minecraft:smooth_red_sandstone":1,"minecraft:light_gray_terracotta":17,"minecraft:chiseled_quartz_block":27,"minecraft:campfire":12,"minecraft:crossbow":2,"minecraft:light_gray_glazed_terracotta":121,"minecraft:pink_terracotta":7,"minecraft:purple_terracotta":18,"minecraft:note_block":6,"minecraft:lingering_potion":60,"minecraft:brown_glazed_terracotta":17,"minecraft:granite":9,"minecraft:end_stone":24,"minecraft:cake":8,"minecraft:spruce_log":165,"minecraft:obsidian":2,"minecraft:brown_terracotta":31,"minecraft:birch_fence":12,"minecraft:redstone_torch":3,"minecraft:oak_log":12,"minecraft:piston":2,"minecraft:black_terracotta":26,"minecraft:dark_oak_planks":2,"minecraft:gray_terracotta":20,"minecraft:flower_pot":5,"minecraft:acacia_stairs":5,"minecraft:blue_glazed_terracotta":25,"minecraft:black_wool":381,"minecraft:cyan_terracotta":6,"minecraft:oxeye_daisy":10,"minecraft:bookshelf":6,"minecraft:bricks":14,"minecraft:coal_ore":27,"minecraft:quartz_pillar":6,"minecraft:chiseled_sandstone":53,"minecraft:stripped_jungle_log":3,"minecraft:light_gray_concrete":2,"minecraft:lantern":2,"minecraft:iron_block":111,"minecraft:grass_block":53,"minecraft:blue_orchid":90,"minecraft:acacia_slab":5,"minecraft:stone_button":6,"minecraft:brown_wool":1,"minecraft:smooth_sandstone":170,"minecraft:green_wool":496,"minecraft:lapis_ore":289,"minecraft:white_glazed_terracotta":102,"minecraft:cyan_concrete":40,"minecraft:polished_granite":25,"minecraft:spruce_trapdoor":8,"minecraft:smooth_quartz":92,"minecraft:diamond_ore":55,"minecraft:diorite_wall":5,"minecraft:stone_bricks":3,"minecraft:yellow_wool":503,"minecraft:bedrock":15,"minecraft:light_gray_wool":5,"minecraft:birch_trapdoor":3,"minecraft:coal_block":4,"minecraft:fishing_rod":84,"minecraft:cobblestone":2,"minecraft:redstone_lamp":1,"minecraft:lime_concrete":940,"minecraft:snow":138,"minecraft:hay_block":25,"minecraft:gray_glazed_terracotta":372,"minecraft:yellow_glazed_terracotta":118,"minecraft:dark_oak_fence":5,"minecraft:andesite":3,"minecraft:bucket":20,"minecraft:birch_log":11,"minecraft:lapis_block":431,"minecraft:gold_block":206,"minecraft:acacia_wood":11,"minecraft:white_concrete":37,"minecraft:coarse_dirt":1,"minecraft:dragon_head":7,"minecraft:gray_wool":712,"minecraft:orange_terracotta":4,"minecraft:brown_mushroom_block":1667,"minecraft:lime_glazed_terracotta":226}},"DataVersion":2230}