{"stats":{"minecraft:crafted":{"minecraft:leather_chestplate":1,"minecraft:leather_leggings":1,"minecraft:leather_boots":1},"minecraft:killed":{"minecraft:villager":3},"minecraft:custom":{"minecraft:interact_with_crafting_table":4,"minecraft:open_barrel":4,"minecraft:open_shulker_box":288,"minecraft:bell_ring":12,"minecraft:leave_game":180,"minecraft:time_since_death":22416833,"minecraft:sprint_one_cm":6307782,"minecraft:drop":93,"minecraft:talked_to_villager":20,"minecraft:deaths":1,"minecraft:jump":61829,"minecraft:walk_on_water_one_cm":701089,"minecraft:interact_with_cartography_table":5,"minecraft:play_one_minute":22435203,"minecraft:interact_with_loom":62,"minecraft:damage_dealt":585,"minecraft:interact_with_beacon":1,"minecraft:crouch_one_cm":643993,"minecraft:inspect_dispenser":20,"minecraft:inspect_dropper":3,"minecraft:interact_with_anvil":8,"minecraft:mob_kills":3,"minecraft:fill_cauldron":2,"minecraft:climb_one_cm":44983,"minecraft:walk_one_cm":36908003,"minecraft:sneak_time":669913,"minecraft:walk_under_water_one_cm":1360238,"minecraft:boat_one_cm":668635,"minecraft:interact_with_lectern":28,"minecraft:tune_noteblock":125,"minecraft:time_since_rest":22416924,"minecraft:damage_taken":360,"minecraft:trigger_trapped_chest":5,"minecraft:minecart_one_cm":2075956,"minecraft:swim_one_cm":119732,"minecraft:fly_one_cm":103588336,"minecraft:open_chest":89,"minecraft:fall_one_cm":13196},"minecraft:used":{"minecraft:peony":1,"minecraft:writable_book":46,"minecraft:blue_terracotta":677,"minecraft:red_sand":2,"minecraft:cut_red_sandstone_slab":3,"minecraft:smooth_quartz_slab":624,"minecraft:dispenser":1,"minecraft:red_sandstone_slab":7,"minecraft:spruce_slab":262,"minecraft:ladder":25,"minecraft:poppy":9,"minecraft:bone_block":87,"minecraft:oak_sign":16,"minecraft:black_carpet":344,"minecraft:white_concrete_powder":513,"minecraft:chest":5,"minecraft:white_terracotta":1133,"minecraft:brown_concrete":7,"minecraft:stone":865,"minecraft:stripped_jungle_wood":365,"minecraft:white_shulker_box":30,"minecraft:quartz_stairs":1870,"minecraft:red_nether_brick_stairs":2,"minecraft:grass":122,"minecraft:player_head":5,"minecraft:mossy_stone_brick_slab":47,"minecraft:smooth_sandstone_stairs":29,"minecraft:farmland":7,"minecraft:rotten_flesh":2,"minecraft:chiseled_red_sandstone":3,"minecraft:soul_sand":157,"minecraft:birch_pressure_plate":99,"minecraft:lily_of_the_valley":6,"minecraft:jungle_planks":8,"minecraft:orange_glazed_terracotta":282,"minecraft:nether_bricks":21,"minecraft:prismarine_brick_stairs":15,"minecraft:allium":9,"minecraft:orange_wool":942,"minecraft:pink_terracotta":10,"minecraft:beehive":1,"minecraft:cyan_wool":135,"minecraft:azure_bluet":16,"minecraft:stripped_spruce_log":79,"minecraft:obsidian":103,"minecraft:honey_bottle":10,"minecraft:red_sandstone_stairs":56,"minecraft:glass":2554,"minecraft:packed_ice":119,"minecraft:cyan_terracotta":84,"minecraft:stripped_dark_oak_wood":42,"minecraft:bricks":169,"minecraft:coal_ore":169,"minecraft:quartz_pillar":2194,"minecraft:grass_block":2818,"minecraft:red_wool":560,"minecraft:spruce_wood":6,"minecraft:black_stained_glass_pane":55,"minecraft:lantern":56,"minecraft:blue_orchid":9,"minecraft:quartz_block":29,"minecraft:polished_andesite_stairs":223,"minecraft:green_wool":1612,"minecraft:dark_oak_wood":9,"minecraft:dark_oak_slab":408,"minecraft:gray_concrete_powder":69,"minecraft:dark_oak_button":21,"minecraft:pink_wool":6,"minecraft:stone_brick_stairs":148,"minecraft:stone_bricks":1816,"minecraft:blue_banner":19,"minecraft:item_frame":115,"minecraft:bedrock":32,"minecraft:birch_button":3,"minecraft:repeater":561,"minecraft:red_carpet":13,"minecraft:redstone_lamp":103,"minecraft:infested_mossy_stone_bricks":29,"minecraft:magma_block":4,"minecraft:snow":19,"minecraft:scaffolding":19,"minecraft:hay_block":1,"minecraft:written_book":2,"minecraft:infested_cracked_stone_bricks":1,"minecraft:yellow_glazed_terracotta":129,"minecraft:oak_sapling":51,"minecraft:gold_block":833,"minecraft:egg":1,"minecraft:dark_prismarine_stairs":557,"minecraft:brown_concrete_powder":136,"minecraft:stripped_spruce_wood":32,"minecraft:lime_glazed_terracotta":15,"minecraft:dark_oak_stairs":311,"minecraft:mossy_stone_bricks":64,"minecraft:diorite":202,"minecraft:end_rod":1244,"minecraft:damaged_anvil":11,"minecraft:end_stone_bricks":18,"minecraft:stripped_birch_log":139,"minecraft:infested_stone":12,"minecraft:red_stained_glass":26,"minecraft:gray_carpet":14,"minecraft:powered_rail":81,"minecraft:dark_oak_sign":2,"minecraft:oak_planks":1552,"minecraft:birch_wood":203,"minecraft:orange_tulip":1,"minecraft:polished_diorite_slab":3,"minecraft:cactus":1,"minecraft:lime_concrete_powder":2,"minecraft:mossy_stone_brick_stairs":21,"minecraft:sandstone":5,"minecraft:redstone_block":600,"minecraft:black_glazed_terracotta":3,"minecraft:end_stone_brick_slab":4,"minecraft:clay":355,"minecraft:smooth_quartz_stairs":236,"minecraft:oak_leaves":831,"minecraft:white_wool":9163,"minecraft:dark_oak_trapdoor":3,"minecraft:sand":1605,"minecraft:purpur_stairs":3,"minecraft:yellow_terracotta":469,"minecraft:light_blue_concrete":48,"minecraft:loom":10,"minecraft:light_blue_wool":149,"minecraft:black_banner":69,"minecraft:smooth_red_sandstone":2438,"minecraft:light_gray_terracotta":258,"minecraft:yellow_concrete":147,"minecraft:blue_ice":8631,"minecraft:sponge":113,"minecraft:chiseled_quartz_block":54,"minecraft:purple_terracotta":1,"minecraft:note_block":16,"minecraft:stone_brick_wall":4,"minecraft:gray_concrete":3043,"minecraft:black_concrete_powder":269,"minecraft:end_stone":18,"minecraft:birch_fence":110,"minecraft:redstone_torch":73,"minecraft:sticky_piston":46,"minecraft:black_terracotta":186,"minecraft:lever":90,"minecraft:green_concrete":75,"minecraft:blue_glazed_terracotta":190,"minecraft:red_sandstone":423,"minecraft:black_concrete":1941,"minecraft:chiseled_sandstone":2,"minecraft:birch_fence_gate":17,"minecraft:dark_oak_log":71,"minecraft:birch_slab":1894,"minecraft:light_gray_concrete":1568,"minecraft:heavy_weighted_pressure_plate":14,"minecraft:barrier":3079,"minecraft:brown_wool":32,"minecraft:string":33,"minecraft:stone_button":70,"minecraft:white_glazed_terracotta":226,"minecraft:red_terracotta":272,"minecraft:polished_granite":214,"minecraft:oak_pressure_plate":23,"minecraft:diamond_ore":62,"minecraft:iron_door":15,"minecraft:cut_red_sandstone":1,"minecraft:gravel":96,"minecraft:polished_andesite_slab":19,"minecraft:nether_wart_block":7,"minecraft:smooth_red_sandstone_slab":35,"minecraft:diamond_sword":6,"minecraft:coal_block":1,"minecraft:stripped_oak_wood":815,"minecraft:andesite":134,"minecraft:white_stained_glass":8,"minecraft:green_concrete_powder":7,"minecraft:birch_log":8,"minecraft:pink_stained_glass":52,"minecraft:ice":5,"minecraft:smooth_stone_slab":58,"minecraft:white_concrete":3411,"minecraft:coarse_dirt":59,"minecraft:bone_meal":212,"minecraft:purple_wool":78,"minecraft:oak_fence":202,"minecraft:purpur_block":3,"minecraft:stripped_acacia_wood":24,"minecraft:petrified_oak_slab":1,"minecraft:trident":2,"minecraft:orange_concrete_powder":2,"minecraft:iron_bars":14,"minecraft:enchanting_table":1,"minecraft:acacia_log":14,"minecraft:orange_concrete":1801,"minecraft:dead_bush":7,"minecraft:red_concrete":495,"minecraft:redstone_ore":63,"minecraft:armor_stand":9,"minecraft:redstone":802,"minecraft:light_gray_carpet":53,"minecraft:light_blue_terracotta":273,"minecraft:spruce_planks":8058,"minecraft:brown_shulker_box":48,"minecraft:stripped_birch_wood":1723,"minecraft:stone_hoe":7,"minecraft:torch":393,"minecraft:light_gray_shulker_box":14,"minecraft:dirt":2428,"minecraft:anvil":3,"minecraft:white_carpet":129,"minecraft:nether_quartz_ore":9,"minecraft:spruce_stairs":346,"minecraft:stone_stairs":167,"minecraft:nether_brick_slab":60,"minecraft:light_gray_glazed_terracotta":217,"minecraft:yellow_carpet":13,"minecraft:oak_wood":53,"minecraft:bee_nest":5,"minecraft:spruce_fence":94,"minecraft:granite":71,"minecraft:dead_brain_coral_block":10,"minecraft:blue_concrete":690,"minecraft:nether_brick_stairs":39,"minecraft:polished_diorite":161,"minecraft:fern":2,"minecraft:andesite_wall":9,"minecraft:birch_door":2,"minecraft:stone_brick_slab":221,"minecraft:brown_terracotta":156,"minecraft:dark_oak_planks":4432,"minecraft:sea_lantern":500,"minecraft:red_tulip":1,"minecraft:bookshelf":17,"minecraft:yellow_stained_glass":137,"minecraft:iron_block":644,"minecraft:light_weighted_pressure_plate":28,"minecraft:oak_stairs":2201,"minecraft:smooth_sandstone":3774,"minecraft:spruce_button":1,"minecraft:slime_block":97,"minecraft:acacia_slab":1,"minecraft:jungle_log":3,"minecraft:smooth_quartz":15609,"minecraft:barrel":8,"minecraft:yellow_concrete_powder":15,"minecraft:light_gray_wool":1043,"minecraft:tripwire_hook":11,"minecraft:purple_concrete":750,"minecraft:glowstone":43,"minecraft:lime_concrete":296,"minecraft:black_stained_glass":209,"minecraft:magenta_wool":34,"minecraft:gray_glazed_terracotta":87,"minecraft:emerald_block":21,"minecraft:magenta_terracotta":10,"minecraft:lime_stained_glass":7,"minecraft:podzol":16,"minecraft:minecart":181,"minecraft:acacia_wood":165,"minecraft:stone_pressure_plate":63,"minecraft:acacia_planks":20,"minecraft:orange_terracotta":69,"minecraft:water_bucket":2570,"minecraft:yellow_banner":1,"minecraft:light_blue_shulker_box":4,"minecraft:pink_tulip":7,"minecraft:nether_brick_wall":1,"minecraft:iron_ore":80,"minecraft:pink_glazed_terracotta":1,"minecraft:sandstone_stairs":8,"minecraft:snow_block":2938,"minecraft:prismarine_brick_slab":1,"minecraft:birch_planks":1633,"minecraft:yellow_shulker_box":9,"minecraft:polished_andesite":241,"minecraft:lime_wool":309,"minecraft:red_nether_bricks":3,"minecraft:cartography_table":3,"minecraft:blue_wool":95,"minecraft:andesite_slab":1,"minecraft:smooth_sandstone_slab":35,"minecraft:birch_boat":93,"minecraft:black_shulker_box":13,"minecraft:cut_sandstone":2,"minecraft:blue_concrete_powder":1,"minecraft:cauldron":2,"minecraft:magenta_stained_glass":793,"minecraft:gold_ore":251,"minecraft:cracked_stone_bricks":50,"minecraft:pink_concrete":379,"minecraft:diamond_block":164,"minecraft:rail":483,"minecraft:jungle_wood":4,"minecraft:mossy_cobblestone":48,"minecraft:comparator":397,"minecraft:orange_carpet":116,"minecraft:terracotta":182,"minecraft:stripped_dark_oak_log":5,"minecraft:vine":7,"minecraft:cyan_glazed_terracotta":14,"minecraft:oak_slab":1193,"minecraft:dark_prismarine_slab":438,"minecraft:crafting_table":4,"minecraft:dead_fire_coral_block":1,"minecraft:birch_sign":73,"minecraft:yellow_stained_glass_pane":9,"minecraft:dark_oak_fence_gate":2,"minecraft:light_gray_concrete_powder":518,"minecraft:lime_shulker_box":16,"minecraft:painting":181,"minecraft:brown_glazed_terracotta":83,"minecraft:magenta_carpet":711,"minecraft:infested_stone_bricks":4,"minecraft:smooth_red_sandstone_stairs":33,"minecraft:spruce_log":2,"minecraft:dark_oak_door":2,"minecraft:purple_stained_glass":70,"minecraft:oak_log":18,"minecraft:gray_terracotta":51,"minecraft:dark_prismarine":976,"minecraft:black_wool":945,"minecraft:cornflower":8,"minecraft:acacia_stairs":8,"minecraft:activator_rail":16,"minecraft:apple":2,"minecraft:oxeye_daisy":1,"minecraft:command_block":1001,"minecraft:oak_button":22,"minecraft:map":106,"minecraft:spruce_pressure_plate":58,"minecraft:lapis_ore":146,"minecraft:jungle_stairs":9,"minecraft:detector_rail":58,"minecraft:cyan_concrete":2,"minecraft:magenta_concrete":8233,"minecraft:stone_slab":184,"minecraft:magenta_concrete_powder":3,"minecraft:spruce_trapdoor":1,"minecraft:yellow_wool":463,"minecraft:blue_carpet":13,"minecraft:chiseled_stone_bricks":32,"minecraft:cobblestone":38,"minecraft:potion":46,"minecraft:orange_banner":55,"minecraft:acacia_pressure_plate":8,"minecraft:red_concrete_powder":5,"minecraft:white_banner":132,"minecraft:andesite_stairs":3,"minecraft:bucket":699,"minecraft:red_banner":14,"minecraft:lapis_block":127,"minecraft:glass_pane":722,"minecraft:chain_command_block":1,"minecraft:sandstone_slab":2,"minecraft:pink_shulker_box":3,"minecraft:grass_path":1304,"minecraft:magenta_glazed_terracotta":238,"minecraft:sea_pickle":1,"minecraft:stripped_oak_log":344,"minecraft:dandelion":13,"minecraft:smooth_stone":7,"minecraft:purple_carpet":13,"minecraft:gray_wool":902,"minecraft:jukebox":13,"minecraft:splash_potion":29,"minecraft:birch_stairs":120},"minecraft:dropped":{"minecraft:clay":1,"minecraft:soul_sand":1,"minecraft:birch_planks":1,"minecraft:oak_pressure_plate":1,"minecraft:stripped_birch_wood":1,"minecraft:red_wool":1,"minecraft:black_banner":4,"minecraft:rail":1,"minecraft:gold_block":2,"minecraft:gray_concrete":1,"minecraft:stone_button":1,"minecraft:yellow_dye":1,"minecraft:sunflower":1,"minecraft:sugar":5,"minecraft:dark_oak_planks":3,"minecraft:white_wool":2,"minecraft:lever":1,"minecraft:cooked_chicken":64,"minecraft:yellow_wool":1,"minecraft:black_terracotta":2,"minecraft:rotten_flesh":1,"minecraft:white_concrete_powder":1,"minecraft:polished_granite":1,"minecraft:brown_concrete":1,"minecraft:egg":15,"minecraft:red_stained_glass":1,"minecraft:end_rod":1,"minecraft:iron_block":1,"minecraft:gray_wool":1,"minecraft:smooth_red_sandstone":1,"minecraft:torch":15,"minecraft:repeater":1,"minecraft:nether_wart_block":1,"minecraft:white_concrete":1,"minecraft:smooth_quartz":7,"minecraft:map":1,"minecraft:lapis_ore":1,"minecraft:potion":4,"minecraft:brown_terracotta":1,"minecraft:magenta_glazed_terracotta":1,"minecraft:white_banner":1,"minecraft:redstone_block":2,"minecraft:orange_concrete":2,"minecraft:red_banner":5,"minecraft:birch_pressure_plate":1,"minecraft:comparator":1,"minecraft:magenta_concrete":1,"minecraft:oak_sign":1,"minecraft:glass_pane":2,"minecraft:blue_ice":1,"minecraft:black_wool":1},"minecraft:picked_up":{"minecraft:black_carpet":16,"minecraft:redstone_block":2,"minecraft:light_gray_shulker_box":9,"minecraft:yellow_wool":1,"minecraft:magenta_carpet":52,"minecraft:acacia_pressure_plate":1,"minecraft:potion":3,"minecraft:oak_sign":4,"minecraft:activator_rail":1,"minecraft:black_shulker_box":8,"minecraft:comparator":18,"minecraft:bucket":1,"minecraft:light_weighted_pressure_plate":6,"minecraft:red_dye":62,"minecraft:redstone_torch":14,"minecraft:smooth_quartz":7,"minecraft:stick":14,"minecraft:brown_terracotta":1,"minecraft:torch":56,"minecraft:black_dye":50,"minecraft:rotten_flesh":1,"minecraft:brown_shulker_box":5,"minecraft:iron_block":1,"minecraft:end_rod":2,"minecraft:repeater":34,"minecraft:orange_carpet":64,"minecraft:map":1,"minecraft:lantern":14,"minecraft:powered_rail":10,"minecraft:oak_planks":7,"minecraft:black_terracotta":2,"minecraft:oak_pressure_plate":1,"minecraft:sand":98,"minecraft:light_blue_shulker_box":3,"minecraft:sugar":4,"minecraft:clay":1,"minecraft:black_concrete":1,"minecraft:lever":11,"minecraft:blue_ice":2,"minecraft:white_concrete":1,"minecraft:oak_sapling":13,"minecraft:light_gray_carpet":3,"minecraft:magenta_glazed_terracotta":1,"minecraft:allium":1,"minecraft:chicken":1,"minecraft:ladder":2,"minecraft:gold_block":2,"minecraft:orange_banner":6,"minecraft:heavy_weighted_pressure_plate":2,"minecraft:orange_concrete":2,"minecraft:white_carpet":4,"minecraft:item_frame":22,"minecraft:glass_pane":2,"minecraft:poppy":1,"minecraft:spruce_slab":6,"minecraft:minecart":3,"minecraft:egg":15,"minecraft:lime_shulker_box":8,"minecraft:stone":3,"minecraft:stone_button":33,"minecraft:redstone":115,"minecraft:blue_carpet":4,"minecraft:stone_pressure_plate":14,"minecraft:dark_oak_planks":3,"minecraft:black_banner":25,"minecraft:white_shulker_box":11,"minecraft:white_wool":2,"minecraft:rail":60,"minecraft:lapis_ore":1,"minecraft:yellow_shulker_box":3,"minecraft:dark_oak_button":1,"minecraft:smooth_red_sandstone":1,"minecraft:magenta_banner":54,"minecraft:yellow_dye":1,"minecraft:birch_planks":7,"minecraft:filled_map":11,"minecraft:brown_concrete":1,"minecraft:nether_wart_block":1,"minecraft:white_banner":25,"minecraft:birch_pressure_plate":11,"minecraft:red_carpet":24,"minecraft:gray_carpet":5,"minecraft:apple":4,"minecraft:cooked_chicken":64,"minecraft:scaffolding":3,"minecraft:oak_slab":1402,"minecraft:red_wool":1,"minecraft:dandelion":2,"minecraft:red_banner":21,"minecraft:red_stained_glass":1,"minecraft:white_concrete_powder":1,"minecraft:birch_sign":5,"minecraft:gray_wool":1,"minecraft:oak_button":6,"minecraft:black_wool":1,"minecraft:magenta_concrete":1,"minecraft:sunflower":1}},"DataVersion":2230}