{"stats":{"minecraft:dropped":{"minecraft:blue_terracotta":1,"minecraft:oak_planks":1,"minecraft:command_block":3,"minecraft:sheep_spawn_egg":1,"minecraft:white_terracotta":1,"minecraft:white_shulker_box":6,"minecraft:oak_sign":2,"minecraft:grass_block":7,"minecraft:item_frame":7,"minecraft:emerald":1,"minecraft:filled_map":1,"minecraft:stone":7,"minecraft:packed_ice":1,"minecraft:stone_button":1,"minecraft:spruce_trapdoor":1,"minecraft:white_concrete":1,"minecraft:writable_book":1,"minecraft:sand":2,"minecraft:stripped_spruce_wood":1,"minecraft:white_wool":1},"minecraft:used":{"minecraft:writable_book":20,"minecraft:sandstone_stairs":201,"minecraft:snow_block":2,"minecraft:andesite_slab":52,"minecraft:zombie_villager_spawn_egg":1,"minecraft:lime_wool":10,"minecraft:oak_planks":1,"minecraft:birch_wood":89,"minecraft:oak_sign":34,"minecraft:light_blue_terracotta":1,"minecraft:stone":153,"minecraft:white_shulker_box":1,"minecraft:sheep_spawn_egg":33,"minecraft:stripped_birch_wood":1,"minecraft:clay":54,"minecraft:white_wool":628,"minecraft:dirt":1,"minecraft:sand":82,"minecraft:blue_stained_glass":16,"minecraft:dead_fire_coral_block":1,"minecraft:light_blue_wool":222,"minecraft:birch_sign":22,"minecraft:blue_ice":2,"minecraft:cyan_wool":2,"minecraft:dead_brain_coral_block":1,"minecraft:packed_ice":45,"minecraft:firework_rocket":15,"minecraft:villager_spawn_egg":12,"minecraft:command_block":12,"minecraft:acacia_slab":52,"minecraft:iron_block":2,"minecraft:grass_block":82,"minecraft:stone_button":13,"minecraft:oak_button":3,"minecraft:lectern":3,"minecraft:stone_slab":31,"minecraft:smooth_quartz":1031,"minecraft:item_frame":2,"minecraft:blue_carpet":2,"minecraft:magenta_wool":1,"minecraft:written_book":9,"minecraft:furnace":2,"minecraft:stripped_oak_wood":1,"minecraft:minecart":3,"minecraft:sandstone_slab":47,"minecraft:sea_pickle":78,"minecraft:white_concrete":318,"minecraft:gray_wool":14,"minecraft:splash_potion":7,"minecraft:stripped_spruce_wood":2},"minecraft:picked_up":{"minecraft:splash_potion":1,"minecraft:packed_ice":1,"minecraft:filled_map":4,"minecraft:potion":1,"minecraft:stripped_spruce_wood":1,"minecraft:cornflower":2,"minecraft:string":1,"minecraft:name_tag":1,"minecraft:item_frame":9,"minecraft:cooked_mutton":3,"minecraft:oak_sign":1,"minecraft:gray_carpet":1,"minecraft:sea_pickle":7,"minecraft:cooked_chicken":1,"minecraft:written_book":1,"minecraft:blue_shulker_box":1,"minecraft:spruce_trapdoor":1,"minecraft:book":1,"minecraft:oak_slab":3,"minecraft:milk_bucket":1,"minecraft:stone":2,"minecraft:torch":1,"minecraft:sand":2,"minecraft:stone_button":4,"minecraft:trident":1,"minecraft:grass_block":5,"minecraft:rotten_flesh":2,"minecraft:honey_bottle":1,"minecraft:command_block":2,"minecraft:sugar":1,"minecraft:writable_book":7,"minecraft:birch_sign":2,"minecraft:white_concrete":1,"minecraft:emerald":1,"minecraft:white_terracotta":1,"minecraft:petrified_oak_slab":1,"minecraft:white_shulker_box":16,"minecraft:white_wool":1,"minecraft:ender_pearl":1},"minecraft:custom":{"minecraft:interact_with_furnace":1,"minecraft:interact_with_anvil":4,"minecraft:open_barrel":2,"minecraft:play_one_minute":5883450,"minecraft:open_shulker_box":77,"minecraft:bell_ring":32,"minecraft:eat_cake_slice":7,"minecraft:leave_game":146,"minecraft:time_since_death":543344,"minecraft:climb_one_cm":23516,"minecraft:time_since_rest":543375,"minecraft:sprint_one_cm":2645110,"minecraft:damage_taken":1200,"minecraft:walk_one_cm":4036196,"minecraft:trigger_trapped_chest":2,"minecraft:drop":46,"minecraft:minecart_one_cm":50003,"minecraft:damage_dealt":169,"minecraft:swim_one_cm":5780,"minecraft:fly_one_cm":19754755,"minecraft:open_chest":30,"minecraft:crouch_one_cm":27862,"minecraft:deaths":6,"minecraft:sneak_time":67119,"minecraft:walk_under_water_one_cm":136773,"minecraft:boat_one_cm":8350,"minecraft:interact_with_lectern":37,"minecraft:jump":3146,"minecraft:walk_on_water_one_cm":35868,"minecraft:fall_one_cm":15642}},"DataVersion":2230}