{"stats":{"minecraft:dropped":{"minecraft:porkchop":85,"minecraft:lapis_lazuli":112,"minecraft:cyan_glazed_terracotta":1,"minecraft:crafting_table":3,"minecraft:sandstone_stairs":1,"minecraft:crossbow":1,"minecraft:dark_oak_slab":2,"minecraft:orange_tulip":60,"minecraft:cookie":1,"minecraft:dark_oak_button":1,"minecraft:cracked_stone_bricks":3,"minecraft:saddle":1,"minecraft:quartz_pillar":4,"minecraft:purpur_stairs":1,"minecraft:brown_banner":67,"minecraft:rail":1,"minecraft:cut_sandstone_slab":1,"minecraft:leather_helmet":1,"minecraft:red_carpet":2,"minecraft:item_frame":195,"minecraft:gold_block":82,"minecraft:red_shulker_box":5,"minecraft:dirt":6,"minecraft:melon":1,"minecraft:grass":1,"minecraft:birch_fence":1,"minecraft:stone_button":18,"minecraft:dark_oak_fence":115,"minecraft:yellow_dye":329,"minecraft:dark_oak_trapdoor":2,"minecraft:stripped_dark_oak_wood":3,"minecraft:writable_book":28,"minecraft:acacia_fence_gate":1,"minecraft:bone_meal":70,"minecraft:bone_block":2,"minecraft:sand":448,"minecraft:sugar":1,"minecraft:purple_wool":3,"minecraft:dark_oak_planks":10,"minecraft:fishing_rod":1,"minecraft:white_wool":15,"minecraft:birch_stairs":5,"minecraft:gray_dye":344,"minecraft:cyan_carpet":1,"minecraft:end_crystal":180,"minecraft:green_wool":1,"minecraft:bone":1,"minecraft:oak_door":5,"minecraft:pink_concrete":2,"minecraft:note_block":5,"minecraft:dark_oak_door":1,"minecraft:magenta_banner":12,"minecraft:emerald_block":3,"minecraft:diamond_block":1,"minecraft:lever":20,"minecraft:golden_chestplate":1,"minecraft:gray_banner":11,"minecraft:black_carpet":2,"minecraft:pink_dye":197,"minecraft:wheat":1,"minecraft:blue_wool":9,"minecraft:obsidian":1,"minecraft:rotten_flesh":151,"minecraft:grindstone":4,"minecraft:oak_planks":6,"minecraft:pink_carpet":1,"minecraft:lime_dye":91,"minecraft:end_stone":11,"minecraft:light_gray_carpet":3,"minecraft:green_banner":75,"minecraft:blaze_powder":71,"minecraft:azure_bluet":65,"minecraft:jungle_trapdoor":4,"minecraft:salmon":4,"minecraft:blue_stained_glass":3,"minecraft:acacia_button":4,"minecraft:yellow_stained_glass_pane":1,"minecraft:firework_star":1,"minecraft:sea_lantern":7,"minecraft:skull_banner_pattern":8,"minecraft:orange_banner":14,"minecraft:jungle_stairs":1,"minecraft:quartz_block":9,"minecraft:honey_block":1,"minecraft:jungle_log":4,"minecraft:hopper":2,"minecraft:leather_boots":4,"minecraft:ladder":4,"minecraft:yellow_banner":183,"minecraft:leather_leggings":2,"minecraft:painting":72,"minecraft:spruce_slab":2,"minecraft:white_dye":741,"minecraft:red_nether_bricks":1,"minecraft:end_stone_bricks":1,"minecraft:glass":9,"minecraft:campfire":2,"minecraft:podzol":73,"minecraft:stone_brick_stairs":2,"minecraft:acacia_fence":1,"minecraft:lectern":6,"minecraft:iron_ingot":1,"minecraft:orange_shulker_box":6,"minecraft:wolf_spawn_egg":65,"minecraft:black_dye":219,"minecraft:wheat_seeds":1,"minecraft:tnt":1,"minecraft:horn_coral_block":1,"minecraft:creeper_spawn_egg":2,"minecraft:light_gray_stained_glass_pane":1,"minecraft:oak_fence":1,"minecraft:cobblestone":3,"minecraft:purple_concrete":2,"minecraft:granite":5,"minecraft:spruce_button":2,"minecraft:command_block":1,"minecraft:red_stained_glass":2,"minecraft:sheep_spawn_egg":1,"minecraft:spruce_door":1,"minecraft:stripped_jungle_log":3,"minecraft:purple_dye":193,"minecraft:chainmail_helmet":1,"minecraft:coal_block":2,"minecraft:yellow_carpet":2,"minecraft:mushroom_stew":1,"minecraft:lime_banner":5,"minecraft:end_rod":20,"minecraft:polished_andesite":8,"minecraft:pufferfish":1,"minecraft:acacia_sign":1,"minecraft:oxeye_daisy":23,"minecraft:lava_bucket":2,"minecraft:cobweb":1,"minecraft:dried_kelp_block":2,"minecraft:gray_wool":1,"minecraft:iron_trapdoor":2,"minecraft:sponge":1,"minecraft:gray_bed":2,"minecraft:yellow_glazed_terracotta":2,"minecraft:lapis_ore":3,"minecraft:potion":2,"minecraft:dead_bush":2,"minecraft:stripped_birch_log":6,"minecraft:oak_stairs":1,"minecraft:white_banner":553,"minecraft:red_dye":371,"minecraft:smooth_stone":8,"minecraft:iron_shovel":1,"minecraft:paper":1,"minecraft:string":4,"minecraft:smooth_sandstone":1,"minecraft:trapped_chest":3,"minecraft:lily_pad":1,"minecraft:blue_carpet":1,"minecraft:acacia_planks":3,"minecraft:red_nether_brick_wall":1,"minecraft:magenta_shulker_box":5,"minecraft:pink_stained_glass_pane":1,"minecraft:stone_brick_slab":2,"minecraft:snow_block":1,"minecraft:furnace":5,"minecraft:bricks":7,"minecraft:brick_wall":1,"minecraft:green_terracotta":2,"minecraft:player_head":1,"minecraft:polished_diorite_slab":1,"minecraft:sticky_piston":6,"minecraft:orange_concrete":1,"minecraft:red_banner":145,"minecraft:white_carpet":6,"minecraft:slime_block":2,"minecraft:stone_slab":1,"minecraft:name_tag":49,"minecraft:light_gray_concrete":11,"minecraft:white_terracotta":5,"minecraft:magenta_concrete":1,"minecraft:white_shulker_box":71,"minecraft:orange_wool":4,"minecraft:nether_bricks":5,"minecraft:spruce_fence":5,"minecraft:oak_sign":2,"minecraft:diamond_sword":7,"minecraft:light_blue_dye":138,"minecraft:cobblestone_slab":1,"minecraft:hay_block":1,"minecraft:brain_coral_block":2,"minecraft:stone":6,"minecraft:sea_pickle":2,"minecraft:flower_pot":2,"minecraft:allium":2,"minecraft:spruce_trapdoor":195,"minecraft:spruce_planks":13,"minecraft:blue_banner":290,"minecraft:light_blue_carpet":2,"minecraft:pink_shulker_box":5,"minecraft:redstone_torch":112,"minecraft:barrel":8,"minecraft:stone_pressure_plate":1,"minecraft:stone_bricks":3,"minecraft:brown_carpet":2,"minecraft:light_gray_dye":178,"minecraft:rabbit_stew":1,"minecraft:blue_orchid":1,"minecraft:bow":5,"minecraft:magenta_dye":145,"minecraft:red_tulip":62,"minecraft:bell":2,"minecraft:green_concrete_powder":1,"minecraft:brick_slab":1,"minecraft:black_wool":5,"minecraft:pink_concrete_powder":1,"minecraft:quartz_slab":3,"minecraft:nether_brick_stairs":173,"minecraft:gold_ore":512,"minecraft:spruce_sign":1,"minecraft:daylight_detector":1,"minecraft:soul_sand":1,"minecraft:birch_planks":9,"minecraft:dark_oak_stairs":6,"minecraft:diamond_axe":7,"minecraft:orange_dye":299,"minecraft:polished_granite_slab":1,"minecraft:oak_log":135,"minecraft:loom":28,"minecraft:lime_shulker_box":5,"minecraft:jungle_fence":1,"minecraft:stripped_birch_wood":4,"minecraft:lime_terracotta":1,"minecraft:flower_banner_pattern":6,"minecraft:lantern":7,"minecraft:creeper_banner_pattern":6,"minecraft:jungle_planks":1,"minecraft:red_wool":70,"minecraft:bedrock":2,"minecraft:black_banner":128,"minecraft:birch_slab":4,"minecraft:orange_glazed_terracotta":1,"minecraft:spruce_leaves":1,"minecraft:cyan_terracotta":1,"minecraft:redstone_lamp":3,"minecraft:dark_oak_log":4,"minecraft:orange_carpet":1,"minecraft:polished_diorite_stairs":2,"minecraft:jungle_button":2,"minecraft:mojang_banner_pattern":6,"minecraft:cornflower":18,"minecraft:mutton":110,"minecraft:dark_oak_wood":4,"minecraft:seagrass":3,"minecraft:snowball":108,"minecraft:light_gray_banner":49,"minecraft:pumpkin_pie":148,"minecraft:jungle_sign":4,"minecraft:wet_sponge":1,"minecraft:light_blue_banner":36,"minecraft:birch_log":1,"minecraft:brown_mushroom_block":64,"minecraft:cauldron":2,"minecraft:armor_stand":6,"minecraft:honeycomb_block":61,"minecraft:gravel":2,"minecraft:white_tulip":1,"minecraft:andesite_slab":1,"minecraft:yellow_wool":15,"minecraft:smooth_sandstone_stairs":1,"minecraft:lime_wool":5,"minecraft:purple_banner":24,"minecraft:beehive":6,"minecraft:cooked_mutton":154,"minecraft:honey_bottle":7,"minecraft:acacia_stairs":1,"minecraft:infested_stone_bricks":1,"minecraft:carrot":2,"minecraft:mushroom_stem":4,"minecraft:poppy":1,"minecraft:oak_fence_gate":1,"minecraft:leather_chestplate":6,"minecraft:gunpowder":11,"minecraft:birch_trapdoor":2,"minecraft:cyan_banner":26,"minecraft:skeleton_skull":17,"minecraft:oak_wood":317,"minecraft:acacia_slab":1,"minecraft:glowstone":4,"minecraft:bee_nest":1,"minecraft:birch_door":4,"minecraft:chest":18,"minecraft:iron_ore":189,"minecraft:birch_button":2,"minecraft:iron_bars":4,"minecraft:gray_shulker_box":1,"minecraft:cyan_concrete":3,"minecraft:powered_rail":2,"minecraft:prismarine_bricks":65,"minecraft:chain_command_block":1,"minecraft:light_gray_concrete_powder":3,"minecraft:polished_granite":29,"minecraft:splash_potion":3,"minecraft:netherrack":2,"minecraft:enchanting_table":1,"minecraft:water_bucket":2,"minecraft:bread":13,"minecraft:purple_terracotta":186,"minecraft:oak_slab":6,"minecraft:magenta_carpet":1,"minecraft:chorus_flower":5,"minecraft:mossy_cobblestone":4,"minecraft:smithing_table":1,"minecraft:minecart":3,"minecraft:bookshelf":1,"minecraft:yellow_concrete":63,"minecraft:cyan_dye":203,"minecraft:lead":4,"minecraft:andesite_wall":1,"minecraft:observer":4,"minecraft:hopper_minecart":1,"minecraft:nether_brick_wall":192,"minecraft:spruce_stairs":5,"minecraft:acacia_log":4,"minecraft:acacia_trapdoor":2,"minecraft:grass_block":5,"minecraft:stick":17,"minecraft:spruce_fence_gate":43,"minecraft:iron_block":22,"minecraft:blue_dye":250,"minecraft:light_blue_stained_glass":1,"minecraft:brewing_stand":1,"minecraft:torch":40,"minecraft:green_dye":100,"minecraft:light_blue_wool":4,"minecraft:repeater":23,"minecraft:nether_wart_block":5,"minecraft:smooth_quartz":11,"minecraft:white_concrete":24,"minecraft:light_gray_shulker_box":1,"minecraft:brown_wool":3,"minecraft:yellow_shulker_box":6,"minecraft:iron_door":3,"minecraft:jungle_door":2,"minecraft:zombie_head":2,"minecraft:light_gray_stained_glass":3,"minecraft:fire_charge":4,"minecraft:green_carpet":3,"minecraft:pink_banner":18,"minecraft:polished_andesite_stairs":2,"minecraft:orange_bed":1,"minecraft:light_blue_stained_glass_pane":1,"minecraft:tripwire_hook":1,"minecraft:bucket":4,"minecraft:lapis_block":5,"minecraft:redstone_block":3,"minecraft:redstone":151,"minecraft:polished_diorite":3,"minecraft:farmland":2,"minecraft:red_concrete":2,"minecraft:anvil":7,"minecraft:blue_terracotta":1,"minecraft:kelp":13,"minecraft:brown_dye":192,"minecraft:gray_stained_glass":2,"minecraft:oak_trapdoor":5,"minecraft:dragon_head":2,"minecraft:dark_prismarine_stairs":1,"minecraft:nether_wart":1,"minecraft:chiseled_quartz_block":1,"minecraft:lime_concrete":1,"minecraft:wither_skeleton_skull":1,"minecraft:light_gray_wool":3,"minecraft:smoker":1,"minecraft:stripped_oak_log":64,"minecraft:ender_eye":126,"minecraft:stripped_acacia_wood":3,"minecraft:skeleton_spawn_egg":2,"minecraft:glass_pane":4,"minecraft:flint_and_steel":1,"minecraft:red_nether_brick_stairs":1,"minecraft:filled_map":38,"minecraft:snow":3,"minecraft:orange_terracotta":72,"minecraft:quartz_stairs":4,"minecraft:cake":1,"minecraft:mossy_stone_bricks":194,"minecraft:pink_wool":4,"minecraft:end_portal_frame":1,"minecraft:birch_sign":65,"minecraft:brain_coral":63,"minecraft:gray_concrete_powder":2,"minecraft:slime_ball":1,"minecraft:spruce_log":1,"minecraft:beacon":7,"minecraft:purple_shulker_box":3,"minecraft:stone_pickaxe":7,"minecraft:globe_banner_pattern":7,"minecraft:light_blue_terracotta":3,"minecraft:white_stained_glass":2,"minecraft:light_blue_shulker_box":8,"minecraft:magenta_terracotta":1},"minecraft:killed":{"minecraft:skeleton":1,"minecraft:cat":14,"minecraft:zombie":8,"minecraft:ocelot":1,"minecraft:spider":4,"minecraft:wolf":4,"minecraft:pig":1,"minecraft:creeper":15,"minecraft:sheep":216,"minecraft:stray":1},"minecraft:used":{"minecraft:peony":2,"minecraft:writable_book":204,"minecraft:jack_o_lantern":12,"minecraft:polished_granite_stairs":2,"minecraft:cut_red_sandstone_slab":20,"minecraft:smooth_quartz_slab":931,"minecraft:dead_horn_coral_block":584,"minecraft:dispenser":34,"minecraft:spruce_slab":3108,"minecraft:ladder":201,"minecraft:dead_brain_coral":3,"minecraft:poppy":392,"minecraft:black_carpet":113,"minecraft:green_banner":163,"minecraft:chest":121,"minecraft:brown_concrete":98,"minecraft:stone":2459,"minecraft:white_shulker_box":206,"minecraft:quartz_stairs":1366,"minecraft:red_nether_brick_stairs":56,"minecraft:farmland":1,"minecraft:chiseled_red_sandstone":17,"minecraft:soul_sand":251,"minecraft:lily_of_the_valley":111,"minecraft:skeleton_spawn_egg":2,"minecraft:brick_slab":449,"minecraft:blue_stained_glass":774,"minecraft:orange_wool":708,"minecraft:jungle_slab":937,"minecraft:allium":208,"minecraft:acacia_sapling":1,"minecraft:acacia_button":43,"minecraft:azure_bluet":6,"minecraft:stripped_spruce_log":438,"minecraft:spruce_boat":10,"minecraft:packed_ice":181,"minecraft:honey_block":166,"minecraft:lava_bucket":39,"minecraft:stripped_dark_oak_wood":65,"minecraft:quartz_pillar":713,"minecraft:lime_banner":11,"minecraft:jungle_fence_gate":4,"minecraft:red_wool":1622,"minecraft:black_stained_glass_pane":155,"minecraft:grass_block":1564,"minecraft:birch_sapling":93,"minecraft:polished_andesite_stairs":255,"minecraft:orange_shulker_box":48,"minecraft:quartz_block":1302,"minecraft:wet_sponge":49,"minecraft:dark_oak_leaves":288,"minecraft:dark_oak_slab":3367,"minecraft:dark_oak_button":29,"minecraft:diorite_wall":220,"minecraft:pink_wool":3545,"minecraft:stone_brick_stairs":2304,"minecraft:blue_banner":201,"minecraft:rabbit_stew":2,"minecraft:red_stained_glass_pane":240,"minecraft:snow":457,"minecraft:bow":119,"minecraft:furnace":71,"minecraft:yellow_glazed_terracotta":53,"minecraft:oak_sapling":16,"minecraft:acacia_fence":88,"minecraft:dragon_head":2,"minecraft:end_stone_brick_stairs":85,"minecraft:gray_banner":92,"minecraft:dark_prismarine_stairs":789,"minecraft:magenta_shulker_box":28,"minecraft:seagrass":22,"minecraft:brown_concrete_powder":1,"minecraft:lime_glazed_terracotta":14,"minecraft:light_blue_carpet":127,"minecraft:mossy_stone_bricks":453,"minecraft:diorite":10,"minecraft:damaged_anvil":6,"minecraft:end_stone_bricks":432,"minecraft:spruce_door":88,"minecraft:brick_wall":2592,"minecraft:stripped_birch_log":569,"minecraft:infested_stone":8,"minecraft:chorus_fruit":1,"minecraft:red_stained_glass":104,"minecraft:acacia_trapdoor":215,"minecraft:powered_rail":316,"minecraft:prismarine":14,"minecraft:lily_pad":19,"minecraft:orange_tulip":467,"minecraft:lime_concrete_powder":3,"minecraft:mossy_stone_brick_stairs":15,"minecraft:black_glazed_terracotta":11,"minecraft:composter":15,"minecraft:parrot_spawn_egg":1,"minecraft:clay":87,"minecraft:purpur_pillar":100,"minecraft:oak_leaves":233,"minecraft:smooth_quartz_stairs":489,"minecraft:cookie":1,"minecraft:dark_oak_trapdoor":134,"minecraft:sand":183,"minecraft:purpur_stairs":1205,"minecraft:cut_sandstone_slab":105,"minecraft:blast_furnace":7,"minecraft:smooth_red_sandstone":55,"minecraft:acacia_leaves":88,"minecraft:blue_ice":1,"minecraft:purple_terracotta":666,"minecraft:chiseled_quartz_block":4447,"minecraft:gray_concrete":130,"minecraft:black_concrete_powder":1,"minecraft:red_sandstone_wall":33,"minecraft:birch_fence":570,"minecraft:red_sandstone":192,"minecraft:chiseled_sandstone":61,"minecraft:birch_slab":577,"minecraft:gray_stained_glass_pane":219,"minecraft:stone_button":366,"minecraft:cyan_carpet":72,"minecraft:white_glazed_terracotta":1,"minecraft:lectern":74,"minecraft:red_terracotta":243,"minecraft:polished_granite":371,"minecraft:cut_red_sandstone":503,"minecraft:cat_spawn_egg":9,"minecraft:lilac":4,"minecraft:polished_andesite_slab":68,"minecraft:pufferfish":2,"minecraft:magenta_stained_glass_pane":14,"minecraft:coal_block":93,"minecraft:nether_wart_block":1384,"minecraft:diamond_sword":323,"minecraft:dark_oak_fence":1232,"minecraft:smithing_table":54,"minecraft:white_stained_glass":1086,"minecraft:bubble_coral_block":2,"minecraft:green_concrete_powder":5,"minecraft:birch_log":849,"minecraft:pink_stained_glass":614,"minecraft:ice":39,"minecraft:purple_wool":881,"minecraft:diorite_slab":97,"minecraft:gray_stained_glass":901,"minecraft:diorite_stairs":20,"minecraft:stripped_acacia_wood":361,"minecraft:oak_trapdoor":287,"minecraft:iron_bars":4288,"minecraft:enchanting_table":44,"minecraft:dead_tube_coral_block":172,"minecraft:acacia_log":489,"minecraft:orange_concrete":383,"minecraft:dead_bush":5,"minecraft:red_concrete":2114,"minecraft:armor_stand":320,"minecraft:mycelium":3,"minecraft:light_gray_carpet":711,"minecraft:torch":1763,"minecraft:sandstone_wall":86,"minecraft:green_glazed_terracotta":16,"minecraft:orange_bed":13,"minecraft:netherrack":1766,"minecraft:orange_stained_glass":10,"minecraft:light_gray_shulker_box":1,"minecraft:brewing_stand":24,"minecraft:anvil":199,"minecraft:chorus_flower":3,"minecraft:nether_quartz_ore":395,"minecraft:oak_fence_gate":11,"minecraft:light_gray_glazed_terracotta":64,"minecraft:stone_stairs":51,"minecraft:fern":17,"minecraft:nether_brick_slab":364,"minecraft:blue_concrete":38,"minecraft:polished_granite_slab":39,"minecraft:yellow_carpet":308,"minecraft:dead_brain_coral_block":60,"minecraft:jungle_trapdoor":79,"minecraft:nether_brick_stairs":286,"minecraft:polished_diorite":284,"minecraft:red_shulker_box":23,"minecraft:sea_lantern":3779,"minecraft:chipped_anvil":5,"minecraft:cyan_shulker_box":1,"minecraft:spruce_button":22,"minecraft:iron_block":10233,"minecraft:brick_stairs":516,"minecraft:slime_block":185,"minecraft:jungle_log":45,"minecraft:smooth_quartz":2277,"minecraft:pink_stained_glass_pane":593,"minecraft:barrel":507,"minecraft:bamboo":18,"minecraft:tripwire_hook":50,"minecraft:purple_concrete":500,"minecraft:glowstone":246,"minecraft:lime_concrete":193,"minecraft:magenta_wool":449,"minecraft:tall_grass":469,"minecraft:gray_glazed_terracotta":10,"minecraft:iron_trapdoor":1067,"minecraft:magenta_terracotta":337,"minecraft:podzol":25041,"minecraft:acacia_wood":14,"minecraft:trapped_chest":32,"minecraft:dead_bubble_coral_fan":38,"minecraft:acacia_planks":1170,"minecraft:observer":552,"minecraft:orange_terracotta":121,"minecraft:water_bucket":247,"minecraft:yellow_banner":121,"minecraft:light_blue_shulker_box":24,"minecraft:nether_brick_wall":208,"minecraft:light_blue_glazed_terracotta":6,"minecraft:sandstone_stairs":276,"minecraft:prismarine_brick_slab":71,"minecraft:birch_planks":4165,"minecraft:lead":4,"minecraft:yellow_shulker_box":34,"minecraft:lime_wool":4259,"minecraft:cartography_table":28,"minecraft:red_mushroom_block":5,"minecraft:cauldron":109,"minecraft:fletching_table":2,"minecraft:sheep_spawn_egg":10,"minecraft:spruce_fence_gate":18,"minecraft:cracked_stone_bricks":630,"minecraft:pink_concrete":1014,"minecraft:diamond_block":56,"minecraft:orange_carpet":162,"minecraft:light_gray_banner":115,"minecraft:lime_terracotta":1091,"minecraft:comparator":206,"minecraft:cyan_glazed_terracotta":57,"minecraft:vine":478,"minecraft:mossy_cobblestone":1301,"minecraft:rail":189,"minecraft:tnt":26,"minecraft:crafting_table":28,"minecraft:oak_slab":1413,"minecraft:red_bed":10,"minecraft:white_bed":3,"minecraft:birch_sign":1096,"minecraft:campfire":118,"minecraft:dark_oak_fence_gate":9,"minecraft:lime_shulker_box":26,"minecraft:cake":9,"minecraft:spruce_log":3279,"minecraft:mushroom_stem":160,"minecraft:oak_log":4184,"minecraft:dark_prismarine":140,"minecraft:cornflower":40,"minecraft:oxeye_daisy":150,"minecraft:acacia_sign":281,"minecraft:stripped_jungle_log":706,"minecraft:sunflower":1,"minecraft:oak_button":3,"minecraft:spruce_pressure_plate":3,"minecraft:cyan_concrete":272,"minecraft:purpur_slab":713,"minecraft:spruce_trapdoor":981,"minecraft:spruce_sapling":12,"minecraft:chiseled_stone_bricks":169,"minecraft:blue_carpet":164,"minecraft:pink_bed":8,"minecraft:green_carpet":186,"minecraft:cobblestone":804,"minecraft:potion":74,"minecraft:orange_banner":35,"minecraft:purple_bed":3,"minecraft:red_concrete_powder":2,"minecraft:cooked_porkchop":6,"minecraft:andesite_stairs":141,"minecraft:glass_pane":1294,"minecraft:repeating_command_block":2,"minecraft:end_portal_frame":12,"minecraft:stripped_oak_log":457,"minecraft:kelp":201,"minecraft:dandelion":214,"minecraft:jukebox":49,"minecraft:green_stained_glass":66,"minecraft:light_blue_banner":46,"minecraft:light_blue_stained_glass_pane":57,"minecraft:blue_terracotta":612,"minecraft:red_sand":1,"minecraft:iron_shovel":17,"minecraft:melon":373,"minecraft:light_gray_stained_glass_pane":1912,"minecraft:bone_block":2002,"minecraft:oak_sign":46,"minecraft:white_concrete_powder":78,"minecraft:white_terracotta":3734,"minecraft:zombie_spawn_egg":16,"minecraft:purple_shulker_box":15,"minecraft:creeper_head":1,"minecraft:stripped_jungle_wood":35,"minecraft:grass":1522,"minecraft:bell":22,"minecraft:mossy_stone_brick_slab":62,"minecraft:player_head":5,"minecraft:smooth_sandstone_stairs":176,"minecraft:green_terracotta":68,"minecraft:spruce_leaves":106,"minecraft:birch_pressure_plate":8,"minecraft:stray_spawn_egg":1,"minecraft:orange_glazed_terracotta":5,"minecraft:jungle_planks":1460,"minecraft:nether_bricks":3047,"minecraft:prismarine_brick_stairs":67,"minecraft:pink_terracotta":25,"minecraft:beehive":117,"minecraft:cyan_wool":1625,"minecraft:obsidian":1452,"minecraft:honey_bottle":2,"minecraft:red_sandstone_stairs":100,"minecraft:glass":7786,"minecraft:cyan_terracotta":466,"minecraft:bricks":5440,"minecraft:quartz_slab":1212,"minecraft:lantern":238,"minecraft:blue_orchid":1,"minecraft:green_wool":1354,"minecraft:dark_oak_wood":64,"minecraft:gray_concrete_powder":142,"minecraft:tropical_fish_spawn_egg":2,"minecraft:hopper_minecart":109,"minecraft:stone_bricks":3536,"minecraft:item_frame":595,"minecraft:birch_button":19,"minecraft:bedrock":1018,"minecraft:golden_sword":5,"minecraft:birch_trapdoor":299,"minecraft:red_nether_brick_wall":78,"minecraft:repeater":1079,"minecraft:red_carpet":455,"minecraft:redstone_lamp":294,"minecraft:honeycomb_block":57,"minecraft:magma_block":53,"minecraft:brown_carpet":293,"minecraft:hay_block":428,"minecraft:written_book":3,"minecraft:scaffolding":4,"minecraft:jungle_button":43,"minecraft:blue_shulker_box":1,"minecraft:gray_bed":3,"minecraft:gold_block":106,"minecraft:polished_diorite_stairs":666,"minecraft:skeleton_skull":23,"minecraft:pink_concrete_powder":268,"minecraft:large_fern":60,"minecraft:stripped_spruce_wood":61,"minecraft:dark_oak_sapling":18,"minecraft:dark_oak_stairs":1275,"minecraft:end_rod":823,"minecraft:dropper":255,"minecraft:wither_skeleton_skull":11,"minecraft:stripped_acacia_log":29,"minecraft:gray_carpet":204,"minecraft:dark_oak_sign":25,"minecraft:birch_leaves":41,"minecraft:polished_diorite_slab":1024,"minecraft:birch_wood":51,"minecraft:prismarine_stairs":18,"minecraft:jungle_fence":175,"minecraft:oak_planks":3010,"minecraft:sandstone":6,"minecraft:redstone_block":135,"minecraft:end_stone_brick_slab":92,"minecraft:diamond_axe":1802,"minecraft:blue_bed":2,"minecraft:brain_coral":5,"minecraft:white_wool":1992,"minecraft:light_blue_concrete":1,"minecraft:infested_chiseled_stone_bricks":36,"minecraft:lime_stained_glass_pane":44,"minecraft:yellow_terracotta":195,"minecraft:loom":195,"minecraft:light_blue_wool":3995,"minecraft:black_banner":254,"minecraft:light_gray_terracotta":325,"minecraft:yellow_concrete":640,"minecraft:crossbow":8,"minecraft:black_bed":3,"minecraft:sponge":276,"minecraft:note_block":373,"minecraft:stone_brick_wall":29,"minecraft:end_stone":3,"minecraft:creeper_spawn_egg":13,"minecraft:sticky_piston":978,"minecraft:blue_glazed_terracotta":2,"minecraft:redstone_torch":1114,"minecraft:black_terracotta":8,"minecraft:lever":363,"minecraft:green_concrete":78,"minecraft:black_concrete":47,"minecraft:firework_rocket":17,"minecraft:gray_shulker_box":1,"minecraft:daylight_detector":39,"minecraft:birch_fence_gate":14,"minecraft:acacia_door":1,"minecraft:dark_oak_log":629,"minecraft:lime_carpet":82,"minecraft:light_gray_concrete":8145,"minecraft:heavy_weighted_pressure_plate":87,"minecraft:string":280,"minecraft:cyan_bed":7,"minecraft:brown_wool":725,"minecraft:barrier":138,"minecraft:brown_stained_glass":7,"minecraft:prismarine_wall":18,"minecraft:iron_door":112,"minecraft:gravel":696,"minecraft:ocelot_spawn_egg":1,"minecraft:jungle_sign":40,"minecraft:light_blue_concrete_powder":3,"minecraft:stripped_oak_wood":16,"minecraft:grindstone":130,"minecraft:andesite":65,"minecraft:smooth_stone_slab":1078,"minecraft:mossy_cobblestone_wall":133,"minecraft:chorus_plant":35,"minecraft:white_concrete":15604,"minecraft:coarse_dirt":8,"minecraft:bone_meal":947,"minecraft:oak_fence":441,"minecraft:cobweb":41,"minecraft:jungle_leaves":296,"minecraft:purpur_block":194,"minecraft:petrified_oak_slab":41,"minecraft:trident":27,"minecraft:rose_bush":4,"minecraft:granite_stairs":21,"minecraft:white_tulip":6,"minecraft:flint_and_steel":26,"minecraft:redstone":6655,"minecraft:light_blue_terracotta":826,"minecraft:spruce_planks":7014,"minecraft:ender_chest":2,"minecraft:brown_shulker_box":22,"minecraft:stripped_birch_wood":96,"minecraft:cooked_chicken":4,"minecraft:dried_kelp_block":267,"minecraft:oak_door":43,"minecraft:end_stone_brick_wall":55,"minecraft:dirt":3746,"minecraft:white_carpet":286,"minecraft:hopper":193,"minecraft:prismarine_bricks":854,"minecraft:spruce_stairs":1078,"minecraft:cobblestone_wall":157,"minecraft:pink_carpet":142,"minecraft:oak_wood":397,"minecraft:bee_nest":8,"minecraft:salmon_bucket":5,"minecraft:granite":101,"minecraft:spruce_fence":560,"minecraft:light_blue_stained_glass":132,"minecraft:purple_banner":16,"minecraft:birch_door":112,"minecraft:andesite_wall":86,"minecraft:dark_oak_planks":8221,"minecraft:stone_brick_slab":3379,"minecraft:brown_terracotta":705,"minecraft:red_tulip":84,"minecraft:light_gray_stained_glass":431,"minecraft:bookshelf":248,"minecraft:yellow_stained_glass":25,"minecraft:oak_stairs":1056,"minecraft:smooth_sandstone":94,"minecraft:acacia_slab":154,"minecraft:light_gray_wool":4552,"minecraft:emerald_block":308,"minecraft:dark_oak_pressure_plate":2,"minecraft:black_stained_glass":430,"minecraft:wolf_spawn_egg":4,"minecraft:lime_stained_glass":258,"minecraft:salmon_spawn_egg":8,"minecraft:white_stained_glass_pane":892,"minecraft:minecart":115,"minecraft:cyan_banner":22,"minecraft:granite_wall":41,"minecraft:cyan_concrete_powder":3,"minecraft:stone_pressure_plate":29,"minecraft:dead_bubble_coral_block":66,"minecraft:mossy_stone_brick_wall":31,"minecraft:light_gray_bed":17,"minecraft:pumpkin":25,"minecraft:orange_stained_glass_pane":23,"minecraft:brown_bed":1,"minecraft:brain_coral_block":4,"minecraft:acacia_boat":3,"minecraft:pink_tulip":100,"minecraft:cobblestone_stairs":7,"minecraft:pink_glazed_terracotta":41,"minecraft:snow_block":572,"minecraft:polished_andesite":119,"minecraft:red_nether_bricks":84,"minecraft:blue_wool":1553,"minecraft:pink_banner":81,"minecraft:andesite_slab":84,"minecraft:purple_glazed_terracotta":247,"minecraft:cut_sandstone":119,"minecraft:spruce_sign":13,"minecraft:magenta_stained_glass":26,"minecraft:red_glazed_terracotta":5,"minecraft:beacon":54,"minecraft:stonecutter":22,"minecraft:green_bed":2,"minecraft:cobblestone_slab":248,"minecraft:rabbit_spawn_egg":1,"minecraft:stripped_dark_oak_log":59,"minecraft:terracotta":91,"minecraft:dark_prismarine_slab":522,"minecraft:brown_banner":131,"minecraft:magenta_bed":8,"minecraft:dead_fire_coral_block":75,"minecraft:yellow_stained_glass_pane":102,"minecraft:light_gray_concrete_powder":548,"minecraft:brown_glazed_terracotta":6,"minecraft:painting":699,"minecraft:magenta_carpet":50,"minecraft:infested_stone_bricks":8,"minecraft:smoker":62,"minecraft:dark_oak_door":144,"minecraft:cyan_stained_glass":39,"minecraft:purple_stained_glass":1,"minecraft:gray_terracotta":36,"minecraft:piston":291,"minecraft:wooden_hoe":4,"minecraft:flower_pot":120,"minecraft:activator_rail":7,"minecraft:acacia_stairs":570,"minecraft:black_wool":7461,"minecraft:command_block":74,"minecraft:map":24,"minecraft:lapis_ore":3,"minecraft:detector_rail":109,"minecraft:magenta_concrete":143,"minecraft:jungle_stairs":330,"minecraft:stone_slab":727,"minecraft:yellow_wool":4385,"minecraft:brown_stained_glass_pane":42,"minecraft:acacia_fence_gate":38,"minecraft:magenta_banner":20,"minecraft:fishing_rod":12,"minecraft:green_shulker_box":21,"minecraft:cod_spawn_egg":2,"minecraft:cyan_stained_glass_pane":6,"minecraft:white_banner":1509,"minecraft:bucket":293,"minecraft:jungle_door":39,"minecraft:pink_shulker_box":15,"minecraft:chain_command_block":39,"minecraft:red_banner":355,"minecraft:lapis_block":97,"minecraft:magenta_glazed_terracotta":66,"minecraft:yellow_bed":9,"minecraft:sea_pickle":117,"minecraft:gray_wool":1354,"minecraft:purple_carpet":53,"minecraft:smooth_stone":3104,"minecraft:splash_potion":22,"minecraft:birch_stairs":1642},"minecraft:crafted":{"minecraft:leather_leggings":6,"minecraft:leather_helmet":11,"minecraft:leather_chestplate":8,"minecraft:leather_boots":9,"minecraft:black_banner":1},"minecraft:mined":{"minecraft:white_bed":3,"minecraft:pink_bed":7,"minecraft:light_gray_bed":14,"minecraft:orange_bed":11,"minecraft:red_bed":7,"minecraft:cyan_bed":4,"minecraft:magenta_bed":6,"minecraft:black_bed":2,"minecraft:purple_bed":1,"minecraft:green_bed":1,"minecraft:blue_bed":1,"minecraft:gray_bed":2,"minecraft:yellow_bed":8},"minecraft:picked_up":{"minecraft:seagrass":3,"minecraft:birch_door":3,"minecraft:flower_pot":2,"minecraft:anvil":4,"minecraft:lead":2,"minecraft:smithing_table":1,"minecraft:magenta_carpet":6,"minecraft:stone_slab":1,"minecraft:diamond_sword":35,"minecraft:birch_button":5,"minecraft:purple_shulker_box":3,"minecraft:string":23,"minecraft:dark_oak_trapdoor":3,"minecraft:red_nether_bricks":1,"minecraft:pufferfish":1,"minecraft:spruce_planks":9,"minecraft:horn_coral_block":1,"minecraft:acacia_sign":1,"minecraft:written_book":22,"minecraft:flower_banner_pattern":3,"minecraft:dark_oak_door":42,"minecraft:mojang_banner_pattern":1,"minecraft:beehive":2,"minecraft:pink_carpet":3,"minecraft:honeycomb_block":1,"minecraft:end_crystal":69,"minecraft:cauldron":2,"minecraft:black_dye":223,"minecraft:brown_carpet":37,"minecraft:yellow_banner":61,"minecraft:lime_carpet":4,"minecraft:command_block":1,"minecraft:light_blue_wool":4,"minecraft:blue_dye":64,"minecraft:red_tulip":64,"minecraft:iron_block":392,"minecraft:cyan_terracotta":1,"minecraft:glowstone":1,"minecraft:end_rod":15,"minecraft:white_terracotta":4,"minecraft:iron_bars":4,"minecraft:snowball":100,"minecraft:iron_door":5,"minecraft:birch_slab":1,"minecraft:water_bucket":1,"minecraft:jungle_log":3,"minecraft:brown_wool":3,"minecraft:smoker":1,"minecraft:gray_concrete":25,"minecraft:pink_concrete_powder":1,"minecraft:lantern":26,"minecraft:gray_concrete_powder":1,"minecraft:lime_terracotta":1,"minecraft:stripped_acacia_wood":3,"minecraft:loom":9,"minecraft:acacia_stairs":1,"minecraft:trapped_chest":2,"minecraft:dark_oak_log":2,"minecraft:barrel":7,"minecraft:polished_andesite":4,"minecraft:lever":100,"minecraft:writable_book":79,"minecraft:granite":5,"minecraft:spruce_button":3,"minecraft:bread":61,"minecraft:cyan_dye":1030,"minecraft:blue_banner":123,"minecraft:jack_o_lantern":1,"minecraft:light_gray_carpet":39,"minecraft:dark_oak_fence":111,"minecraft:bricks":2,"minecraft:crafting_table":2,"minecraft:bee_nest":1,"minecraft:purple_wool":2,"minecraft:nether_wart":40,"minecraft:redstone_lamp":9,"minecraft:orange_banner":5,"minecraft:dragon_head":2,"minecraft:acacia_button":15,"minecraft:purpur_block":18,"minecraft:heavy_weighted_pressure_plate":5,"minecraft:cornflower":26,"minecraft:jungle_trapdoor":2,"minecraft:elytra":1,"minecraft:snow":2,"minecraft:compass":1,"minecraft:white_stained_glass":1,"minecraft:white_carpet":14,"minecraft:glass_pane":2,"minecraft:cracked_stone_bricks":2,"minecraft:cyan_wool":1,"minecraft:poppy":2,"minecraft:spruce_slab":1,"minecraft:minecart":2,"minecraft:quartz_stairs":2,"minecraft:chest":5,"minecraft:birch_sapling":3,"minecraft:egg":3,"minecraft:lime_shulker_box":5,"minecraft:stone":2,"minecraft:oak_door":4,"minecraft:spruce_fence":2,"minecraft:fire_charge":7,"minecraft:white_dye":432,"minecraft:cake":2,"minecraft:redstone":924,"minecraft:mushroom_stem":2,"minecraft:red_nether_brick_wall":6,"minecraft:prismarine_crystals":28,"minecraft:jungle_sign":1,"minecraft:tnt":3,"minecraft:white_shulker_box":97,"minecraft:mutton":339,"minecraft:white_wool":217,"minecraft:rail":25,"minecraft:oxeye_daisy":27,"minecraft:lapis_ore":3,"minecraft:stripped_oak_log":64,"minecraft:yellow_shulker_box":7,"minecraft:tripwire_hook":5,"minecraft:yellow_dye":141,"minecraft:jungle_fence":1,"minecraft:end_portal_frame":1,"minecraft:filled_map":29,"minecraft:oak_log":196,"minecraft:lily_pad":1,"minecraft:jungle_button":34,"minecraft:white_banner":320,"minecraft:birch_pressure_plate":2,"minecraft:light_blue_banner":22,"minecraft:stone_bricks":2,"minecraft:kelp":1318,"minecraft:creeper_spawn_egg":2,"minecraft:iron_ore":126,"minecraft:stone_pickaxe":7,"minecraft:cobweb":1,"minecraft:dark_oak_stairs":4,"minecraft:chain_command_block":1,"minecraft:milk_bucket":1,"minecraft:dark_oak_slab":2,"minecraft:light_gray_stained_glass":1,"minecraft:yellow_concrete":1,"minecraft:red_wool":7,"minecraft:lime_concrete":1,"minecraft:gravel":1,"minecraft:birch_stairs":2,"minecraft:spruce_sapling":12,"minecraft:sea_lantern":2,"minecraft:leather_helmet":1,"minecraft:infested_stone_bricks":1,"minecraft:oak_wood":191,"minecraft:firework_rocket":3,"minecraft:red_stained_glass":1,"minecraft:slime_ball":3,"minecraft:polished_diorite":2,"minecraft:light_blue_carpet":3,"minecraft:diamond_axe":6,"minecraft:painting":148,"minecraft:birch_sign":71,"minecraft:gray_wool":7,"minecraft:oak_button":3,"minecraft:brown_banner":73,"minecraft:pink_dye":1,"minecraft:hopper":2,"minecraft:ender_pearl":3,"minecraft:wheat":63,"minecraft:black_carpet":17,"minecraft:redstone_block":3,"minecraft:iron_trapdoor":1,"minecraft:yellow_wool":17,"minecraft:potion":3,"minecraft:brain_coral_block":1,"minecraft:stone_brick_stairs":1,"minecraft:lapis_block":3,"minecraft:globe_banner_pattern":2,"minecraft:armor_stand":3,"minecraft:sticky_piston":16,"minecraft:purple_banner":24,"minecraft:zombie_head":2,"minecraft:pink_shulker_box":6,"minecraft:oak_sign":4,"minecraft:sea_pickle":17,"minecraft:smooth_stone":6,"minecraft:comparator":17,"minecraft:bucket":2,"minecraft:red_dye":86,"minecraft:redstone_torch":394,"minecraft:ender_eye":128,"minecraft:wooden_shovel":1,"minecraft:smooth_quartz":7,"minecraft:blue_wool":78,"minecraft:stick":18,"minecraft:orange_shulker_box":13,"minecraft:jungle_door":2,"minecraft:acacia_fence":1,"minecraft:birch_trapdoor":4,"minecraft:torch":294,"minecraft:spruce_stairs":5,"minecraft:snow_block":1,"minecraft:porkchop":2,"minecraft:light_gray_banner":10,"minecraft:blue_stained_glass":2,"minecraft:green_banner":30,"minecraft:quartz_block":7,"minecraft:rotten_flesh":170,"minecraft:green_wool":7,"minecraft:stripped_birch_wood":2,"minecraft:obsidian":1,"minecraft:cobblestone":3,"minecraft:leather_chestplate":1,"minecraft:magma_cream":1,"minecraft:repeater":95,"minecraft:orange_carpet":10,"minecraft:chiseled_quartz_block":1,"minecraft:magenta_dye":132,"minecraft:skull_banner_pattern":3,"minecraft:smooth_sandstone_stairs":1,"minecraft:light_gray_dye":86,"minecraft:prismarine_bricks":65,"minecraft:acacia_boat":1,"minecraft:green_shulker_box":1,"minecraft:lapis_lazuli":64,"minecraft:dirt":50,"minecraft:stripped_birch_log":1,"minecraft:polished_granite":47,"minecraft:name_tag":47,"minecraft:leather_boots":2,"minecraft:glass":7,"minecraft:bone":3,"minecraft:acacia_planks":3,"minecraft:bow":3,"minecraft:wheat_seeds":2,"minecraft:orange_tulip":2,"minecraft:pink_banner":12,"minecraft:bell":1,"minecraft:light_blue_dye":84,"minecraft:grindstone":2,"minecraft:mossy_stone_bricks":128,"minecraft:bamboo":1,"minecraft:powered_rail":118,"minecraft:cyan_concrete":1,"minecraft:oak_planks":4,"minecraft:ghast_tear":1,"minecraft:diorite_wall":2,"minecraft:sand":2993,"minecraft:jungle_planks":1,"minecraft:light_blue_shulker_box":12,"minecraft:melon":1,"minecraft:nether_brick_stairs":202,"minecraft:dead_bush":2,"minecraft:grass_block":4,"minecraft:lily_of_the_valley":4,"minecraft:orange_wool":3,"minecraft:mossy_cobblestone":3,"minecraft:skeleton_spawn_egg":2,"minecraft:light_gray_concrete":39,"minecraft:light_gray_terracotta":1,"minecraft:yellow_carpet":13,"minecraft:crossbow":1,"minecraft:grass":1,"minecraft:bone_meal":5,"minecraft:white_concrete":39,"minecraft:spruce_sign":1,"minecraft:netherrack":1,"minecraft:oak_sapling":3,"minecraft:chorus_fruit":12,"minecraft:end_stone_bricks":1,"minecraft:fishing_rod":2,"minecraft:charcoal":1,"minecraft:firework_star":2,"minecraft:end_stone_brick_stairs":1,"minecraft:allium":4,"minecraft:azure_bluet":65,"minecraft:splash_potion":12,"minecraft:chicken":2,"minecraft:ladder":37,"minecraft:rabbit_stew":1,"minecraft:pink_wool":4,"minecraft:gold_block":2,"minecraft:oak_trapdoor":1,"minecraft:item_frame":191,"minecraft:birch_fence":1,"minecraft:magenta_wool":1,"minecraft:cyan_carpet":9,"minecraft:blue_orchid":1,"minecraft:detector_rail":30,"minecraft:player_head":1,"minecraft:observer":4,"minecraft:light_gray_wool":5,"minecraft:lectern":7,"minecraft:spruce_trapdoor":193,"minecraft:lime_wool":2,"minecraft:dark_oak_sapling":3,"minecraft:orange_dye":14,"minecraft:end_stone":3,"minecraft:gray_dye":137,"minecraft:quartz_pillar":2,"minecraft:stone_button":165,"minecraft:magenta_shulker_box":4,"minecraft:brown_dye":69,"minecraft:stone_pressure_plate":5,"minecraft:purple_terracotta":124,"minecraft:dark_oak_planks":8,"minecraft:arrow":4,"minecraft:red_shulker_box":5,"minecraft:light_blue_stained_glass_pane":1,"minecraft:pumpkin_pie":1,"minecraft:jungle_stairs":1,"minecraft:nether_bricks":4,"minecraft:stripped_dark_oak_wood":2,"minecraft:saddle":1,"minecraft:black_banner":91,"minecraft:nether_brick_wall":223,"minecraft:skeleton_skull":17,"minecraft:purple_dye":72,"minecraft:dark_oak_button":6,"minecraft:magenta_banner":5,"minecraft:salmon":4,"minecraft:birch_planks":8,"minecraft:bedrock":2,"minecraft:yellow_glazed_terracotta":1,"minecraft:nether_wart_block":3,"minecraft:gunpowder":27,"minecraft:orange_terracotta":70,"minecraft:cooked_mutton":19,"minecraft:podzol":71,"minecraft:red_carpet":43,"minecraft:gray_carpet":21,"minecraft:acacia_trapdoor":1,"minecraft:heart_of_the_sea":2,"minecraft:iron_ingot":1,"minecraft:cooked_chicken":6,"minecraft:purple_concrete":1,"minecraft:green_dye":96,"minecraft:book":1,"minecraft:oak_slab":7,"minecraft:nether_quartz_ore":1,"minecraft:emerald_block":1,"minecraft:stone_brick_slab":1,"minecraft:dandelion":6,"minecraft:red_banner":58,"minecraft:gold_ore":256,"minecraft:green_carpet":5,"minecraft:spruce_door":6,"minecraft:spider_eye":1,"minecraft:brick_slab":2,"minecraft:stripped_jungle_log":2,"minecraft:cyan_banner":4,"minecraft:lime_banner":7,"minecraft:lime_dye":1,"minecraft:campfire":4,"minecraft:gray_banner":5,"minecraft:black_wool":334,"minecraft:red_concrete":369,"minecraft:dark_oak_wood":3},"minecraft:custom":{"minecraft:interact_with_crafting_table":53,"minecraft:open_barrel":97,"minecraft:bell_ring":11,"minecraft:eat_cake_slice":24,"minecraft:leave_game":197,"minecraft:time_since_death":3316943,"minecraft:deaths":4,"minecraft:jump":86585,"minecraft:interact_with_furnace":23,"minecraft:interact_with_cartography_table":4,"minecraft:damage_dealt":23751,"minecraft:interact_with_smoker":20,"minecraft:use_cauldron":1,"minecraft:inspect_dispenser":46,"minecraft:inspect_dropper":535,"minecraft:interact_with_anvil":273,"minecraft:inspect_hopper":376,"minecraft:sneak_time":1261232,"minecraft:interact_with_lectern":151,"minecraft:tune_noteblock":2901,"minecraft:time_since_rest":3317227,"minecraft:swim_one_cm":30735,"minecraft:fly_one_cm":227337349,"minecraft:open_chest":566,"minecraft:fall_one_cm":23606,"minecraft:open_shulker_box":1302,"minecraft:sprint_one_cm":6179950,"minecraft:drop":3135,"minecraft:interact_with_brewingstand":11,"minecraft:walk_on_water_one_cm":130565,"minecraft:play_one_minute":65662457,"minecraft:interact_with_loom":1080,"minecraft:open_enderchest":6,"minecraft:interact_with_beacon":11,"minecraft:crouch_one_cm":909049,"minecraft:mob_kills":265,"minecraft:fill_cauldron":13,"minecraft:interact_with_campfire":6,"minecraft:climb_one_cm":208938,"minecraft:walk_one_cm":69608339,"minecraft:walk_under_water_one_cm":635352,"minecraft:boat_one_cm":42461,"minecraft:pot_flower":40,"minecraft:interact_with_grindstone":23,"minecraft:damage_taken":1060,"minecraft:trigger_trapped_chest":108,"minecraft:minecart_one_cm":113004,"minecraft:aviate_one_cm":23297}},"DataVersion":2230}