{"stats":{"minecraft:picked_up":{"minecraft:lingering_potion":2,"minecraft:yellow_shulker_box":21,"minecraft:leather_chestplate":7,"minecraft:splash_potion":2,"minecraft:leather_leggings":19,"minecraft:diamond_sword":5,"minecraft:golden_sword":2,"minecraft:flint_and_steel":1,"minecraft:leather_boots":24,"minecraft:blue_orchid":1,"minecraft:sea_pickle":4,"minecraft:acacia_sign":1,"minecraft:dark_oak_sign":1,"minecraft:bamboo":1,"minecraft:blue_shulker_box":19,"minecraft:scaffolding":128,"minecraft:oak_slab":1,"minecraft:light_blue_stained_glass":1,"minecraft:leather_helmet":1,"minecraft:firework_rocket":187,"minecraft:honey_bottle":1,"minecraft:tropical_fish":19,"minecraft:writable_book":2,"minecraft:crossbow":1,"minecraft:white_shulker_box":22,"minecraft:bricks":7},"minecraft:crafted":{"minecraft:leather_helmet":1},"minecraft:used":{"minecraft:trident":140,"minecraft:blue_terracotta":3,"minecraft:writable_book":7,"minecraft:acacia_trapdoor":6,"minecraft:powered_rail":1,"minecraft:stripped_birch_log":1,"minecraft:armor_stand":56,"minecraft:yellow_shulker_box":18,"minecraft:dispenser":3,"minecraft:dark_oak_sign":15,"minecraft:oak_sign":11,"minecraft:brown_concrete":29,"minecraft:blue_concrete_powder":6,"minecraft:white_shulker_box":19,"minecraft:white_wool":1,"minecraft:dirt":77,"minecraft:crafting_table":2,"minecraft:blue_stained_glass":2,"minecraft:birch_sign":9,"minecraft:crossbow":99,"minecraft:light_gray_concrete_powder":2,"minecraft:salmon_bucket":2,"minecraft:lingering_potion":382,"minecraft:blue_concrete":18,"minecraft:firework_rocket":157,"minecraft:bricks":15,"minecraft:grass_block":98,"minecraft:blue_orchid":28,"minecraft:yellow_wool":1,"minecraft:yellow_concrete_powder":13,"minecraft:bedrock":3,"minecraft:diamond_sword":1,"minecraft:potion":3,"minecraft:written_book":1,"minecraft:scaffolding":141,"minecraft:blue_shulker_box":22,"minecraft:jungle_door":3,"minecraft:white_stained_glass":29,"minecraft:minecart":3,"minecraft:bucket":6,"minecraft:grass_path":1,"minecraft:gold_block":5,"minecraft:sea_pickle":61,"minecraft:tropical_fish_bucket":12,"minecraft:splash_potion":89},"minecraft:custom":{"minecraft:mob_kills":12,"minecraft:interact_with_crafting_table":2,"minecraft:play_one_minute":2342702,"minecraft:interact_with_loom":1,"minecraft:open_shulker_box":181,"minecraft:leave_game":14,"minecraft:time_since_death":2147490,"minecraft:climb_one_cm":40848,"minecraft:time_since_rest":2147589,"minecraft:sprint_one_cm":212754,"minecraft:damage_taken":240,"minecraft:walk_one_cm":1906835,"minecraft:trigger_trapped_chest":2,"minecraft:drop":148,"minecraft:minecart_one_cm":7704,"minecraft:damage_dealt":40,"minecraft:fly_one_cm":7052133,"minecraft:open_chest":1,"minecraft:crouch_one_cm":28052,"minecraft:deaths":1,"minecraft:sneak_time":37061,"minecraft:walk_under_water_one_cm":32266,"minecraft:boat_one_cm":11953,"minecraft:interact_with_lectern":25,"minecraft:aviate_one_cm":4153711,"minecraft:jump":1649,"minecraft:walk_on_water_one_cm":16021,"minecraft:inspect_dispenser":5},"minecraft:killed":{"minecraft:sheep":1,"minecraft:tropical_fish":11},"minecraft:dropped":{"minecraft:blue_shulker_box":9,"minecraft:golden_helmet":1,"minecraft:tropical_fish":17,"minecraft:white_shulker_box":11,"minecraft:dragon_breath":1,"minecraft:leather_helmet":2,"minecraft:diamond_sword":8,"minecraft:leather_chestplate":16,"minecraft:dispenser":3,"minecraft:lingering_potion":2,"minecraft:leather_boots":32,"minecraft:yellow_shulker_box":12,"minecraft:golden_sword":3,"minecraft:leather_leggings":28,"minecraft:birch_sign":1,"minecraft:splash_potion":2}},"DataVersion":2230}