{"stats":{"minecraft:dropped":{"minecraft:light_blue_stained_glass":2,"minecraft:grass_path":1,"minecraft:writable_book":9,"minecraft:campfire":1,"minecraft:light_gray_concrete":1,"minecraft:white_terracotta":1,"minecraft:grass_block":1,"minecraft:lectern":2,"minecraft:green_wool":1},"minecraft:used":{"minecraft:flower_pot":19,"minecraft:sea_lantern":170,"minecraft:writable_book":30,"minecraft:firework_rocket":1,"minecraft:flint_and_steel":9,"minecraft:light_gray_concrete":2,"minecraft:lantern":8,"minecraft:grass_block":1,"minecraft:oak_button":1,"minecraft:stone_button":5,"minecraft:green_wool":8,"minecraft:lectern":4,"minecraft:white_terracotta":8,"minecraft:smooth_quartz":16,"minecraft:netherrack":9,"minecraft:sand":55,"minecraft:oak_slab":5,"minecraft:written_book":2,"minecraft:jungle_planks":1,"minecraft:birch_sign":322,"minecraft:jungle_slab":2,"minecraft:grass_path":1,"minecraft:campfire":1,"minecraft:end_stone":1,"minecraft:light_blue_stained_glass":3},"minecraft:picked_up":{"minecraft:chain_command_block":1,"minecraft:redstone_lamp":1,"minecraft:lava_bucket":1,"minecraft:potion":1,"minecraft:sea_lantern":1,"minecraft:lantern":2,"minecraft:honey_bottle":2,"minecraft:comparator":2,"minecraft:writable_book":7,"minecraft:birch_sign":4,"minecraft:smooth_quartz":1,"minecraft:prismarine_brick_slab":1},"minecraft:custom":{"minecraft:time_since_rest":29658917,"minecraft:sprint_one_cm":749594,"minecraft:inspect_dropper":2,"minecraft:open_enderchest":1,"minecraft:walk_one_cm":2823330,"minecraft:trigger_trapped_chest":1,"minecraft:drop":19,"minecraft:swim_one_cm":4843,"minecraft:fly_one_cm":17769527,"minecraft:open_chest":13,"minecraft:play_one_minute":29658917,"minecraft:crouch_one_cm":51519,"minecraft:interact_with_loom":1,"minecraft:open_shulker_box":24,"minecraft:sneak_time":47612,"minecraft:bell_ring":19,"minecraft:walk_under_water_one_cm":34119,"minecraft:pot_flower":17,"minecraft:interact_with_lectern":108,"minecraft:aviate_one_cm":2757,"minecraft:jump":4003,"minecraft:leave_game":49,"minecraft:walk_on_water_one_cm":17509,"minecraft:time_since_death":29658917,"minecraft:climb_one_cm":15254,"minecraft:inspect_dispenser":9}},"DataVersion":2230}