{"stats":{"minecraft:picked_up":{"minecraft:cocoa_beans":1,"minecraft:redstone_block":1,"minecraft:splash_potion":3,"minecraft:diamond_sword":1,"minecraft:oak_stairs":7,"minecraft:item_frame":6,"minecraft:armor_stand":3,"minecraft:birch_fence":2,"minecraft:glass_pane":1,"minecraft:oak_sign":1,"minecraft:sea_pickle":1,"minecraft:bucket":1,"minecraft:lectern":1,"minecraft:piston":1,"minecraft:spruce_trapdoor":1,"minecraft:white_glazed_terracotta":1,"minecraft:orange_dye":59,"minecraft:oak_door":2,"minecraft:birch_trapdoor":3,"minecraft:oak_fence":1,"minecraft:snow_block":1,"minecraft:white_dye":54,"minecraft:vine":1,"minecraft:blue_carpet":1,"minecraft:blue_glazed_terracotta":1,"minecraft:pumpkin_pie":1,"minecraft:bookshelf":1,"minecraft:end_rod":2,"minecraft:mutton":3,"minecraft:iron_bars":1,"minecraft:skeleton_skull":1,"minecraft:white_wool":5,"minecraft:feather":37,"minecraft:smooth_red_sandstone":1,"minecraft:iron_door":1,"minecraft:tripwire_hook":2,"minecraft:water_bucket":2,"minecraft:brown_wool":1,"minecraft:yellow_dye":65,"minecraft:mushroom_stew":1,"minecraft:skull_banner_pattern":1,"minecraft:oak_log":1,"minecraft:prismarine_bricks":3,"minecraft:dirt":1,"minecraft:lantern":3,"minecraft:white_banner":3,"minecraft:polished_granite":1,"minecraft:birch_pressure_plate":1,"minecraft:glass":1,"minecraft:light_blue_banner":1,"minecraft:apple":1,"minecraft:stone_bricks":3,"minecraft:wheat_seeds":1,"minecraft:dark_oak_stairs":1,"minecraft:prismarine_brick_stairs":1,"minecraft:white_stained_glass_pane":1,"minecraft:grass_block":1,"minecraft:dark_oak_fence_gate":1,"minecraft:sea_lantern":1,"minecraft:polished_diorite_stairs":2,"minecraft:polished_andesite":1,"minecraft:diamond_shovel":1,"minecraft:lime_dye":66,"minecraft:white_concrete_powder":1,"minecraft:polished_diorite":1,"minecraft:campfire":1,"minecraft:lever":4,"minecraft:writable_book":2,"minecraft:painting":2,"minecraft:bone_meal":2,"minecraft:birch_sign":7,"minecraft:spruce_sign":1,"minecraft:bread":1,"minecraft:terracotta":1,"minecraft:light_gray_carpet":2,"minecraft:dark_oak_fence":2,"minecraft:bricks":1,"minecraft:oak_leaves":2,"minecraft:sunflower":2},"minecraft:used":{"minecraft:oak_fence":1,"minecraft:oak_trapdoor":2,"minecraft:light_blue_banner":9,"minecraft:iron_bars":19,"minecraft:writable_book":9,"minecraft:armor_stand":28,"minecraft:light_gray_carpet":179,"minecraft:oak_sign":11,"minecraft:white_concrete_powder":1048,"minecraft:green_banner":1,"minecraft:stone":3,"minecraft:brown_concrete":4,"minecraft:sandstone_wall":2,"minecraft:dried_kelp_block":12,"minecraft:oak_door":2,"minecraft:torch":2,"minecraft:dirt":37,"minecraft:birch_pressure_plate":1,"minecraft:prismarine_bricks":79,"minecraft:prismarine_brick_stairs":6,"minecraft:light_gray_glazed_terracotta":10,"minecraft:polished_diorite":5,"minecraft:andesite_wall":239,"minecraft:glass":2,"minecraft:stone_brick_slab":19,"minecraft:sea_lantern":415,"minecraft:bricks":2,"minecraft:bookshelf":4,"minecraft:iron_block":2,"minecraft:lantern":56,"minecraft:grass_block":204,"minecraft:oak_stairs":7,"minecraft:dark_oak_leaves":38,"minecraft:gray_concrete_powder":1,"minecraft:smooth_quartz":16,"minecraft:diorite_wall":3,"minecraft:stone_brick_stairs":14,"minecraft:stone_bricks":18,"minecraft:item_frame":200,"minecraft:tripwire_hook":7,"minecraft:birch_trapdoor":19,"minecraft:written_book":1,"minecraft:white_stained_glass_pane":4,"minecraft:polished_diorite_stairs":64,"minecraft:lime_glazed_terracotta":34,"minecraft:yellow_banner":8,"minecraft:water_bucket":15,"minecraft:dark_oak_stairs":31,"minecraft:end_rod":332,"minecraft:snow_block":6,"minecraft:polished_andesite":54,"minecraft:cartography_table":4,"minecraft:composter":9,"minecraft:redstone_block":19,"minecraft:parrot_spawn_egg":29,"minecraft:spruce_fence_gate":1,"minecraft:oak_leaves":994,"minecraft:white_wool":113,"minecraft:yellow_terracotta":18,"minecraft:orange_carpet":1,"minecraft:terracotta":4,"minecraft:vine":5,"minecraft:crafting_table":1,"minecraft:loom":2,"minecraft:light_blue_wool":2,"minecraft:birch_sign":17,"minecraft:smooth_red_sandstone":2,"minecraft:campfire":1,"minecraft:light_gray_concrete_powder":388,"minecraft:dark_oak_fence_gate":2,"minecraft:painting":53,"minecraft:birch_fence":144,"minecraft:oak_log":245,"minecraft:piston":17,"minecraft:flower_pot":2,"minecraft:lever":22,"minecraft:blue_glazed_terracotta":9,"minecraft:black_wool":3,"minecraft:diamond_shovel":1,"minecraft:brown_wool":182,"minecraft:map":6,"minecraft:lectern":3,"minecraft:white_glazed_terracotta":20,"minecraft:polished_granite":53,"minecraft:spruce_trapdoor":17,"minecraft:iron_door":5,"minecraft:yellow_wool":98,"minecraft:diamond_sword":44,"minecraft:white_banner":12,"minecraft:dark_oak_fence":1056,"minecraft:bucket":1,"minecraft:glass_pane":2,"minecraft:sea_pickle":3},"minecraft:custom":{"minecraft:inspect_dropper":4,"minecraft:mob_kills":32,"minecraft:interact_with_crafting_table":3,"minecraft:open_barrel":4,"minecraft:open_shulker_box":9,"minecraft:leave_game":41,"minecraft:time_since_death":1955549,"minecraft:climb_one_cm":16655,"minecraft:sprint_one_cm":570362,"minecraft:walk_one_cm":3787273,"minecraft:drop":115,"minecraft:sneak_time":24961,"minecraft:walk_under_water_one_cm":17925,"minecraft:interact_with_lectern":13,"minecraft:jump":1853,"minecraft:walk_on_water_one_cm":14936,"minecraft:interact_with_cartography_table":2,"minecraft:play_one_minute":1955549,"minecraft:interact_with_loom":17,"minecraft:time_since_rest":1955549,"minecraft:open_enderchest":1,"minecraft:damage_dealt":1877,"minecraft:fly_one_cm":10991557,"minecraft:open_chest":14,"minecraft:crouch_one_cm":17451,"minecraft:interact_with_smoker":1,"minecraft:inspect_dispenser":2},"minecraft:killed":{"minecraft:parrot":29,"minecraft:sheep":3},"minecraft:dropped":{"minecraft:water_bucket":2,"minecraft:spruce_sign":1,"minecraft:bread":1,"minecraft:piston":2,"minecraft:vine":1,"minecraft:dark_oak_stairs":1,"minecraft:wheat_seeds":1,"minecraft:orange_dye":1,"minecraft:oak_log":3,"minecraft:crafting_table":1,"minecraft:bookshelf":1,"minecraft:oak_fence":1,"minecraft:apple":1,"minecraft:prismarine_brick_stairs":1,"minecraft:elytra":1,"minecraft:grass_block":1,"minecraft:mushroom_stew":1,"minecraft:polished_andesite":1,"minecraft:end_rod":2,"minecraft:dirt":1,"minecraft:birch_fence":2,"minecraft:polished_diorite_stairs":2,"minecraft:smooth_red_sandstone":1,"minecraft:dark_oak_fence":2,"minecraft:yellow_dye":65,"minecraft:brown_wool":1,"minecraft:iron_door":1,"minecraft:potion":1,"minecraft:white_stained_glass_pane":1,"minecraft:oak_stairs":7,"minecraft:writable_book":1,"minecraft:pumpkin_pie":1,"minecraft:sunflower":2,"minecraft:blue_glazed_terracotta":1,"minecraft:white_banner":3,"minecraft:light_blue_banner":1,"minecraft:tripwire_hook":1,"minecraft:white_wool":2,"minecraft:blue_carpet":1,"minecraft:bucket":1,"minecraft:redstone_block":2,"minecraft:stone_brick_slab":1,"minecraft:armor_stand":3,"minecraft:oak_door":2,"minecraft:snow_block":1,"minecraft:polished_diorite":1,"minecraft:bricks":2,"minecraft:lever":1,"minecraft:cocoa_beans":1,"minecraft:composter":1,"minecraft:birch_pressure_plate":1,"minecraft:diamond_shovel":1,"minecraft:lime_dye":66,"minecraft:oak_sign":1,"minecraft:dark_oak_fence_gate":1,"minecraft:glass_pane":1,"minecraft:sandstone_wall":1,"minecraft:diamond_sword":1,"minecraft:sea_lantern":1,"minecraft:sea_pickle":1,"minecraft:birch_trapdoor":3,"minecraft:skull_banner_pattern":1,"minecraft:spruce_trapdoor":2,"minecraft:skeleton_skull":1,"minecraft:birch_sign":6,"minecraft:stone_bricks":3,"minecraft:painting":2,"minecraft:white_dye":54,"minecraft:beacon":2,"minecraft:iron_bars":1,"minecraft:glass":1,"minecraft:campfire":1,"minecraft:prismarine_bricks":4,"minecraft:white_concrete_powder":1,"minecraft:oak_leaves":2,"minecraft:white_glazed_terracotta":1,"minecraft:polished_granite":1,"minecraft:firework_rocket":1,"minecraft:lectern":1,"minecraft:brown_concrete":1,"minecraft:terracotta":1}},"DataVersion":2230}