{"stats":{"minecraft:dropped":{"minecraft:clay":1,"minecraft:crafting_table":1,"minecraft:red_sandstone":2,"minecraft:crossbow":3,"minecraft:leather_helmet":1,"minecraft:item_frame":15,"minecraft:gold_block":3,"minecraft:red_shulker_box":5,"minecraft:dirt":1,"minecraft:melon":2,"minecraft:birch_fence":1,"minecraft:stone_button":6,"minecraft:husk_spawn_egg":2,"minecraft:writable_book":5,"minecraft:fishing_rod":1,"minecraft:white_wool":9,"minecraft:lever":1,"minecraft:diamond_block":1,"minecraft:blue_wool":2,"minecraft:obsidian":3,"minecraft:rotten_flesh":6,"minecraft:grindstone":1,"minecraft:birch_wood":1,"minecraft:end_stone":2,"minecraft:blue_stained_glass":1,"minecraft:firework_star":1,"minecraft:tipped_arrow":155,"minecraft:brick_stairs":1,"minecraft:honey_block":1,"minecraft:leather_boots":2,"minecraft:leather_leggings":1,"minecraft:white_dye":1,"minecraft:lectern":1,"minecraft:orange_shulker_box":3,"minecraft:blue_stained_glass_pane":1,"minecraft:tnt":38,"minecraft:yellow_terracotta":2,"minecraft:cobblestone":1,"minecraft:granite":1,"minecraft:coal_block":1,"minecraft:acacia_sign":1,"minecraft:yellow_glazed_terracotta":2,"minecraft:lapis_ore":3,"minecraft:potion":3,"minecraft:white_banner":3,"minecraft:heart_of_the_sea":2,"minecraft:magenta_glazed_terracotta":1,"minecraft:red_dye":2,"minecraft:iron_shovel":1,"minecraft:string":1,"minecraft:snow_block":3,"minecraft:brick_wall":1,"minecraft:player_head":1,"minecraft:smooth_stone_slab":1,"minecraft:red_sandstone_slab":1,"minecraft:white_terracotta":2,"minecraft:light_blue_concrete":1,"minecraft:white_shulker_box":16,"minecraft:end_stone_brick_wall":1,"minecraft:diamond_ore":1,"minecraft:nether_bricks":2,"minecraft:diamond_sword":1,"minecraft:redstone_torch":5,"minecraft:stone_bricks":1,"minecraft:bow":4,"minecraft:black_wool":3,"minecraft:terracotta":1,"minecraft:gold_ore":1,"minecraft:blue_shulker_box":2,"minecraft:ender_pearl":17,"minecraft:lime_shulker_box":2,"minecraft:lantern":2,"minecraft:bedrock":1,"minecraft:cyan_terracotta":1,"minecraft:mutton":1,"minecraft:snowball":33,"minecraft:black_shulker_box":25,"minecraft:black_concrete":1,"minecraft:black_stained_glass":2,"minecraft:armor_stand":2,"minecraft:stripped_jungle_wood":1,"minecraft:yellow_wool":1,"minecraft:cyan_shulker_box":1,"minecraft:chiseled_stone_bricks":1,"minecraft:leather_chestplate":2,"minecraft:trident":2,"minecraft:petrified_oak_slab":1,"minecraft:skeleton_skull":1,"minecraft:horn_coral_fan":1,"minecraft:lingering_potion":4,"minecraft:chest":2,"minecraft:iron_bars":1,"minecraft:arrow":5,"minecraft:cyan_concrete":2,"minecraft:powered_rail":6,"minecraft:scaffolding":9,"minecraft:polished_granite":1,"minecraft:splash_potion":11,"minecraft:firework_rocket":356,"minecraft:vine":1,"minecraft:minecart":2,"minecraft:lead":1,"minecraft:grass_block":1,"minecraft:blue_dye":2,"minecraft:torch":23,"minecraft:repeater":64,"minecraft:light_blue_wool":1,"minecraft:smooth_quartz":3,"minecraft:white_concrete":1,"minecraft:light_gray_shulker_box":1,"minecraft:jungle_door":1,"minecraft:zombie_head":1,"minecraft:fire_charge":64,"minecraft:bucket":4,"minecraft:redstone_block":2,"minecraft:lapis_block":2,"minecraft:redstone":33,"minecraft:blue_terracotta":2,"minecraft:anvil":4,"minecraft:dragon_head":3,"minecraft:ender_chest":2,"minecraft:light_gray_terracotta":1,"minecraft:light_gray_wool":3,"minecraft:ender_eye":65,"minecraft:shulker_box":19,"minecraft:acacia_leaves":1,"minecraft:red_terracotta":4,"minecraft:flint_and_steel":1,"minecraft:filled_map":7,"minecraft:gray_terracotta":2,"minecraft:shield":5,"minecraft:diamond_chestplate":2,"minecraft:cake":1,"minecraft:quartz_stairs":2,"minecraft:pink_wool":3,"minecraft:birch_sign":9,"minecraft:diamond_boots":1,"minecraft:slime_ball":63,"minecraft:light_blue_terracotta":2,"minecraft:white_stained_glass":1,"minecraft:light_blue_shulker_box":7},"minecraft:killed":{"minecraft:chicken":2,"minecraft:cat":1,"minecraft:magma_cube":1,"minecraft:pillager":20,"minecraft:cow":6,"minecraft:evoker":1,"minecraft:vindicator":1,"minecraft:snow_golem":2,"minecraft:husk":71,"minecraft:ravager":2,"minecraft:enderman":9,"minecraft:wolf":2,"minecraft:pig":2,"minecraft:creeper":3,"minecraft:sheep":60,"minecraft:wither_skeleton":1},"minecraft:used":{"minecraft:peony":5,"minecraft:nether_brick_fence":76,"minecraft:jack_o_lantern":27,"minecraft:writable_book":54,"minecraft:polished_granite_stairs":33,"minecraft:cut_red_sandstone_slab":14,"minecraft:spruce_slab":12,"minecraft:red_sandstone_slab":195,"minecraft:dispenser":98,"minecraft:dead_brain_coral":22,"minecraft:ladder":113,"minecraft:black_carpet":7,"minecraft:chest":28,"minecraft:stone":219,"minecraft:white_shulker_box":40,"minecraft:red_nether_brick_stairs":69,"minecraft:quartz_stairs":146,"minecraft:farmland":4,"minecraft:rotten_flesh":1,"minecraft:chiseled_red_sandstone":6,"minecraft:soul_sand":1683,"minecraft:lily_of_the_valley":2,"minecraft:blue_stained_glass":1093,"minecraft:brick_slab":21,"minecraft:orange_wool":368,"minecraft:acacia_button":22,"minecraft:snowball":7,"minecraft:packed_ice":858,"minecraft:honey_block":37,"minecraft:lava_bucket":3,"minecraft:quartz_pillar":30,"minecraft:red_wool":658,"minecraft:black_stained_glass_pane":35,"minecraft:grass_block":2445,"minecraft:birch_sapling":1,"minecraft:orange_shulker_box":5,"minecraft:quartz_block":1,"minecraft:wet_sponge":99,"minecraft:dark_oak_slab":4,"minecraft:dark_oak_button":4,"minecraft:diorite_wall":2,"minecraft:pink_wool":208,"minecraft:blue_banner":25,"minecraft:red_stained_glass_pane":20,"minecraft:bow":226,"minecraft:snow":52,"minecraft:yellow_glazed_terracotta":333,"minecraft:furnace":27,"minecraft:egg":87,"minecraft:dragon_head":15,"minecraft:dead_brain_coral_fan":1,"minecraft:dark_prismarine_stairs":6,"minecraft:lime_glazed_terracotta":121,"minecraft:emerald_ore":342,"minecraft:mossy_stone_bricks":8,"minecraft:diorite":383,"minecraft:cow_spawn_egg":1,"minecraft:end_stone_bricks":289,"minecraft:spruce_door":6,"minecraft:brick_wall":376,"minecraft:stripped_birch_log":22,"minecraft:red_stained_glass":3,"minecraft:acacia_trapdoor":35,"minecraft:powered_rail":104,"minecraft:prismarine":4,"minecraft:black_glazed_terracotta":13,"minecraft:clay":2759,"minecraft:purpur_pillar":1,"minecraft:oak_leaves":5,"minecraft:sand":2424,"minecraft:blast_furnace":103,"minecraft:smooth_red_sandstone":212,"minecraft:blue_ice":8558,"minecraft:acacia_leaves":11,"minecraft:chiseled_quartz_block":1068,"minecraft:purple_terracotta":325,"minecraft:gray_concrete":5192,"minecraft:red_sandstone_wall":2,"minecraft:birch_fence":136,"minecraft:red_sandstone":17081,"minecraft:chiseled_sandstone":170,"minecraft:zombie_head":5,"minecraft:stone_button":38,"minecraft:lectern":24,"minecraft:white_glazed_terracotta":829,"minecraft:red_terracotta":260,"minecraft:polished_granite":290,"minecraft:diamond_ore":792,"minecraft:cat_spawn_egg":2,"minecraft:lilac":4,"minecraft:coal_block":2749,"minecraft:nether_wart_block":68,"minecraft:diamond_sword":189,"minecraft:dark_oak_fence":110,"minecraft:white_stained_glass":163,"minecraft:pink_stained_glass":1,"minecraft:ice":81,"minecraft:oak_boat":1,"minecraft:purple_wool":59,"minecraft:oak_trapdoor":2,"minecraft:stripped_acacia_wood":182,"minecraft:iron_bars":129,"minecraft:acacia_log":2,"minecraft:orange_concrete":34,"minecraft:carved_pumpkin":1,"minecraft:armor_stand":79,"minecraft:red_concrete":211,"minecraft:light_gray_carpet":1,"minecraft:sandstone_wall":1,"minecraft:netherrack":131,"minecraft:torch":1979,"minecraft:orange_stained_glass":454,"minecraft:green_glazed_terracotta":73,"minecraft:light_gray_shulker_box":432,"minecraft:anvil":24,"minecraft:nether_quartz_ore":678,"minecraft:dead_tube_coral":4,"minecraft:nether_brick_slab":601,"minecraft:light_gray_glazed_terracotta":608,"minecraft:yellow_carpet":3,"minecraft:polished_granite_slab":3,"minecraft:dead_brain_coral_block":2,"minecraft:blue_concrete":1538,"minecraft:nether_brick_stairs":376,"minecraft:oak_fence_gate":3,"minecraft:polished_diorite":669,"minecraft:red_shulker_box":7,"minecraft:sea_lantern":8434,"minecraft:cyan_shulker_box":6,"minecraft:iron_block":2934,"minecraft:light_weighted_pressure_plate":2,"minecraft:slime_block":231,"minecraft:brick_stairs":830,"minecraft:spruce_button":2,"minecraft:jungle_log":1,"minecraft:chicken_spawn_egg":19,"minecraft:smooth_quartz":6402,"minecraft:barrel":18,"minecraft:purple_concrete":19,"minecraft:glowstone":111,"minecraft:lime_concrete":160,"minecraft:magenta_wool":6,"minecraft:gray_glazed_terracotta":1367,"minecraft:iron_trapdoor":3,"minecraft:magenta_terracotta":299,"minecraft:podzol":1,"minecraft:acacia_wood":492,"minecraft:acacia_planks":26,"minecraft:observer":4,"minecraft:orange_terracotta":583,"minecraft:dead_bubble_coral_fan":1,"minecraft:water_bucket":997,"minecraft:yellow_banner":21,"minecraft:light_blue_shulker_box":21,"minecraft:nether_brick_wall":1043,"minecraft:tube_coral_block":9,"minecraft:light_blue_glazed_terracotta":419,"minecraft:sandstone_stairs":3872,"minecraft:birch_planks":2227,"minecraft:lime_wool":1323,"minecraft:cartography_table":1,"minecraft:blue_concrete_powder":28,"minecraft:cauldron":1,"minecraft:fletching_table":1,"minecraft:sheep_spawn_egg":61,"minecraft:gold_ore":773,"minecraft:cracked_stone_bricks":7,"minecraft:pink_concrete":254,"minecraft:mossy_cobblestone":39,"minecraft:diamond_block":186,"minecraft:orange_carpet":1,"minecraft:lime_terracotta":626,"minecraft:rail":546,"minecraft:comparator":2,"minecraft:vine":46,"minecraft:crafting_table":53,"minecraft:tnt":251,"minecraft:cyan_glazed_terracotta":99,"minecraft:birch_sign":302,"minecraft:campfire":7,"minecraft:white_bed":4,"minecraft:dark_oak_fence_gate":2,"minecraft:lime_shulker_box":4,"minecraft:cake":6,"minecraft:spruce_log":29,"minecraft:mushroom_stem":103,"minecraft:oak_log":16,"minecraft:blue_stained_glass_pane":14,"minecraft:dark_prismarine":73,"minecraft:ender_eye":2,"minecraft:acacia_sign":34,"minecraft:stripped_jungle_log":6,"minecraft:oak_button":24,"minecraft:pig_spawn_egg":2,"minecraft:cyan_concrete":1638,"minecraft:blue_carpet":10,"minecraft:chiseled_stone_bricks":57,"minecraft:cobblestone":64,"minecraft:potion":13,"minecraft:acacia_pressure_plate":14,"minecraft:glass_pane":637,"minecraft:end_portal_frame":6,"minecraft:stripped_oak_log":41,"minecraft:husk_spawn_egg":15,"minecraft:brown_mushroom_block":3687,"minecraft:jukebox":80,"minecraft:light_blue_banner":12,"minecraft:light_blue_stained_glass_pane":2,"minecraft:blue_terracotta":10305,"minecraft:red_sand":141,"minecraft:iron_shovel":410,"minecraft:light_gray_stained_glass_pane":14,"minecraft:melon":38,"minecraft:dead_tube_coral_fan":1,"minecraft:bone_block":472,"minecraft:oak_sign":5,"minecraft:white_concrete_powder":35,"minecraft:white_terracotta":10168,"minecraft:creeper_head":29,"minecraft:stripped_jungle_wood":1701,"minecraft:grass":3,"minecraft:player_head":36,"minecraft:green_terracotta":1298,"minecraft:spruce_leaves":15,"minecraft:birch_pressure_plate":11,"minecraft:orange_glazed_terracotta":116,"minecraft:jungle_planks":276,"minecraft:nether_bricks":513,"minecraft:pink_terracotta":330,"minecraft:beehive":8,"minecraft:cyan_wool":549,"minecraft:obsidian":1421,"minecraft:red_sandstone_stairs":18,"minecraft:glass":2391,"minecraft:cyan_terracotta":711,"minecraft:bricks":2702,"minecraft:coal_ore":355,"minecraft:quartz_slab":2,"minecraft:spruce_wood":102,"minecraft:lantern":24,"minecraft:blue_orchid":2,"minecraft:green_wool":3049,"minecraft:dark_oak_wood":17,"minecraft:gray_concrete_powder":7,"minecraft:stone_bricks":50,"minecraft:item_frame":43,"minecraft:bedrock":852,"minecraft:birch_button":5,"minecraft:birch_trapdoor":25,"minecraft:red_carpet":3,"minecraft:repeater":56,"minecraft:redstone_lamp":1,"minecraft:honeycomb_block":68,"minecraft:magma_block":12,"minecraft:hay_block":99,"minecraft:written_book":60,"minecraft:blue_shulker_box":12,"minecraft:gold_block":674,"minecraft:skeleton_skull":14,"minecraft:pink_concrete_powder":40,"minecraft:stripped_spruce_wood":64,"minecraft:dark_oak_stairs":1,"minecraft:end_rod":239,"minecraft:dropper":11,"minecraft:wither_skeleton_skull":27,"minecraft:witch_spawn_egg":1,"minecraft:dark_oak_sign":6,"minecraft:prismarine_stairs":1,"minecraft:oak_planks":1059,"minecraft:birch_wood":1400,"minecraft:polished_diorite_slab":40,"minecraft:sandstone":36,"minecraft:redstone_block":61,"minecraft:diamond_axe":29,"minecraft:white_wool":4876,"minecraft:infested_chiseled_stone_bricks":9,"minecraft:yellow_terracotta":854,"minecraft:light_blue_concrete":453,"minecraft:loom":15,"minecraft:light_blue_wool":1931,"minecraft:black_banner":50,"minecraft:light_gray_terracotta":779,"minecraft:yellow_concrete":205,"minecraft:crossbow":108,"minecraft:dead_bubble_coral":21,"minecraft:sponge":634,"minecraft:note_block":21,"minecraft:stone_brick_wall":325,"minecraft:lingering_potion":17,"minecraft:end_stone":1499,"minecraft:redstone_torch":237,"minecraft:black_terracotta":459,"minecraft:sticky_piston":53,"minecraft:dead_fire_coral_fan":2,"minecraft:green_concrete":20,"minecraft:lever":49,"minecraft:blue_glazed_terracotta":1720,"minecraft:black_concrete":3332,"minecraft:firework_rocket":135,"minecraft:birch_fence_gate":26,"minecraft:daylight_detector":2,"minecraft:dark_oak_log":7,"minecraft:light_gray_concrete":182,"minecraft:heavy_weighted_pressure_plate":2,"minecraft:brown_wool":168,"minecraft:string":32,"minecraft:iron_door":5,"minecraft:prismarine_wall":11,"minecraft:gravel":42,"minecraft:evoker_spawn_egg":1,"minecraft:granite_slab":126,"minecraft:dead_horn_coral":11,"minecraft:dead_horn_coral_fan":2,"minecraft:stripped_oak_wood":107,"minecraft:grindstone":3,"minecraft:andesite":306,"minecraft:smooth_stone_slab":778,"minecraft:white_concrete":6127,"minecraft:coarse_dirt":15,"minecraft:bone_meal":5,"minecraft:cobweb":10,"minecraft:oak_fence":20,"minecraft:purpur_block":2,"minecraft:petrified_oak_slab":1,"minecraft:trident":281,"minecraft:orange_concrete_powder":40,"minecraft:rose_bush":3,"minecraft:flint_and_steel":2,"minecraft:redstone_ore":603,"minecraft:redstone":720,"minecraft:light_blue_terracotta":9212,"minecraft:spruce_planks":64,"minecraft:ender_chest":48,"minecraft:brown_shulker_box":3,"minecraft:stripped_birch_wood":222,"minecraft:dried_kelp_block":230,"minecraft:oak_door":1,"minecraft:end_stone_brick_wall":87,"minecraft:dirt":294,"minecraft:red_nether_brick_slab":3,"minecraft:white_carpet":34,"minecraft:prismarine_bricks":102,"minecraft:spruce_stairs":6,"minecraft:cobblestone_wall":6,"minecraft:shulker_box":39,"minecraft:oak_wood":153,"minecraft:spruce_fence":22,"minecraft:granite":5242,"minecraft:light_blue_stained_glass":902,"minecraft:andesite_wall":2,"minecraft:birch_door":14,"minecraft:purple_stained_glass_pane":4,"minecraft:dark_oak_planks":2,"minecraft:ravager_spawn_egg":1,"minecraft:brown_terracotta":130,"minecraft:bookshelf":20,"minecraft:oak_stairs":24,"minecraft:smooth_sandstone":2294,"minecraft:acacia_slab":3,"minecraft:magma_cube_spawn_egg":1,"minecraft:yellow_concrete_powder":36,"minecraft:light_gray_wool":1687,"minecraft:black_stained_glass":225,"minecraft:emerald_block":183,"minecraft:wolf_spawn_egg":1,"minecraft:dark_oak_pressure_plate":2,"minecraft:lime_stained_glass":2,"minecraft:minecart":39,"minecraft:cyan_banner":11,"minecraft:stone_pressure_plate":27,"minecraft:granite_wall":7,"minecraft:mossy_stone_brick_wall":2,"minecraft:pumpkin":140,"minecraft:light_gray_bed":4,"minecraft:iron_ore":416,"minecraft:cobblestone_stairs":3,"minecraft:pink_glazed_terracotta":55,"minecraft:snow_block":9350,"minecraft:polished_andesite":23,"minecraft:red_nether_bricks":14,"minecraft:blue_wool":2151,"minecraft:pink_banner":2,"minecraft:birch_boat":2,"minecraft:purple_glazed_terracotta":74,"minecraft:black_shulker_box":96,"minecraft:cut_sandstone":98,"minecraft:beacon":3,"minecraft:cobblestone_slab":7,"minecraft:red_glazed_terracotta":6,"minecraft:vindicator_spawn_egg":2,"minecraft:jungle_wood":111,"minecraft:terracotta":148,"minecraft:yellow_stained_glass_pane":6,"minecraft:light_gray_concrete_powder":2,"minecraft:brown_glazed_terracotta":254,"minecraft:infested_stone_bricks":8,"minecraft:smooth_red_sandstone_stairs":44,"minecraft:dark_oak_door":8,"minecraft:gray_terracotta":1362,"minecraft:piston":13,"minecraft:black_wool":1718,"minecraft:dead_fire_coral":3,"minecraft:lapis_ore":834,"minecraft:detector_rail":89,"minecraft:magenta_concrete":19,"minecraft:yellow_wool":316,"minecraft:magenta_banner":3,"minecraft:green_shulker_box":2,"minecraft:fishing_rod":83,"minecraft:white_banner":74,"minecraft:bucket":323,"minecraft:jungle_door":3,"minecraft:lapis_block":2533,"minecraft:red_banner":16,"minecraft:pink_shulker_box":1,"minecraft:grass_path":1,"minecraft:magenta_glazed_terracotta":57,"minecraft:gray_wool":3126,"minecraft:smooth_stone":250,"minecraft:splash_potion":32,"minecraft:pillager_spawn_egg":1,"minecraft:birch_stairs":7},"minecraft:crafted":{"minecraft:leather_leggings":9,"minecraft:terracotta":1,"minecraft:firework_star":1031,"minecraft:leather_helmet":3,"minecraft:leather_chestplate":20,"minecraft:light_blue_shulker_box":1,"minecraft:leather_boots":4,"minecraft:blue_dye":1,"minecraft:firework_rocket":2115},"minecraft:mined":{"minecraft:white_bed":5,"minecraft:light_gray_bed":4},"minecraft:picked_up":{"minecraft:birch_door":4,"minecraft:anvil":1,"minecraft:lead":2,"minecraft:diamond_sword":1,"minecraft:birch_button":3,"minecraft:enchanted_book":1,"minecraft:string":19,"minecraft:blue_stained_glass_pane":1,"minecraft:acacia_sign":1,"minecraft:written_book":5,"minecraft:diamond_ore":1,"minecraft:dark_oak_door":2,"minecraft:beehive":1,"minecraft:farmland":1,"minecraft:brown_carpet":2,"minecraft:yellow_banner":1,"minecraft:lime_carpet":1,"minecraft:honey_bottle":1,"minecraft:light_blue_wool":4,"minecraft:cyan_terracotta":2,"minecraft:end_rod":1,"minecraft:white_terracotta":1,"minecraft:snowball":42,"minecraft:feather":10,"minecraft:water_bucket":14,"minecraft:brown_wool":1,"minecraft:lantern":7,"minecraft:gray_terracotta":1,"minecraft:dark_oak_sign":2,"minecraft:loom":1,"minecraft:red_terracotta":1,"minecraft:lever":19,"minecraft:writable_book":3,"minecraft:granite":1,"minecraft:leather_leggings":1,"minecraft:acacia_button":2,"minecraft:white_carpet":2,"minecraft:cyan_wool":3,"minecraft:chest":6,"minecraft:egg":10,"minecraft:lime_shulker_box":2,"minecraft:black_stained_glass":1,"minecraft:sandstone":1,"minecraft:stone":1,"minecraft:fire_charge":73,"minecraft:white_dye":1,"minecraft:redstone":207,"minecraft:carrot":1,"minecraft:cyan_shulker_box":1,"minecraft:blue_carpet":32,"minecraft:diamond_chestplate":1,"minecraft:diamond_boots":1,"minecraft:sandstone_stairs":8,"minecraft:yellow_terracotta":1,"minecraft:totem_of_undying":1,"minecraft:white_shulker_box":27,"minecraft:mutton":57,"minecraft:white_wool":48,"minecraft:rail":1,"minecraft:oxeye_daisy":1,"minecraft:lapis_ore":1,"minecraft:tripwire_hook":1,"minecraft:filled_map":13,"minecraft:white_banner":11,"minecraft:birch_pressure_plate":2,"minecraft:light_blue_banner":3,"minecraft:cobweb":1,"minecraft:firework_rocket":234,"minecraft:husk_spawn_egg":2,"minecraft:slime_ball":139,"minecraft:painting":2,"minecraft:birch_sign":41,"minecraft:gray_wool":5,"minecraft:oak_button":9,"minecraft:ender_pearl":39,"minecraft:wheat":1,"minecraft:redstone_block":1,"minecraft:light_gray_shulker_box":6,"minecraft:potion":22,"minecraft:stone_brick_stairs":1,"minecraft:lapis_block":1,"minecraft:armor_stand":1,"minecraft:oak_sign":5,"minecraft:red_sand":1,"minecraft:black_shulker_box":37,"minecraft:bucket":13,"minecraft:red_dye":2,"minecraft:redstone_torch":83,"minecraft:ender_eye":9,"minecraft:smooth_quartz":2,"minecraft:furnace":4,"minecraft:blue_wool":38,"minecraft:orange_shulker_box":3,"minecraft:jungle_door":1,"minecraft:torch":1376,"minecraft:snow_block":3,"minecraft:diorite":1,"minecraft:rotten_flesh":25,"minecraft:green_wool":2,"minecraft:chorus_flower":2,"minecraft:obsidian":1,"minecraft:cobblestone":1,"minecraft:leather_chestplate":2,"minecraft:repeater":81,"minecraft:dirt":8,"minecraft:polished_granite":2,"minecraft:leather_boots":1,"minecraft:bone":2,"minecraft:acacia_planks":1,"minecraft:bow":4,"minecraft:wheat_seeds":12,"minecraft:pink_banner":1,"minecraft:bell":3,"minecraft:birch_wood":1,"minecraft:powered_rail":15,"minecraft:cyan_concrete":1,"minecraft:sand":14122,"minecraft:light_blue_shulker_box":20,"minecraft:melon":1,"minecraft:grass_block":1,"minecraft:lily_of_the_valley":1,"minecraft:jungle_slab":5,"minecraft:shulker_box":36,"minecraft:orange_wool":2,"minecraft:light_gray_concrete":1,"minecraft:light_gray_terracotta":1,"minecraft:clay":1,"minecraft:light_blue_terracotta":1,"minecraft:black_concrete":1,"minecraft:crossbow":2,"minecraft:white_concrete":1,"minecraft:emerald":1,"minecraft:netherrack":1,"minecraft:lingering_potion":8,"minecraft:firework_star":1,"minecraft:splash_potion":24,"minecraft:chicken":2,"minecraft:ladder":38,"minecraft:pink_wool":3,"minecraft:gold_block":3,"minecraft:shield":1,"minecraft:quartz_slab":1,"minecraft:item_frame":78,"minecraft:magenta_wool":2,"minecraft:blue_orchid":1,"minecraft:detector_rail":8,"minecraft:blue_shulker_box":7,"minecraft:end_stone":1,"minecraft:stone_button":10,"minecraft:cookie":1,"minecraft:trident":2,"minecraft:stone_pressure_plate":9,"minecraft:arrow":29,"minecraft:red_shulker_box":4,"minecraft:pumpkin_pie":1,"minecraft:nether_bricks":1,"minecraft:saddle":1,"minecraft:black_banner":1,"minecraft:dark_oak_button":2,"minecraft:salmon":22,"minecraft:yellow_glazed_terracotta":1,"minecraft:red_carpet":1,"minecraft:rabbit_hide":1,"minecraft:heart_of_the_sea":16,"minecraft:cooked_chicken":6,"minecraft:scaffolding":9,"minecraft:spruce_door":1,"minecraft:dried_kelp_block":1,"minecraft:pumpkin_seeds":12,"minecraft:black_wool":3},"minecraft:custom":{"minecraft:interact_with_crafting_table":116,"minecraft:open_barrel":93,"minecraft:bell_ring":52,"minecraft:eat_cake_slice":27,"minecraft:leave_game":217,"minecraft:time_since_death":36647474,"minecraft:deaths":10,"minecraft:jump":34466,"minecraft:interact_with_furnace":6,"minecraft:interact_with_cartography_table":1,"minecraft:damage_dealt":14893,"minecraft:interact_with_smoker":1,"minecraft:inspect_dispenser":488,"minecraft:inspect_dropper":81,"minecraft:interact_with_anvil":232,"minecraft:inspect_hopper":16,"minecraft:sneak_time":619568,"minecraft:interact_with_lectern":204,"minecraft:interact_with_blast_furnace":16,"minecraft:tune_noteblock":92,"minecraft:time_since_rest":36647508,"minecraft:swim_one_cm":101115,"minecraft:fly_one_cm":219776166,"minecraft:open_chest":471,"minecraft:fall_one_cm":10944,"minecraft:animals_bred":1,"minecraft:open_shulker_box":1110,"minecraft:sprint_one_cm":3072052,"minecraft:drop":472,"minecraft:talked_to_villager":2,"minecraft:walk_on_water_one_cm":517486,"minecraft:play_one_minute":45830618,"minecraft:interact_with_loom":23,"minecraft:open_enderchest":76,"minecraft:interact_with_beacon":6,"minecraft:crouch_one_cm":250777,"minecraft:mob_kills":184,"minecraft:fill_cauldron":1,"minecraft:climb_one_cm":161900,"minecraft:walk_one_cm":41276368,"minecraft:walk_under_water_one_cm":555390,"minecraft:boat_one_cm":38563,"minecraft:interact_with_grindstone":2,"minecraft:damage_taken":2550,"minecraft:trigger_trapped_chest":29,"minecraft:minecart_one_cm":939299,"minecraft:aviate_one_cm":511090}},"DataVersion":2230}