{"stats":{"minecraft:dropped":{"minecraft:bread":1234,"minecraft:brown_mushroom":19,"minecraft:oak_fence":1,"minecraft:chicken":542,"minecraft:cookie":112,"minecraft:rail":4,"minecraft:grass_block":1,"minecraft:blast_furnace":1,"minecraft:end_rod":1,"minecraft:flower_pot":322,"minecraft:torch":2,"minecraft:writable_book":1,"minecraft:cactus":1},"minecraft:used":{"minecraft:oak_fence":9,"minecraft:end_rod":2,"minecraft:writable_book":10,"minecraft:iron_bars":10,"minecraft:sandstone_stairs":5,"minecraft:prismarine_brick_slab":21,"minecraft:birch_planks":2,"minecraft:acacia_trapdoor":1,"minecraft:redstone":172,"minecraft:powered_rail":79,"minecraft:polished_diorite_slab":1,"minecraft:oak_sign":5,"minecraft:blue_wool":2,"minecraft:light_blue_terracotta":10,"minecraft:red_mushroom_block":2,"minecraft:redstone_block":1,"minecraft:grass":1,"minecraft:dried_kelp_block":1,"minecraft:white_wool":4,"minecraft:torch":99,"minecraft:light_gray_banner":1,"minecraft:anvil":10,"minecraft:dirt":25,"minecraft:sand":6,"minecraft:rail":80,"minecraft:comparator":1,"minecraft:tnt":1,"minecraft:hopper":1,"minecraft:light_blue_wool":3,"minecraft:nether_bricks":4,"minecraft:birch_sign":9,"minecraft:blast_furnace":1,"minecraft:jungle_slab":11,"minecraft:campfire":1,"minecraft:polished_granite_slab":2,"minecraft:dead_brain_coral_block":1,"minecraft:nether_brick_stairs":4,"minecraft:polished_diorite":5,"minecraft:redstone_torch":23,"minecraft:sticky_piston":70,"minecraft:glass":9,"minecraft:lever":6,"minecraft:black_wool":5,"minecraft:sea_lantern":12,"minecraft:activator_rail":3,"minecraft:cyan_terracotta":1,"minecraft:firework_rocket":24,"minecraft:red_wool":6,"minecraft:light_gray_concrete":1,"minecraft:grass_block":58,"minecraft:barrier":92,"minecraft:stone_button":5,"minecraft:detector_rail":106,"minecraft:smooth_quartz":2,"minecraft:dark_oak_button":2,"minecraft:yellow_wool":3,"minecraft:item_frame":7,"minecraft:bedrock":1,"minecraft:birch_button":1,"minecraft:jungle_sign":2,"minecraft:repeater":44,"minecraft:redstone_lamp":3,"minecraft:potion":7,"minecraft:magenta_wool":7,"minecraft:written_book":12,"minecraft:iron_trapdoor":2,"minecraft:white_banner":1,"minecraft:pink_shulker_box":2,"minecraft:white_stained_glass":3,"minecraft:minecart":12,"minecraft:gold_block":1,"minecraft:smooth_stone_slab":67,"minecraft:acacia_planks":2,"minecraft:smooth_stone":171,"minecraft:purple_wool":3},"minecraft:picked_up":{"minecraft:chicken":542,"minecraft:dark_oak_button":2,"minecraft:splash_potion":2,"minecraft:repeater":18,"minecraft:flower_pot":322,"minecraft:redstone_lamp":1,"minecraft:brown_mushroom":19,"minecraft:diamond_sword":1,"minecraft:item_frame":10,"minecraft:detector_rail":2,"minecraft:comparator":1,"minecraft:redstone_torch":7,"minecraft:powered_rail":1,"minecraft:egg":1,"minecraft:oak_fence":1,"minecraft:torch":4,"minecraft:stone_button":1,"minecraft:cookie":112,"minecraft:blast_furnace":1,"minecraft:grass_block":1,"minecraft:redstone":92,"minecraft:cactus":3,"minecraft:lever":2,"minecraft:writable_book":1,"minecraft:painting":2,"minecraft:end_rod":1,"minecraft:green_wool":1,"minecraft:bread":1234,"minecraft:rail":7},"minecraft:custom":{"minecraft:inspect_dropper":88,"minecraft:interact_with_anvil":58,"minecraft:inspect_hopper":104,"minecraft:tune_noteblock":2,"minecraft:open_barrel":18,"minecraft:play_one_minute":1109805,"minecraft:open_shulker_box":177,"minecraft:leave_game":27,"minecraft:time_since_death":1109805,"minecraft:climb_one_cm":6550,"minecraft:time_since_rest":1109805,"minecraft:sprint_one_cm":147427,"minecraft:walk_one_cm":1136852,"minecraft:trigger_trapped_chest":4,"minecraft:drop":71,"minecraft:minecart_one_cm":164759,"minecraft:swim_one_cm":1870,"minecraft:fly_one_cm":7759994,"minecraft:open_chest":31,"minecraft:crouch_one_cm":36288,"minecraft:sneak_time":40672,"minecraft:walk_under_water_one_cm":16725,"minecraft:interact_with_lectern":6,"minecraft:interact_with_brewingstand":1,"minecraft:aviate_one_cm":115117,"minecraft:jump":1223,"minecraft:walk_on_water_one_cm":7255,"minecraft:fall_one_cm":2443,"minecraft:inspect_dispenser":1}},"DataVersion":2230}