{"stats":{"minecraft:picked_up":{"minecraft:iron_ore":3,"minecraft:cobblestone":1},"minecraft:used":{"minecraft:acacia_planks":1,"minecraft:dark_oak_door":2},"minecraft:dropped":{"minecraft:cobblestone":1,"minecraft:orange_terracotta":1,"minecraft:iron_ore":4},"minecraft:custom":{"minecraft:jump":153,"minecraft:open_chest":1,"minecraft:time_since_rest":46577,"minecraft:crouch_one_cm":2962,"minecraft:play_one_minute":46577,"minecraft:leave_game":1,"minecraft:open_shulker_box":2,"minecraft:sprint_one_cm":208084,"minecraft:walk_on_water_one_cm":1852,"minecraft:time_since_death":46577,"minecraft:walk_one_cm":140762,"minecraft:sneak_time":2247,"minecraft:walk_under_water_one_cm":1056,"minecraft:swim_one_cm":1777,"minecraft:drop":6,"minecraft:fly_one_cm":454522}},"DataVersion":2230}