{"stats":{"minecraft:crafted":{"minecraft:firework_star":1,"minecraft:firework_rocket":3},"minecraft:killed":{"minecraft:cat":8,"minecraft:wolf":6,"minecraft:rabbit":2,"minecraft:iron_golem":1,"minecraft:sheep":195},"minecraft:custom":{"minecraft:inspect_dropper":14,"minecraft:mob_kills":212,"minecraft:interact_with_anvil":82,"minecraft:inspect_hopper":7,"minecraft:interact_with_crafting_table":5,"minecraft:open_barrel":87,"minecraft:open_shulker_box":257,"minecraft:leave_game":50,"minecraft:time_since_death":10111377,"minecraft:climb_one_cm":116059,"minecraft:sprint_one_cm":4231776,"minecraft:walk_one_cm":23739234,"minecraft:drop":70,"minecraft:sneak_time":11588,"minecraft:walk_under_water_one_cm":367067,"minecraft:boat_one_cm":15040,"minecraft:interact_with_lectern":91,"minecraft:jump":13897,"minecraft:interact_with_blast_furnace":2,"minecraft:walk_on_water_one_cm":45564,"minecraft:interact_with_furnace":4,"minecraft:play_one_minute":10111377,"minecraft:interact_with_loom":8,"minecraft:pot_flower":2,"minecraft:time_since_rest":10111377,"minecraft:open_enderchest":5,"minecraft:trigger_trapped_chest":66,"minecraft:minecart_one_cm":82259,"minecraft:damage_dealt":17960,"minecraft:interact_with_beacon":2,"minecraft:swim_one_cm":23670,"minecraft:fly_one_cm":54941625,"minecraft:open_chest":117,"minecraft:crouch_one_cm":22513,"minecraft:aviate_one_cm":32385653,"minecraft:interact_with_smoker":4,"minecraft:fall_one_cm":389,"minecraft:inspect_dispenser":1},"minecraft:used":{"minecraft:oak_trapdoor":9,"minecraft:iron_bars":19,"minecraft:stripped_acacia_wood":3,"minecraft:nether_brick_fence":16,"minecraft:blue_terracotta":1,"minecraft:writable_book":174,"minecraft:red_sand":2,"minecraft:melon":243,"minecraft:flint_and_steel":40,"minecraft:armor_stand":2,"minecraft:red_sandstone_slab":22,"minecraft:bone_block":4,"minecraft:diamond_hoe":1,"minecraft:ladder":13,"minecraft:oak_sign":3,"minecraft:green_banner":5,"minecraft:chest":10,"minecraft:white_terracotta":79,"minecraft:stripped_jungle_wood":13,"minecraft:white_shulker_box":13,"minecraft:stripped_birch_wood":665,"minecraft:quartz_stairs":68,"minecraft:mossy_stone_brick_slab":25,"minecraft:netherrack":204,"minecraft:oak_door":5,"minecraft:torch":89,"minecraft:chiseled_red_sandstone":2,"minecraft:dirt":3,"minecraft:anvil":49,"minecraft:white_carpet":36,"minecraft:blue_stained_glass":90,"minecraft:jungle_planks":1,"minecraft:spruce_stairs":7,"minecraft:orange_wool":3,"minecraft:stone_stairs":13,"minecraft:nether_brick_slab":6,"minecraft:jungle_trapdoor":11,"minecraft:spruce_fence":1,"minecraft:granite":232,"minecraft:light_blue_stained_glass":2,"minecraft:milk_bucket":6,"minecraft:obsidian":65,"minecraft:red_sandstone_stairs":2,"minecraft:brown_terracotta":2,"minecraft:glass":110,"minecraft:stone_brick_slab":26,"minecraft:dark_oak_planks":1,"minecraft:sea_lantern":330,"minecraft:cyan_terracotta":13,"minecraft:bricks":18,"minecraft:bookshelf":1,"minecraft:quartz_pillar":4,"minecraft:black_stained_glass_pane":24,"minecraft:cyan_shulker_box":4,"minecraft:quartz_slab":23,"minecraft:red_wool":26,"minecraft:lantern":42,"minecraft:iron_block":300,"minecraft:grass_block":6,"minecraft:oak_stairs":9,"minecraft:acacia_slab":2,"minecraft:quartz_block":13,"minecraft:green_wool":9,"minecraft:mossy_cobblestone_slab":2,"minecraft:smooth_quartz":1,"minecraft:hopper_minecart":3,"minecraft:barrel":2,"minecraft:item_frame":84,"minecraft:red_stained_glass_pane":3,"minecraft:light_gray_wool":369,"minecraft:emerald_block":40,"minecraft:scaffolding":189,"minecraft:birch_trapdoor":8,"minecraft:magma_block":52,"minecraft:purple_concrete":137,"minecraft:bow":84,"minecraft:redstone_lamp":6,"minecraft:snow":21,"minecraft:black_stained_glass":2,"minecraft:magenta_wool":129,"minecraft:hay_block":19,"minecraft:written_book":105,"minecraft:iron_trapdoor":6,"minecraft:blue_shulker_box":5,"minecraft:lime_stained_glass":8,"minecraft:white_stained_glass_pane":33,"minecraft:minecart":5,"minecraft:trapped_chest":4,"minecraft:acacia_planks":17,"minecraft:water_bucket":88,"minecraft:end_rod":145,"minecraft:spruce_door":6,"minecraft:sandstone_stairs":40,"minecraft:snow_block":30,"minecraft:birch_planks":31,"minecraft:yellow_shulker_box":1,"minecraft:acacia_trapdoor":11,"minecraft:polished_andesite":162,"minecraft:jungle_fence":1,"minecraft:lime_wool":451,"minecraft:smooth_sandstone_slab":6,"minecraft:birch_boat":3,"minecraft:sandstone":2,"minecraft:black_shulker_box":17,"minecraft:cut_sandstone":11,"minecraft:blue_concrete_powder":1,"minecraft:composter":2,"minecraft:end_stone_brick_slab":8,"minecraft:beacon":6,"minecraft:sheep_spawn_egg":12,"minecraft:cracked_stone_bricks":2,"minecraft:white_wool":165,"minecraft:lime_terracotta":25,"minecraft:sand":10,"minecraft:rail":7,"minecraft:vine":36,"minecraft:lime_stained_glass_pane":8,"minecraft:tnt":3,"minecraft:oak_slab":35,"minecraft:crafting_table":2,"minecraft:loom":1,"minecraft:light_blue_wool":3,"minecraft:birch_sign":782,"minecraft:black_banner":1,"minecraft:crossbow":80,"minecraft:blue_ice":5,"minecraft:campfire":86,"minecraft:sponge":733,"minecraft:light_gray_concrete_powder":3,"minecraft:lingering_potion":24,"minecraft:painting":13,"minecraft:lime_shulker_box":5,"minecraft:smooth_red_sandstone_stairs":2,"minecraft:smoker":1,"minecraft:dark_oak_door":9,"minecraft:birch_fence":90,"minecraft:black_terracotta":19,"minecraft:blue_stained_glass_pane":2,"minecraft:flower_pot":1,"minecraft:red_sandstone":2298,"minecraft:acacia_stairs":16,"minecraft:black_wool":270,"minecraft:black_concrete":3620,"minecraft:firework_rocket":348,"minecraft:chiseled_sandstone":60,"minecraft:lime_carpet":1,"minecraft:light_gray_concrete":19,"minecraft:heavy_weighted_pressure_plate":35,"minecraft:brown_wool":17,"minecraft:stone_button":3,"minecraft:lectern":14,"minecraft:jungle_stairs":9,"minecraft:stone_slab":6,"minecraft:polished_granite":1,"minecraft:purpur_slab":5,"minecraft:iron_door":17,"minecraft:polished_andesite_slab":2,"minecraft:yellow_wool":42,"minecraft:pufferfish":1,"minecraft:magenta_stained_glass_pane":2,"minecraft:green_carpet":13,"minecraft:diamond_sword":278,"minecraft:green_shulker_box":9,"minecraft:coal_block":1,"minecraft:potion":50,"minecraft:white_banner":2,"minecraft:dark_oak_fence":1,"minecraft:bucket":105,"minecraft:white_stained_glass":25,"minecraft:lapis_block":11,"minecraft:grass_path":2,"minecraft:magenta_glazed_terracotta":3,"minecraft:smooth_stone_slab":151,"minecraft:sea_pickle":1,"minecraft:splash_potion":1119,"minecraft:white_concrete":2037,"minecraft:gray_wool":102,"minecraft:purple_wool":14,"minecraft:birch_stairs":25,"minecraft:smooth_stone":217},"minecraft:dropped":{"minecraft:orange_dye":1,"minecraft:lime_shulker_box":1,"minecraft:purple_dye":1,"minecraft:iron_block":1,"minecraft:mutton":15,"minecraft:smooth_quartz":1,"minecraft:writable_book":28,"minecraft:white_wool":7,"minecraft:smooth_stone_slab":1,"minecraft:bowl":1,"minecraft:composter":1,"minecraft:white_carpet":6,"minecraft:orange_wool":1,"minecraft:diamond_sword":5,"minecraft:sea_lantern":1,"minecraft:birch_sign":6,"minecraft:red_sand":2,"minecraft:campfire":1,"minecraft:written_book":1,"minecraft:splash_potion":1,"minecraft:netherrack":1,"minecraft:lectern":1,"minecraft:firework_rocket":1},"minecraft:picked_up":{"minecraft:blaze_spawn_egg":1,"minecraft:firework_star":1,"minecraft:purple_wool":4,"minecraft:splash_potion":26,"minecraft:nether_wart":176,"minecraft:turtle_helmet":1,"minecraft:yellow_wool":2,"minecraft:diamond_sword":5,"minecraft:pink_wool":2,"minecraft:potion":12,"minecraft:dragon_head":1,"minecraft:string":5,"minecraft:item_frame":67,"minecraft:white_carpet":9,"minecraft:red_sand":2,"minecraft:black_shulker_box":6,"minecraft:acacia_sign":1,"minecraft:written_book":41,"minecraft:light_gray_wool":2,"minecraft:minecart":6,"minecraft:blue_shulker_box":2,"minecraft:blue_wool":1,"minecraft:egg":12,"minecraft:dark_oak_door":5,"minecraft:lime_shulker_box":3,"minecraft:orange_dye":1,"minecraft:torch":1,"minecraft:cyan_shulker_box":4,"minecraft:arrow":64,"minecraft:light_blue_wool":2,"minecraft:green_wool":4,"minecraft:black_banner":1,"minecraft:white_shulker_box":11,"minecraft:mutton":261,"minecraft:white_wool":146,"minecraft:yellow_shulker_box":2,"minecraft:purple_dye":1,"minecraft:magma_cream":1,"minecraft:brown_wool":1,"minecraft:filled_map":1,"minecraft:green_shulker_box":1,"minecraft:lapis_lazuli":1,"minecraft:white_banner":15,"minecraft:leather_boots":16,"minecraft:rabbit_hide":2,"minecraft:iron_ingot":5,"minecraft:rabbit":1,"minecraft:glass_bottle":60,"minecraft:scaffolding":97,"minecraft:red_wool":1,"minecraft:red_banner":1,"minecraft:grass_block":1,"minecraft:jungle_slab":47,"minecraft:orange_wool":2,"minecraft:firework_rocket":1,"minecraft:writable_book":37,"minecraft:painting":19,"minecraft:birch_sign":10,"minecraft:netherrack":1,"minecraft:red_concrete":4},"minecraft:mined":{"minecraft:white_bed":1}},"DataVersion":2230}