{"stats":{"minecraft:picked_up":{"minecraft:dragon_head":1,"minecraft:dark_oak_pressure_plate":2,"minecraft:blue_orchid":99,"minecraft:redstone_torch":1,"minecraft:poppy":11,"minecraft:quartz_pillar":1,"minecraft:stone_button":2,"minecraft:light_gray_banner":2,"minecraft:tropical_fish":10,"minecraft:oxeye_daisy":3,"minecraft:lantern":1,"minecraft:sheep_spawn_egg":1,"minecraft:birch_sign":1},"minecraft:used":{"minecraft:orange_concrete_powder":39,"minecraft:trident":5,"minecraft:jack_o_lantern":1,"minecraft:blue_terracotta":813,"minecraft:writable_book":1,"minecraft:red_sand":5,"minecraft:iron_bars":8,"minecraft:melon":53,"minecraft:redstone_ore":101,"minecraft:armor_stand":2,"minecraft:poppy":16,"minecraft:oak_sign":1,"minecraft:light_blue_terracotta":449,"minecraft:spruce_planks":146,"minecraft:white_terracotta":1788,"minecraft:stone":22,"minecraft:brown_concrete":13,"minecraft:stripped_jungle_wood":1388,"minecraft:brown_shulker_box":1,"minecraft:quartz_stairs":38,"minecraft:stripped_birch_wood":12,"minecraft:netherrack":3,"minecraft:green_terracotta":366,"minecraft:green_glazed_terracotta":42,"minecraft:torch":5,"minecraft:soul_sand":81,"minecraft:dirt":69,"minecraft:nether_quartz_ore":59,"minecraft:jungle_planks":448,"minecraft:orange_glazed_terracotta":88,"minecraft:nether_bricks":12,"minecraft:orange_wool":2,"minecraft:light_gray_glazed_terracotta":141,"minecraft:pink_terracotta":8,"minecraft:oak_wood":3,"minecraft:granite":14,"minecraft:blue_concrete":39,"minecraft:polished_diorite":3,"minecraft:obsidian":2,"minecraft:brown_terracotta":35,"minecraft:dark_oak_planks":2,"minecraft:cyan_terracotta":87,"minecraft:bricks":26,"minecraft:coal_ore":120,"minecraft:bookshelf":11,"minecraft:quartz_pillar":47,"minecraft:iron_block":111,"minecraft:lantern":2,"minecraft:grass_block":65,"minecraft:blue_orchid":90,"minecraft:acacia_slab":5,"minecraft:smooth_sandstone":403,"minecraft:green_wool":496,"minecraft:smooth_quartz":269,"minecraft:diorite_wall":5,"minecraft:pink_wool":164,"minecraft:stone_bricks":13,"minecraft:bedrock":104,"minecraft:light_gray_wool":120,"minecraft:birch_trapdoor":3,"minecraft:purple_concrete":2,"minecraft:written_book":1,"minecraft:redstone_lamp":1,"minecraft:lime_concrete":940,"minecraft:snow":138,"minecraft:magenta_wool":5,"minecraft:hay_block":29,"minecraft:gray_glazed_terracotta":1320,"minecraft:magenta_terracotta":60,"minecraft:yellow_glazed_terracotta":862,"minecraft:gold_block":209,"minecraft:acacia_wood":66,"minecraft:acacia_planks":26,"minecraft:dragon_head":7,"minecraft:orange_terracotta":6,"minecraft:lime_glazed_terracotta":226,"minecraft:emerald_ore":18,"minecraft:water_bucket":28,"minecraft:tube_coral_fan":2,"minecraft:diorite":21,"minecraft:end_rod":2,"minecraft:end_stone_bricks":53,"minecraft:iron_ore":70,"minecraft:light_blue_glazed_terracotta":86,"minecraft:pink_glazed_terracotta":23,"minecraft:snow_block":261,"minecraft:birch_planks":458,"minecraft:dark_oak_sign":1,"minecraft:yellow_shulker_box":2,"minecraft:acacia_trapdoor":2,"minecraft:polished_andesite":1,"minecraft:lime_wool":444,"minecraft:oak_planks":202,"minecraft:birch_wood":14,"minecraft:pink_banner":2,"minecraft:blue_wool":120,"minecraft:sandstone":36,"minecraft:red_mushroom_block":17,"minecraft:black_glazed_terracotta":3,"minecraft:clay":109,"minecraft:gold_ore":63,"minecraft:cracked_stone_bricks":6,"minecraft:white_wool":209,"minecraft:pink_concrete":201,"minecraft:yellow_terracotta":580,"minecraft:mossy_cobblestone":13,"minecraft:dark_oak_trapdoor":12,"minecraft:diamond_block":6,"minecraft:sand":7,"minecraft:lime_terracotta":45,"minecraft:light_gray_banner":5,"minecraft:terracotta":41,"minecraft:stripped_dark_oak_log":3,"minecraft:light_blue_concrete":44,"minecraft:infested_chiseled_stone_bricks":16,"minecraft:cyan_glazed_terracotta":519,"minecraft:tnt":144,"minecraft:crafting_table":9,"minecraft:light_blue_wool":13,"minecraft:birch_sign":10,"minecraft:smooth_red_sandstone":213,"minecraft:light_gray_terracotta":30,"minecraft:yellow_concrete":6926,"minecraft:crossbow":2,"minecraft:purple_terracotta":148,"minecraft:campfire":12,"minecraft:sponge":70,"minecraft:chiseled_quartz_block":28,"minecraft:dark_oak_fence_gate":1,"minecraft:note_block":11,"minecraft:lingering_potion":60,"minecraft:gray_concrete":2221,"minecraft:brown_glazed_terracotta":23,"minecraft:infested_stone_bricks":4,"minecraft:end_stone":312,"minecraft:cake":8,"minecraft:spruce_log":171,"minecraft:birch_fence":12,"minecraft:redstone_torch":3,"minecraft:oak_log":35,"minecraft:black_terracotta":27,"minecraft:gray_terracotta":35,"minecraft:piston":2,"minecraft:blue_glazed_terracotta":336,"minecraft:flower_pot":5,"minecraft:acacia_stairs":5,"minecraft:red_sandstone":1,"minecraft:black_wool":474,"minecraft:oxeye_daisy":10,"minecraft:chiseled_sandstone":387,"minecraft:stripped_jungle_log":3,"minecraft:light_gray_concrete":7,"minecraft:brown_wool":4,"minecraft:stone_button":6,"minecraft:lapis_ore":1155,"minecraft:cyan_concrete":40,"minecraft:white_glazed_terracotta":103,"minecraft:magenta_concrete":4,"minecraft:red_terracotta":11,"minecraft:polished_granite":54,"minecraft:spruce_trapdoor":8,"minecraft:diamond_ore":84,"minecraft:yellow_wool":509,"minecraft:chiseled_stone_bricks":2,"minecraft:fishing_rod":84,"minecraft:coal_block":4,"minecraft:cobblestone":46,"minecraft:dark_oak_fence":5,"minecraft:andesite":177,"minecraft:lapis_block":477,"minecraft:birch_log":11,"minecraft:bucket":20,"minecraft:magenta_glazed_terracotta":8,"minecraft:white_concrete":38,"minecraft:coarse_dirt":1,"minecraft:gray_wool":1422,"minecraft:brown_mushroom_block":3514,"minecraft:purple_wool":62},"minecraft:custom":{"minecraft:interact_with_crafting_table":4,"minecraft:open_shulker_box":14,"minecraft:eat_cake_slice":48,"minecraft:time_since_death":2824703,"minecraft:leave_game":27,"minecraft:climb_one_cm":624,"minecraft:sprint_one_cm":279327,"minecraft:walk_one_cm":1128761,"minecraft:drop":32,"minecraft:sneak_time":92100,"minecraft:walk_under_water_one_cm":10595,"minecraft:interact_with_lectern":3,"minecraft:jump":1161,"minecraft:walk_on_water_one_cm":16513,"minecraft:tune_noteblock":82,"minecraft:play_one_minute":2824703,"minecraft:pot_flower":4,"minecraft:time_since_rest":2824703,"minecraft:damage_dealt":10,"minecraft:swim_one_cm":28023,"minecraft:fly_one_cm":14231281,"minecraft:open_chest":1,"minecraft:crouch_one_cm":48126},"minecraft:dropped":{"minecraft:dark_oak_pressure_plate":2,"minecraft:quartz_pillar":1,"minecraft:oxeye_daisy":26,"minecraft:gray_wool":1,"minecraft:gray_glazed_terracotta":1,"minecraft:spruce_planks":2}},"DataVersion":2230}