{"stats":{"minecraft:used":{"minecraft:glass":9,"minecraft:bedrock":1,"minecraft:birch_button":1,"minecraft:black_wool":3,"minecraft:hopper":1,"minecraft:acacia_trapdoor":1,"minecraft:birch_planks":2,"minecraft:light_blue_wool":3,"minecraft:grass_block":15,"minecraft:nether_bricks":4,"minecraft:white_stained_glass":3,"minecraft:light_blue_terracotta":10,"minecraft:redstone_block":1,"minecraft:acacia_planks":1,"minecraft:smooth_quartz":2,"minecraft:nether_brick_stairs":4,"minecraft:redstone_torch":2,"minecraft:item_frame":7},"minecraft:custom":{"minecraft:open_barrel":11,"minecraft:open_chest":9,"minecraft:time_since_rest":84497,"minecraft:crouch_one_cm":2054,"minecraft:play_one_minute":84497,"minecraft:sprint_one_cm":45157,"minecraft:inspect_dropper":5,"minecraft:open_shulker_box":7,"minecraft:walk_one_cm":194649,"minecraft:sneak_time":5177,"minecraft:walk_under_water_one_cm":6638,"minecraft:drop":1,"minecraft:jump":213,"minecraft:inspect_hopper":3,"minecraft:leave_game":3,"minecraft:walk_on_water_one_cm":2116,"minecraft:time_since_death":84497,"minecraft:climb_one_cm":243,"minecraft:fly_one_cm":1003931},"minecraft:picked_up":{"minecraft:item_frame":10,"minecraft:cactus":3,"minecraft:painting":2},"minecraft:dropped":{"minecraft:cactus":1}},"DataVersion":2230}