{"stats":{"minecraft:picked_up":{"minecraft:stone_brick_stairs":1,"minecraft:blue_concrete":1,"minecraft:golden_sword":1,"minecraft:lapis_block":1,"minecraft:cornflower":1,"minecraft:white_stained_glass":3,"minecraft:birch_fence":1,"minecraft:blue_orchid":6,"minecraft:oak_sign":3,"minecraft:dark_oak_door":2,"minecraft:stone":2,"minecraft:jukebox":2,"minecraft:cyan_stained_glass":3,"minecraft:blue_stained_glass":4,"minecraft:diamond_chestplate":2,"minecraft:mutton":8,"minecraft:white_wool":2,"minecraft:andesite":1,"minecraft:chiseled_quartz_block":2,"minecraft:smooth_sandstone_stairs":1,"minecraft:brown_concrete":1,"minecraft:purple_stained_glass":1,"minecraft:lantern":106,"minecraft:smooth_sandstone":2,"minecraft:glass":2,"minecraft:stone_bricks":4,"minecraft:gray_terracotta":2,"minecraft:bell":4,"minecraft:yellow_stained_glass":1,"minecraft:cyan_concrete":2,"minecraft:pink_stained_glass":1,"minecraft:pink_concrete":2,"minecraft:yellow_concrete":1,"minecraft:brown_stained_glass":3,"minecraft:stone_brick_slab":1,"minecraft:red_wool":3,"minecraft:pink_stained_glass_pane":2,"minecraft:green_stained_glass":1,"minecraft:grass_block":1,"minecraft:light_blue_stained_glass":1,"minecraft:light_gray_concrete":1,"minecraft:red_stained_glass":1,"minecraft:yellow_stained_glass_pane":1,"minecraft:red_concrete":1,"minecraft:black_wool":3},"minecraft:dropped":{"minecraft:oak_slab":1,"minecraft:vine":2,"minecraft:loom":1,"minecraft:crafting_table":1,"minecraft:grass_block":1,"minecraft:gray_concrete":1,"minecraft:birch_fence":1,"minecraft:smooth_sandstone":1,"minecraft:black_stained_glass":1,"minecraft:lapis_block":1,"minecraft:pink_stained_glass_pane":2,"minecraft:stone_brick_slab":1,"minecraft:pink_concrete":2,"minecraft:red_concrete":1,"minecraft:light_blue_glazed_terracotta":2,"minecraft:chiseled_quartz_block":1,"minecraft:jukebox":1,"minecraft:smooth_sandstone_stairs":1,"minecraft:yellow_stained_glass":2,"minecraft:light_gray_concrete":1,"minecraft:oak_sign":1,"minecraft:blue_stained_glass":1,"minecraft:yellow_stained_glass_pane":1,"minecraft:gray_terracotta":2,"minecraft:stone":1,"minecraft:diamond_chestplate":3,"minecraft:andesite":1,"minecraft:ladder":1,"minecraft:chest":1,"minecraft:golden_sword":1,"minecraft:stone_bricks":3,"minecraft:cyan_concrete":2,"minecraft:glass":1,"minecraft:stone_brick_stairs":1,"minecraft:white_stained_glass":1,"minecraft:cartography_table":1,"minecraft:black_wool":3,"minecraft:brown_concrete":1},"minecraft:custom":{"minecraft:mob_kills":5,"minecraft:interact_with_crafting_table":2,"minecraft:bell_ring":27,"minecraft:leave_game":25,"minecraft:time_since_death":1026738,"minecraft:climb_one_cm":19459,"minecraft:sprint_one_cm":677946,"minecraft:walk_one_cm":1811701,"minecraft:drop":48,"minecraft:sneak_time":16242,"minecraft:walk_under_water_one_cm":14641,"minecraft:jump":942,"minecraft:walk_on_water_one_cm":148,"minecraft:interact_with_cartography_table":1,"minecraft:play_one_minute":1026738,"minecraft:interact_with_loom":1,"minecraft:time_since_rest":1026738,"minecraft:trigger_trapped_chest":1,"minecraft:damage_dealt":390,"minecraft:fly_one_cm":5657948,"minecraft:open_chest":8,"minecraft:crouch_one_cm":7993,"minecraft:aviate_one_cm":1399},"minecraft:used":{"minecraft:light_blue_stained_glass_pane":84,"minecraft:light_gray_stained_glass_pane":68,"minecraft:orange_concrete":34,"minecraft:white_tulip":6,"minecraft:red_concrete":39,"minecraft:poppy":20,"minecraft:ladder":107,"minecraft:oak_sign":1,"minecraft:white_concrete_powder":1,"minecraft:spruce_planks":220,"minecraft:chest":2,"minecraft:brown_concrete":36,"minecraft:grass":1,"minecraft:bell":8,"minecraft:smooth_sandstone_stairs":163,"minecraft:orange_stained_glass":179,"minecraft:torch":1,"minecraft:dirt":218,"minecraft:blue_stained_glass":249,"minecraft:nether_bricks":22,"minecraft:stone_stairs":9,"minecraft:jungle_slab":2,"minecraft:allium":20,"minecraft:light_blue_stained_glass":252,"minecraft:spruce_fence":5,"minecraft:blue_concrete":56,"minecraft:snowball":91,"minecraft:purple_stained_glass_pane":89,"minecraft:stone_brick_slab":9,"minecraft:sea_lantern":86,"minecraft:light_gray_stained_glass":179,"minecraft:red_tulip":6,"minecraft:quartz_pillar":59,"minecraft:black_stained_glass_pane":101,"minecraft:yellow_stained_glass":383,"minecraft:quartz_slab":334,"minecraft:oak_stairs":3,"minecraft:lantern":819,"minecraft:grass_block":52,"minecraft:blue_orchid":278,"minecraft:smooth_sandstone":2,"minecraft:pink_stained_glass_pane":56,"minecraft:stone_brick_stairs":1,"minecraft:stone_bricks":43,"minecraft:light_gray_wool":6,"minecraft:golden_sword":7,"minecraft:red_stained_glass_pane":71,"minecraft:purple_concrete":43,"minecraft:red_nether_brick_wall":58,"minecraft:lime_concrete":42,"minecraft:black_stained_glass":206,"minecraft:iron_trapdoor":4,"minecraft:lime_stained_glass":194,"minecraft:white_stained_glass_pane":93,"minecraft:egg":1,"minecraft:orange_stained_glass_pane":75,"minecraft:green_stained_glass_pane":77,"minecraft:pink_tulip":6,"minecraft:brick_wall":6,"minecraft:red_stained_glass":181,"minecraft:oak_planks":20,"minecraft:cartography_table":1,"minecraft:smooth_sandstone_slab":12,"minecraft:orange_tulip":6,"minecraft:magenta_stained_glass":182,"minecraft:sheep_spawn_egg":16,"minecraft:pink_concrete":83,"minecraft:sand":3,"minecraft:vine":50,"minecraft:light_blue_concrete":33,"minecraft:oak_slab":5,"minecraft:lime_stained_glass_pane":26,"minecraft:crafting_table":1,"minecraft:loom":1,"minecraft:birch_sign":3,"minecraft:yellow_stained_glass_pane":77,"minecraft:yellow_concrete":64,"minecraft:acacia_leaves":74,"minecraft:campfire":3,"minecraft:light_gray_concrete_powder":7,"minecraft:chiseled_quartz_block":2535,"minecraft:gray_concrete":36,"minecraft:red_sandstone_wall":10,"minecraft:dark_oak_door":14,"minecraft:cyan_stained_glass":188,"minecraft:birch_fence":1808,"minecraft:redstone_torch":5,"minecraft:purple_stained_glass":189,"minecraft:blue_stained_glass_pane":90,"minecraft:blue_glazed_terracotta":1,"minecraft:green_concrete":32,"minecraft:oxeye_daisy":9,"minecraft:cornflower":42,"minecraft:black_concrete":32,"minecraft:black_wool":23,"minecraft:birch_fence_gate":5,"minecraft:acacia_door":3,"minecraft:gray_stained_glass_pane":25,"minecraft:birch_slab":228,"minecraft:light_gray_concrete":33,"minecraft:brown_stained_glass":191,"minecraft:cyan_concrete":35,"minecraft:magenta_concrete":34,"minecraft:acacia_fence_gate":111,"minecraft:magenta_stained_glass_pane":26,"minecraft:magenta_banner":2,"minecraft:chiseled_stone_bricks":61,"minecraft:diamond_sword":2,"minecraft:brown_stained_glass_pane":79,"minecraft:cyan_stained_glass_pane":26,"minecraft:dark_oak_fence":19,"minecraft:andesite":6,"minecraft:white_stained_glass":186,"minecraft:pumpkin_pie":1,"minecraft:lapis_block":254,"minecraft:grass_path":61,"minecraft:pink_stained_glass":208,"minecraft:smooth_stone_slab":25,"minecraft:white_concrete":42,"minecraft:dandelion":6,"minecraft:jukebox":1,"minecraft:birch_stairs":23,"minecraft:gray_stained_glass":180,"minecraft:green_stained_glass":190},"minecraft:killed":{"minecraft:sheep":5}},"DataVersion":2230}