{"stats":{"minecraft:used":{"minecraft:peony":10,"minecraft:writable_book":17,"minecraft:iron_shovel":21,"minecraft:light_gray_stained_glass_pane":6,"minecraft:smooth_quartz_slab":24,"minecraft:dispenser":7,"minecraft:poppy":19,"minecraft:diamond_hoe":8,"minecraft:ladder":29,"minecraft:oak_sign":17,"minecraft:white_concrete_powder":5,"minecraft:green_banner":5,"minecraft:chest":59,"minecraft:white_shulker_box":12,"minecraft:quartz_stairs":248,"minecraft:bell":4,"minecraft:player_head":5,"minecraft:soul_sand":19,"minecraft:birch_pressure_plate":4,"minecraft:lily_of_the_valley":31,"minecraft:blue_stained_glass":634,"minecraft:brick_slab":96,"minecraft:jungle_planks":29,"minecraft:nether_bricks":1,"minecraft:allium":1,"minecraft:furnace_minecart":1,"minecraft:obsidian":57,"minecraft:glass":1567,"minecraft:cyan_terracotta":451,"minecraft:lava_bucket":5,"minecraft:stripped_dark_oak_wood":5,"minecraft:bricks":72,"minecraft:quartz_pillar":104,"minecraft:quartz_slab":565,"minecraft:red_wool":5,"minecraft:black_stained_glass_pane":306,"minecraft:lantern":12,"minecraft:grass_block":6320,"minecraft:blue_orchid":2,"minecraft:birch_sapling":67,"minecraft:quartz_block":12,"minecraft:green_wool":14,"minecraft:tropical_fish_spawn_egg":3,"minecraft:hopper_minecart":2,"minecraft:pink_wool":98,"minecraft:stone_brick_stairs":813,"minecraft:stone_bricks":5570,"minecraft:blue_banner":5,"minecraft:item_frame":267,"minecraft:bedrock":9,"minecraft:repeater":188,"minecraft:birch_button":10,"minecraft:birch_trapdoor":47,"minecraft:red_stained_glass_pane":3,"minecraft:infested_mossy_stone_bricks":1962,"minecraft:red_carpet":17,"minecraft:redstone_lamp":93,"minecraft:magma_block":2,"minecraft:brown_carpet":1,"minecraft:snow":51,"minecraft:hay_block":20,"minecraft:written_book":3,"minecraft:blue_shulker_box":6,"minecraft:oak_sapling":1,"minecraft:furnace":5,"minecraft:gold_block":1,"minecraft:skeleton_skull":6,"minecraft:dragon_head":14,"minecraft:end_rod":267,"minecraft:gray_carpet":22,"minecraft:dropper":35,"minecraft:wither_skeleton_skull":1,"minecraft:powered_rail":137,"minecraft:stripped_birch_log":110,"minecraft:red_stained_glass":61,"minecraft:birch_leaves":15,"minecraft:acacia_trapdoor":10,"minecraft:dark_oak_sign":23,"minecraft:oak_planks":86,"minecraft:lily_pad":1,"minecraft:orange_tulip":1,"minecraft:sandstone":1,"minecraft:redstone_block":86,"minecraft:black_glazed_terracotta":1,"minecraft:composter":1,"minecraft:diamond_axe":44,"minecraft:smooth_quartz_stairs":680,"minecraft:white_wool":163,"minecraft:dark_oak_trapdoor":29,"minecraft:loom":9,"minecraft:blast_furnace":18,"minecraft:black_banner":23,"minecraft:yellow_concrete":16,"minecraft:crossbow":1,"minecraft:chiseled_quartz_block":19,"minecraft:note_block":20,"minecraft:stone_brick_wall":3,"minecraft:gray_concrete":11155,"minecraft:end_stone":31,"minecraft:birch_fence":8,"minecraft:redstone_torch":328,"minecraft:sticky_piston":279,"minecraft:lever":109,"minecraft:black_concrete":466,"minecraft:firework_rocket":6,"minecraft:daylight_detector":3,"minecraft:birch_fence_gate":7,"minecraft:acacia_door":3,"minecraft:gray_stained_glass_pane":19,"minecraft:birch_slab":293,"minecraft:light_gray_concrete":383,"minecraft:heavy_weighted_pressure_plate":17,"minecraft:string":54,"minecraft:brown_stained_glass":389,"minecraft:stone_button":95,"minecraft:lectern":5,"minecraft:polished_granite":6,"minecraft:oak_pressure_plate":9,"minecraft:iron_door":48,"minecraft:gravel":193,"minecraft:lilac":66,"minecraft:polished_andesite_slab":37,"minecraft:jungle_sign":5,"minecraft:diamond_sword":39,"minecraft:grindstone":31,"minecraft:white_stained_glass":2516,"minecraft:birch_log":1,"minecraft:pink_stained_glass":21,"minecraft:smooth_stone_slab":3377,"minecraft:chest_minecart":22,"minecraft:oak_boat":1,"minecraft:white_concrete":20414,"minecraft:tropical_fish_bucket":11,"minecraft:bone_meal":249,"minecraft:purple_wool":103,"minecraft:cobweb":14,"minecraft:oak_fence":20,"minecraft:oak_trapdoor":5,"minecraft:trident":2,"minecraft:rose_bush":23,"minecraft:iron_bars":330,"minecraft:flint_and_steel":45,"minecraft:armor_stand":245,"minecraft:redstone":796,"minecraft:light_gray_carpet":6,"minecraft:ender_chest":1,"minecraft:brown_shulker_box":1,"minecraft:netherrack":54,"minecraft:torch":175,"minecraft:light_gray_shulker_box":9,"minecraft:brewing_stand":1,"minecraft:dirt":200,"minecraft:anvil":14,"minecraft:white_carpet":1094,"minecraft:hopper":134,"minecraft:nether_quartz_ore":47,"minecraft:yellow_carpet":20,"minecraft:bee_nest":2,"minecraft:jungle_trapdoor":137,"minecraft:dead_brain_coral_block":380,"minecraft:spruce_fence":11,"minecraft:light_blue_stained_glass":13,"minecraft:blue_concrete":322,"minecraft:nether_brick_stairs":2,"minecraft:polished_diorite":11,"minecraft:birch_door":9,"minecraft:purple_banner":7,"minecraft:stone_brick_slab":1267,"minecraft:ravager_spawn_egg":1,"minecraft:sea_lantern":1314,"minecraft:yellow_stained_glass":6,"minecraft:iron_block":23,"minecraft:oak_stairs":28,"minecraft:brick_stairs":3,"minecraft:spruce_button":1,"minecraft:slime_block":29,"minecraft:smooth_quartz":1267,"minecraft:pink_stained_glass_pane":3,"minecraft:tripwire_hook":10,"minecraft:black_stained_glass":89,"minecraft:magenta_wool":22,"minecraft:iron_trapdoor":141,"minecraft:white_stained_glass_pane":78,"minecraft:podzol":2,"minecraft:minecart":71,"minecraft:infested_cobblestone":43,"minecraft:trapped_chest":11,"minecraft:stone_pressure_plate":14,"minecraft:acacia_planks":22,"minecraft:observer":66,"minecraft:water_bucket":1559,"minecraft:cobblestone_stairs":1,"minecraft:tube_coral_block":15,"minecraft:pink_glazed_terracotta":2,"minecraft:sandstone_stairs":212,"minecraft:snow_block":759,"minecraft:birch_planks":2438,"minecraft:polished_andesite":1020,"minecraft:lime_wool":4,"minecraft:blue_wool":1125,"minecraft:birch_boat":1,"minecraft:red_mushroom_block":19,"minecraft:cauldron":2,"minecraft:stonecutter":2,"minecraft:sheep_spawn_egg":44,"minecraft:conduit":2,"minecraft:rail":430,"minecraft:comparator":44,"minecraft:oak_slab":1573,"minecraft:tnt":1,"minecraft:crafting_table":8,"minecraft:birch_sign":66,"minecraft:yellow_stained_glass_pane":19,"minecraft:campfire":30,"minecraft:lime_shulker_box":3,"minecraft:painting":130,"minecraft:magenta_carpet":1,"minecraft:cake":23,"minecraft:smoker":3,"minecraft:dark_oak_door":115,"minecraft:purple_stained_glass":46,"minecraft:blue_stained_glass_pane":19,"minecraft:piston":197,"minecraft:flower_pot":57,"minecraft:black_wool":162,"minecraft:cornflower":27,"minecraft:activator_rail":1,"minecraft:oxeye_daisy":2,"minecraft:diamond_shovel":34,"minecraft:acacia_sign":59,"minecraft:oak_button":22,"minecraft:map":74,"minecraft:detector_rail":323,"minecraft:jungle_stairs":82,"minecraft:spruce_trapdoor":7,"minecraft:yellow_wool":7,"minecraft:blue_carpet":534,"minecraft:green_carpet":6,"minecraft:chiseled_stone_bricks":1,"minecraft:brown_stained_glass_pane":15,"minecraft:green_shulker_box":9,"minecraft:cobblestone":57,"minecraft:white_banner":269,"minecraft:bucket":37,"minecraft:jungle_door":5,"minecraft:red_banner":5,"minecraft:glass_pane":222,"minecraft:grass_path":5,"minecraft:dandelion":15,"minecraft:kelp":6,"minecraft:purple_carpet":3,"minecraft:smooth_stone":338,"minecraft:brown_mushroom_block":8,"minecraft:jukebox":2,"minecraft:birch_stairs":109,"minecraft:green_stained_glass":42},"minecraft:custom":{"minecraft:interact_with_crafting_table":27,"minecraft:open_shulker_box":130,"minecraft:bell_ring":4,"minecraft:eat_cake_slice":76,"minecraft:leave_game":76,"minecraft:time_since_death":68207,"minecraft:sprint_one_cm":1988998,"minecraft:drop":135,"minecraft:deaths":5,"minecraft:jump":12876,"minecraft:interact_with_brewingstand":6,"minecraft:walk_on_water_one_cm":237294,"minecraft:interact_with_furnace":32,"minecraft:play_one_minute":5712169,"minecraft:interact_with_loom":134,"minecraft:damage_dealt":6129,"minecraft:crouch_one_cm":127594,"minecraft:interact_with_smoker":3,"minecraft:inspect_dispenser":29,"minecraft:inspect_dropper":35,"minecraft:mob_kills":67,"minecraft:interact_with_anvil":16,"minecraft:inspect_hopper":238,"minecraft:fill_cauldron":2,"minecraft:climb_one_cm":9845,"minecraft:walk_one_cm":15768903,"minecraft:sneak_time":90002,"minecraft:walk_under_water_one_cm":451152,"minecraft:boat_one_cm":1755,"minecraft:interact_with_lectern":2,"minecraft:interact_with_blast_furnace":15,"minecraft:tune_noteblock":66,"minecraft:pot_flower":31,"minecraft:interact_with_grindstone":8,"minecraft:time_since_rest":68244,"minecraft:damage_taken":1180,"minecraft:trigger_trapped_chest":21,"minecraft:minecart_one_cm":387416,"minecraft:swim_one_cm":213967,"minecraft:fly_one_cm":32407993,"minecraft:pig_one_cm":104274,"minecraft:open_chest":198,"minecraft:aviate_one_cm":8674245,"minecraft:fall_one_cm":10784},"minecraft:killed_by":{"minecraft:zombie":1},"minecraft:killed":{"minecraft:salmon":2,"minecraft:sheep":64,"minecraft:ravager":1},"minecraft:crafted":{"minecraft:cauldron":1,"minecraft:creeper_banner_pattern":10,"minecraft:leather_chestplate":2,"minecraft:leather_leggings":1,"minecraft:leather_boots":2,"minecraft:filled_map":2,"minecraft:skull_banner_pattern":1,"minecraft:leather_helmet":2},"minecraft:picked_up":{"minecraft:wheat":129,"minecraft:redstone_block":2,"minecraft:creeper_head":108,"minecraft:yellow_wool":98,"minecraft:diamond_sword":1,"minecraft:potion":2,"minecraft:blue_concrete":1,"minecraft:string":1,"minecraft:smooth_stone_slab":2,"minecraft:oak_sign":1,"minecraft:comparator":1,"minecraft:acacia_sign":16,"minecraft:red_dye":128,"minecraft:redstone_torch":80,"minecraft:flower_banner_pattern":1,"minecraft:blue_wool":92,"minecraft:dark_oak_door":5,"minecraft:stick":1,"minecraft:torch":25,"minecraft:black_dye":230,"minecraft:blue_stained_glass":1,"minecraft:brown_carpet":1,"minecraft:light_blue_wool":134,"minecraft:tropical_fish":3,"minecraft:blue_dye":62,"minecraft:green_wool":66,"minecraft:iron_bars":1,"minecraft:leather_chestplate":3,"minecraft:repeater":23,"minecraft:iron_door":9,"minecraft:water_bucket":1,"minecraft:brown_wool":66,"minecraft:chiseled_quartz_block":1,"minecraft:magenta_dye":1,"minecraft:light_gray_dye":1,"minecraft:lapis_lazuli":1,"minecraft:gray_concrete":3,"minecraft:lantern":3,"minecraft:leather_boots":1,"minecraft:orange_tulip":1,"minecraft:wheat_seeds":1,"minecraft:grindstone":1,"minecraft:dark_oak_sign":17,"minecraft:powered_rail":1,"minecraft:black_stained_glass_pane":1,"minecraft:dead_bush":20,"minecraft:lily_of_the_valley":18,"minecraft:orange_wool":65,"minecraft:dispenser":1,"minecraft:yellow_carpet":2,"minecraft:lever":44,"minecraft:spruce_button":1,"minecraft:white_concrete":2,"minecraft:blue_banner":1,"minecraft:allium":1,"minecraft:purple_wool":75,"minecraft:ladder":11,"minecraft:leather_leggings":2,"minecraft:pink_wool":130,"minecraft:gold_block":5,"minecraft:shield":1,"minecraft:heavy_weighted_pressure_plate":8,"minecraft:cornflower":8,"minecraft:elytra":2,"minecraft:white_carpet":129,"minecraft:item_frame":78,"minecraft:creeper_banner_pattern":2,"minecraft:magenta_wool":64,"minecraft:blue_orchid":1,"minecraft:detector_rail":3,"minecraft:cyan_wool":65,"minecraft:player_head":5,"minecraft:poppy":3,"minecraft:light_gray_wool":66,"minecraft:birch_sapling":2,"minecraft:lime_wool":65,"minecraft:egg":2,"minecraft:bowl":1,"minecraft:white_dye":126,"minecraft:cake":2,"minecraft:stone_button":49,"minecraft:redstone":137,"minecraft:blue_carpet":79,"minecraft:stone_pressure_plate":5,"minecraft:shears":6,"minecraft:saddle":1,"minecraft:black_banner":5,"minecraft:white_shulker_box":1,"minecraft:mutton":97,"minecraft:white_wool":250,"minecraft:rail":87,"minecraft:oxeye_daisy":1,"minecraft:yellow_dye":125,"minecraft:birch_planks":1,"minecraft:filled_map":39,"minecraft:bedrock":1,"minecraft:paper":55,"minecraft:white_banner":53,"minecraft:birch_pressure_plate":1,"minecraft:red_carpet":1,"minecraft:gray_carpet":6,"minecraft:iron_ingot":7,"minecraft:heart_of_the_sea":1,"minecraft:cooked_chicken":1,"minecraft:cobweb":1,"minecraft:red_wool":67,"minecraft:dandelion":2,"minecraft:gravel":1,"minecraft:green_carpet":2,"minecraft:leather_helmet":2,"minecraft:white_concrete_powder":1,"minecraft:birch_sign":8,"minecraft:gray_wool":66,"minecraft:oak_button":15,"minecraft:black_wool":130,"minecraft:ender_pearl":1},"minecraft:dropped":{"minecraft:orange_dye":1,"minecraft:lapis_lazuli":1,"minecraft:creeper_banner_pattern":1,"minecraft:red_wool":1,"minecraft:bedrock":2,"minecraft:black_banner":2,"minecraft:leather_helmet":2,"minecraft:item_frame":1,"minecraft:gray_concrete":4,"minecraft:black_stained_glass_pane":1,"minecraft:yellow_dye":2,"minecraft:white_wool":130,"minecraft:gray_dye":2,"minecraft:dark_oak_door":1,"minecraft:detector_rail":1,"minecraft:pink_dye":1,"minecraft:wheat":1,"minecraft:grindstone":1,"minecraft:lime_dye":1,"minecraft:blue_stained_glass":1,"minecraft:leather_chestplate":3,"minecraft:sea_lantern":1,"minecraft:heavy_weighted_pressure_plate":3,"minecraft:leather_boots":1,"minecraft:leather_leggings":2,"minecraft:white_dye":1,"minecraft:iron_bars":1,"minecraft:black_dye":65,"minecraft:cyan_dye":1,"minecraft:purple_dye":1,"minecraft:grass_block":1,"minecraft:polished_andesite":1,"minecraft:stick":1,"minecraft:acacia_sign":12,"minecraft:lava_bucket":1,"minecraft:cobweb":1,"minecraft:blue_dye":2,"minecraft:green_dye":1,"minecraft:white_concrete":2,"minecraft:map":1,"minecraft:white_banner":14,"minecraft:red_dye":4,"minecraft:paper":55,"minecraft:gray_carpet":3,"minecraft:redstone":5,"minecraft:creeper_head":108,"minecraft:brown_dye":1,"minecraft:chiseled_quartz_block":1,"minecraft:dark_oak_sign":12,"minecraft:smooth_stone_slab":2,"minecraft:birch_pressure_plate":1,"minecraft:blue_concrete":1,"minecraft:filled_map":28,"minecraft:light_blue_dye":1,"minecraft:diamond_sword":1,"minecraft:cake":2,"minecraft:redstone_torch":2,"minecraft:stone_pressure_plate":2,"minecraft:birch_sign":1,"minecraft:light_gray_dye":2,"minecraft:magenta_dye":2,"minecraft:black_wool":65}},"DataVersion":2230}