{"stats":{"minecraft:killed":{"minecraft:sheep":103},"minecraft:mined":{"minecraft:white_bed":1},"minecraft:picked_up":{"minecraft:nether_wart":176,"minecraft:diamond_sword":5,"minecraft:dragon_head":1,"minecraft:white_carpet":9,"minecraft:item_frame":1,"minecraft:red_sand":2,"minecraft:black_shulker_box":6,"minecraft:acacia_sign":1,"minecraft:light_gray_wool":2,"minecraft:orange_dye":1,"minecraft:torch":1,"minecraft:light_blue_wool":2,"minecraft:green_wool":4,"minecraft:black_banner":1,"minecraft:white_shulker_box":7,"minecraft:mutton":142,"minecraft:white_wool":81,"minecraft:filled_map":1,"minecraft:green_shulker_box":1,"minecraft:lapis_lazuli":1,"minecraft:white_banner":15,"minecraft:red_banner":1,"minecraft:grass_block":1,"minecraft:orange_wool":1,"minecraft:writable_book":9,"minecraft:painting":1,"minecraft:birch_sign":6,"minecraft:netherrack":1},"minecraft:used":{"minecraft:oak_trapdoor":9,"minecraft:red_sand":2,"minecraft:writable_book":47,"minecraft:iron_bars":2,"minecraft:flint_and_steel":40,"minecraft:melon":243,"minecraft:red_sandstone_slab":22,"minecraft:ladder":2,"minecraft:green_banner":5,"minecraft:chest":2,"minecraft:white_terracotta":77,"minecraft:stripped_jungle_wood":13,"minecraft:white_shulker_box":9,"minecraft:quartz_stairs":63,"minecraft:stripped_birch_wood":665,"minecraft:mossy_stone_brick_slab":25,"minecraft:netherrack":204,"minecraft:oak_door":5,"minecraft:torch":89,"minecraft:chiseled_red_sandstone":2,"minecraft:dirt":3,"minecraft:anvil":8,"minecraft:white_carpet":36,"minecraft:blue_stained_glass":90,"minecraft:spruce_stairs":7,"minecraft:jungle_trapdoor":11,"minecraft:granite":232,"minecraft:spruce_fence":1,"minecraft:obsidian":61,"minecraft:red_sandstone_stairs":2,"minecraft:glass":108,"minecraft:dark_oak_planks":1,"minecraft:sea_lantern":326,"minecraft:cyan_terracotta":2,"minecraft:bricks":15,"minecraft:lantern":42,"minecraft:red_wool":16,"minecraft:quartz_slab":23,"minecraft:black_stained_glass_pane":24,"minecraft:iron_block":284,"minecraft:grass_block":2,"minecraft:oak_stairs":9,"minecraft:green_wool":9,"minecraft:mossy_cobblestone_slab":2,"minecraft:smooth_quartz":1,"minecraft:hopper_minecart":3,"minecraft:item_frame":84,"minecraft:light_gray_wool":369,"minecraft:iron_trapdoor":6,"minecraft:birch_trapdoor":8,"minecraft:bow":78,"minecraft:purple_concrete":137,"minecraft:red_stained_glass_pane":3,"minecraft:redstone_lamp":6,"minecraft:magma_block":52,"minecraft:snow":21,"minecraft:hay_block":19,"minecraft:magenta_wool":129,"minecraft:written_book":3,"minecraft:emerald_block":40,"minecraft:scaffolding":84,"minecraft:blue_shulker_box":3,"minecraft:lime_stained_glass":8,"minecraft:white_stained_glass_pane":33,"minecraft:minecart":4,"minecraft:acacia_planks":17,"minecraft:end_rod":145,"minecraft:sandstone_stairs":34,"minecraft:snow_block":27,"minecraft:birch_planks":23,"minecraft:polished_andesite":162,"minecraft:lime_wool":435,"minecraft:birch_boat":3,"minecraft:sandstone":2,"minecraft:black_shulker_box":7,"minecraft:cut_sandstone":11,"minecraft:composter":2,"minecraft:sheep_spawn_egg":12,"minecraft:beacon":6,"minecraft:cracked_stone_bricks":2,"minecraft:white_wool":155,"minecraft:sand":10,"minecraft:lime_terracotta":25,"minecraft:rail":7,"minecraft:vine":31,"minecraft:oak_slab":34,"minecraft:tnt":3,"minecraft:lime_stained_glass_pane":8,"minecraft:loom":1,"minecraft:birch_sign":375,"minecraft:black_banner":1,"minecraft:blue_ice":5,"minecraft:campfire":86,"minecraft:sponge":733,"minecraft:light_gray_concrete_powder":1,"minecraft:painting":13,"minecraft:birch_fence":90,"minecraft:blue_stained_glass_pane":2,"minecraft:black_concrete":3619,"minecraft:acacia_stairs":16,"minecraft:red_sandstone":2298,"minecraft:black_wool":268,"minecraft:chiseled_sandstone":60,"minecraft:light_gray_concrete":2,"minecraft:heavy_weighted_pressure_plate":35,"minecraft:brown_wool":17,"minecraft:lectern":10,"minecraft:stone_slab":6,"minecraft:polished_granite":1,"minecraft:iron_door":12,"minecraft:yellow_wool":38,"minecraft:polished_andesite_slab":2,"minecraft:magenta_stained_glass_pane":2,"minecraft:green_carpet":13,"minecraft:green_shulker_box":8,"minecraft:diamond_sword":150,"minecraft:dark_oak_fence":1,"minecraft:lapis_block":11,"minecraft:smooth_stone_slab":148,"minecraft:white_concrete":2035,"minecraft:gray_wool":102,"minecraft:smooth_stone":217,"minecraft:purple_wool":1,"minecraft:birch_stairs":25},"minecraft:dropped":{"minecraft:orange_dye":1,"minecraft:iron_block":1,"minecraft:mutton":15,"minecraft:smooth_quartz":1,"minecraft:writable_book":1,"minecraft:white_wool":7,"minecraft:smooth_stone_slab":1,"minecraft:bowl":1,"minecraft:composter":1,"minecraft:white_carpet":6,"minecraft:diamond_sword":5,"minecraft:sea_lantern":1,"minecraft:birch_sign":3,"minecraft:red_sand":2,"minecraft:campfire":1,"minecraft:netherrack":1,"minecraft:lectern":1},"minecraft:custom":{"minecraft:interact_with_anvil":20,"minecraft:mob_kills":103,"minecraft:open_barrel":1,"minecraft:open_shulker_box":115,"minecraft:leave_game":33,"minecraft:time_since_death":4878364,"minecraft:climb_one_cm":31645,"minecraft:sprint_one_cm":849136,"minecraft:walk_one_cm":10227075,"minecraft:drop":34,"minecraft:sneak_time":6172,"minecraft:walk_under_water_one_cm":266380,"minecraft:boat_one_cm":2537,"minecraft:interact_with_lectern":52,"minecraft:jump":5608,"minecraft:walk_on_water_one_cm":4974,"minecraft:play_one_minute":4878364,"minecraft:interact_with_loom":8,"minecraft:time_since_rest":4878364,"minecraft:open_enderchest":2,"minecraft:trigger_trapped_chest":6,"minecraft:minecart_one_cm":10524,"minecraft:damage_dealt":8240,"minecraft:interact_with_beacon":2,"minecraft:swim_one_cm":3991,"minecraft:fly_one_cm":25505059,"minecraft:open_chest":14,"minecraft:crouch_one_cm":16481}},"DataVersion":2230}