{"stats":{"minecraft:mined":{"minecraft:purple_bed":7,"minecraft:blue_bed":5},"minecraft:killed":{"minecraft:tropical_fish":31},"minecraft:custom":{"minecraft:interact_with_crafting_table":23,"minecraft:open_barrel":15,"minecraft:bell_ring":18,"minecraft:eat_cake_slice":15,"minecraft:leave_game":101,"minecraft:time_since_death":17654548,"minecraft:deaths":2,"minecraft:jump":21338,"minecraft:play_record":5,"minecraft:interact_with_cartography_table":2,"minecraft:damage_dealt":990,"minecraft:inspect_dispenser":12,"minecraft:inspect_dropper":2,"minecraft:interact_with_anvil":6,"minecraft:inspect_hopper":4,"minecraft:sneak_time":289963,"minecraft:interact_with_lectern":5,"minecraft:tune_noteblock":14876,"minecraft:time_since_rest":17654616,"minecraft:swim_one_cm":26072,"minecraft:fly_one_cm":60102049,"minecraft:open_chest":32,"minecraft:open_shulker_box":127,"minecraft:sprint_one_cm":8687575,"minecraft:drop":1024,"minecraft:interact_with_brewingstand":11,"minecraft:walk_on_water_one_cm":101616,"minecraft:play_one_minute":19482051,"minecraft:interact_with_loom":49,"minecraft:interact_with_beacon":1,"minecraft:crouch_one_cm":159004,"minecraft:mob_kills":31,"minecraft:fill_cauldron":1,"minecraft:climb_one_cm":16855,"minecraft:walk_one_cm":23152363,"minecraft:walk_under_water_one_cm":121520,"minecraft:pot_flower":46,"minecraft:interact_with_grindstone":6,"minecraft:damage_taken":480,"minecraft:trigger_trapped_chest":14,"minecraft:minecart_one_cm":384208},"minecraft:dropped":{"minecraft:clay":1,"minecraft:pink_stained_glass":4,"minecraft:piston":3,"minecraft:lapis_lazuli":1,"minecraft:emerald_ore":1,"minecraft:crafting_table":1,"minecraft:dark_oak_slab":4,"minecraft:orange_tulip":4,"minecraft:turtle_spawn_egg":1,"minecraft:dark_oak_button":2,"minecraft:cracked_stone_bricks":1,"minecraft:quartz_pillar":8,"minecraft:bubble_coral_fan":1,"minecraft:purpur_stairs":1,"minecraft:rail":7,"minecraft:red_mushroom":1,"minecraft:red_carpet":7,"minecraft:item_frame":10,"minecraft:gold_block":4,"minecraft:dirt":15,"minecraft:gray_concrete":1,"minecraft:birch_fence":8,"minecraft:stone_button":4,"minecraft:dark_oak_fence":3,"minecraft:yellow_dye":65,"minecraft:dark_oak_trapdoor":4,"minecraft:stripped_dark_oak_wood":1,"minecraft:horn_coral":2,"minecraft:bone_meal":1,"minecraft:bone_block":2,"minecraft:sunflower":5,"minecraft:sand":6,"minecraft:white_wool":3,"minecraft:music_disc_stal":1,"minecraft:green_stained_glass_pane":1,"minecraft:birch_stairs":2,"minecraft:diorite_slab":3,"minecraft:tropical_fish_bucket":6,"minecraft:dark_oak_door":6,"minecraft:note_block":9,"minecraft:emerald_block":4,"minecraft:lever":30,"minecraft:polished_andesite_slab":6,"minecraft:cooked_chicken":2,"minecraft:gray_banner":3,"minecraft:obsidian":1,"minecraft:blue_wool":2,"minecraft:grindstone":1,"minecraft:end_stone":2,"minecraft:azure_bluet":5,"minecraft:blue_stained_glass":2,"minecraft:yellow_stained_glass_pane":1,"minecraft:red_mushroom_block":1,"minecraft:sea_lantern":13,"minecraft:jungle_stairs":3,"minecraft:yellow_banner":9,"minecraft:painting":11,"minecraft:white_dye":65,"minecraft:spruce_slab":2,"minecraft:glass":19,"minecraft:campfire":4,"minecraft:purple_stained_glass_pane":1,"minecraft:granite_wall":1,"minecraft:stone_brick_stairs":1,"minecraft:white_glazed_terracotta":1,"minecraft:green_stained_glass":1,"minecraft:egg":1,"minecraft:blue_stained_glass_pane":1,"minecraft:cyan_stained_glass":9,"minecraft:black_dye":1,"minecraft:birch_leaves":1,"minecraft:smooth_quartz_stairs":17,"minecraft:oak_fence":2,"minecraft:feather":1,"minecraft:light_gray_glazed_terracotta":1,"minecraft:granite":1,"minecraft:spruce_door":3,"minecraft:polished_andesite":1,"minecraft:end_rod":10,"minecraft:acacia_sign":2,"minecraft:oxeye_daisy":202,"minecraft:lava_bucket":4,"minecraft:jungle_slab":1,"minecraft:dark_oak_leaves":2,"minecraft:iron_trapdoor":9,"minecraft:sponge":6,"minecraft:rose_bush":1,"minecraft:stripped_birch_log":2,"minecraft:oak_stairs":1,"minecraft:white_banner":23,"minecraft:smooth_stone":1,"minecraft:smooth_sandstone":4,"minecraft:string":1,"minecraft:acacia_planks":1,"minecraft:beetroot_soup":3,"minecraft:pink_stained_glass_pane":1,"minecraft:stone_brick_slab":1,"minecraft:pink_tulip":1,"minecraft:snow_block":1,"minecraft:yellow_concrete_powder":4,"minecraft:bricks":9,"minecraft:creeper_head":1,"minecraft:light_blue_glazed_terracotta":5,"minecraft:polished_diorite_slab":11,"minecraft:sticky_piston":1,"minecraft:stone_shovel":1,"minecraft:white_carpet":5,"minecraft:blue_concrete":4,"minecraft:light_gray_concrete":1,"minecraft:white_terracotta":1,"minecraft:diamond_ore":3,"minecraft:white_shulker_box":1,"minecraft:light_blue_concrete":3,"minecraft:orange_wool":7,"minecraft:nether_bricks":1,"minecraft:oak_sign":14,"minecraft:lily_of_the_valley":6,"minecraft:light_blue_dye":64,"minecraft:hay_block":4,"minecraft:cyan_wool":2,"minecraft:flower_pot":4,"minecraft:allium":16,"minecraft:peony":3,"minecraft:spruce_trapdoor":7,"minecraft:spruce_planks":1,"minecraft:blue_banner":9,"minecraft:redstone_torch":29,"minecraft:stone_pressure_plate":1,"minecraft:barrel":2,"minecraft:bamboo":4,"minecraft:brown_carpet":3,"minecraft:sandstone":1,"minecraft:blue_orchid":218,"minecraft:red_tulip":1,"minecraft:bell":5,"minecraft:brick_slab":2,"minecraft:magma_block":1,"minecraft:red_sandstone_stairs":2,"minecraft:cyan_concrete_powder":2,"minecraft:pink_concrete_powder":4,"minecraft:quartz_slab":11,"minecraft:gold_ore":2,"minecraft:spruce_sign":1,"minecraft:soul_sand":2,"minecraft:dark_oak_stairs":1,"minecraft:tube_coral_block":1,"minecraft:sandstone_slab":2,"minecraft:blue_concrete_powder":1,"minecraft:lantern":64,"minecraft:lime_stained_glass_pane":1,"minecraft:jungle_planks":1,"minecraft:red_wool":2,"minecraft:bedrock":21,"minecraft:black_banner":4,"minecraft:birch_slab":2,"minecraft:music_disc_11":1,"minecraft:cobblestone_stairs":1,"minecraft:spruce_leaves":6,"minecraft:cyan_terracotta":4,"minecraft:redstone_lamp":5,"minecraft:packed_ice":2,"minecraft:ice":1,"minecraft:cornflower":31,"minecraft:mutton":1,"minecraft:seagrass":2,"minecraft:light_gray_banner":3,"minecraft:prismarine_brick_slab":3,"minecraft:jungle_sign":1,"minecraft:tube_coral":2,"minecraft:black_concrete":5,"minecraft:light_blue_banner":2,"minecraft:black_stained_glass":1,"minecraft:pink_glazed_terracotta":4,"minecraft:honeycomb_block":1,"minecraft:white_tulip":1,"minecraft:andesite_slab":2,"minecraft:yellow_wool":2,"minecraft:lime_wool":1,"minecraft:diorite_stairs":1,"minecraft:diamond_shovel":4,"minecraft:yellow_stained_glass":1,"minecraft:honey_bottle":2,"minecraft:acacia_stairs":1,"minecraft:poppy":8,"minecraft:cyan_banner":2,"minecraft:petrified_oak_slab":6,"minecraft:skeleton_skull":1,"minecraft:oak_wood":1,"minecraft:acacia_slab":1,"minecraft:spruce_pressure_plate":2,"minecraft:glowstone":11,"minecraft:birch_button":2,"minecraft:iron_ore":3,"minecraft:iron_bars":5,"minecraft:powered_rail":2,"minecraft:white_concrete_powder":1,"minecraft:oak_leaves":4,"minecraft:splash_potion":1,"minecraft:polished_granite":3,"minecraft:water_bucket":11,"minecraft:bread":3,"minecraft:purple_terracotta":3,"minecraft:stripped_spruce_log":6,"minecraft:oak_slab":4,"minecraft:chorus_flower":3,"minecraft:lilac":5,"minecraft:minecart":2,"minecraft:cyan_dye":64,"minecraft:andesite_wall":2,"minecraft:observer":1,"minecraft:light_blue_concrete_powder":1,"minecraft:tropical_fish":24,"minecraft:spruce_stairs":3,"minecraft:grass_block":25,"minecraft:spruce_fence_gate":1,"minecraft:iron_block":15,"minecraft:bee_spawn_egg":2,"minecraft:blue_dye":64,"minecraft:light_blue_stained_glass":12,"minecraft:repeater":46,"minecraft:light_gray_shulker_box":2,"minecraft:white_concrete":8,"minecraft:smooth_quartz":21,"minecraft:iron_door":2,"minecraft:jungle_door":1,"minecraft:smooth_quartz_slab":12,"minecraft:jungle_leaves":1,"minecraft:wither_rose":11,"minecraft:polished_andesite_stairs":1,"minecraft:blue_glazed_terracotta":2,"minecraft:music_disc_wait":1,"minecraft:tripwire_hook":1,"minecraft:bucket":12,"minecraft:lapis_block":3,"minecraft:redstone_block":3,"minecraft:chiseled_sandstone":2,"minecraft:dandelion":1,"minecraft:redstone":169,"minecraft:polished_diorite":6,"minecraft:nether_brick_slab":1,"minecraft:jungle_pressure_plate":1,"minecraft:gray_stained_glass":1,"minecraft:chiseled_quartz_block":7,"minecraft:jukebox":1,"minecraft:gray_glazed_terracotta":1,"minecraft:birch_pressure_plate":2,"minecraft:magenta_stained_glass_pane":1,"minecraft:light_gray_wool":1,"minecraft:comparator":2,"minecraft:dolphin_spawn_egg":1,"minecraft:acacia_leaves":5,"minecraft:glass_pane":68,"minecraft:cut_red_sandstone":1,"minecraft:red_nether_brick_stairs":1,"minecraft:end_stone_brick_stairs":1,"minecraft:oak_button":33,"minecraft:cake":3,"minecraft:quartz_stairs":3,"minecraft:fire_coral":2,"minecraft:pink_wool":2,"minecraft:blue_ice":1,"minecraft:oak_sapling":2,"minecraft:birch_sign":5,"minecraft:brain_coral":1,"minecraft:spruce_log":2,"minecraft:music_disc_mellohi":1,"minecraft:brown_stained_glass":1,"minecraft:white_stained_glass":1},"minecraft:picked_up":{"minecraft:seagrass":2,"minecraft:birch_door":7,"minecraft:creeper_head":1,"minecraft:flower_pot":4,"minecraft:anvil":2,"minecraft:red_sandstone_stairs":1,"minecraft:magenta_carpet":4,"minecraft:bee_spawn_egg":1,"minecraft:oak_stairs":1,"minecraft:wither_rose":12,"minecraft:birch_button":9,"minecraft:blue_concrete":4,"minecraft:string":1,"minecraft:dark_oak_trapdoor":2,"minecraft:beetroot_soup":3,"minecraft:blue_stained_glass_pane":1,"minecraft:spruce_planks":1,"minecraft:acacia_sign":4,"minecraft:diamond_ore":3,"minecraft:dark_oak_door":8,"minecraft:spruce_pressure_plate":1,"minecraft:beehive":1,"minecraft:jukebox":1,"minecraft:cyan_stained_glass":5,"minecraft:honeycomb_block":1,"minecraft:black_dye":1,"minecraft:brown_carpet":18,"minecraft:gray_stained_glass_pane":1,"minecraft:yellow_banner":15,"minecraft:lime_carpet":6,"minecraft:honey_bottle":2,"minecraft:blue_glazed_terracotta":1,"minecraft:tropical_fish":105,"minecraft:blue_dye":64,"minecraft:iron_block":12,"minecraft:cyan_terracotta":6,"minecraft:glowstone":6,"minecraft:end_rod":9,"minecraft:white_terracotta":1,"minecraft:iron_bars":7,"minecraft:sponge":2,"minecraft:magma_block":1,"minecraft:polished_diorite_slab":9,"minecraft:feather":2,"minecraft:birch_slab":3,"minecraft:iron_door":5,"minecraft:water_bucket":9,"minecraft:acacia_leaves":5,"minecraft:gray_concrete":1,"minecraft:cyan_concrete_powder":2,"minecraft:pink_concrete_powder":4,"minecraft:lantern":169,"minecraft:purple_carpet":42,"minecraft:gray_terracotta":5,"minecraft:dark_oak_sign":4,"minecraft:gray_glazed_terracotta":1,"minecraft:stripped_spruce_log":3,"minecraft:lever":71,"minecraft:blue_ice":1,"minecraft:granite":1,"minecraft:spruce_button":4,"minecraft:bread":3,"minecraft:cyan_dye":64,"minecraft:blue_banner":10,"minecraft:light_gray_carpet":12,"minecraft:dark_oak_fence":1,"minecraft:bricks":8,"minecraft:spruce_leaves":5,"minecraft:lime_stained_glass_pane":1,"minecraft:sandstone_slab":1,"minecraft:redstone_lamp":4,"minecraft:acacia_button":17,"minecraft:fire_coral":2,"minecraft:cornflower":42,"minecraft:white_carpet":28,"minecraft:glass_pane":68,"minecraft:cracked_stone_bricks":1,"minecraft:cyan_wool":1,"minecraft:jungle_sapling":1,"minecraft:poppy":12,"minecraft:spruce_slab":2,"minecraft:minecart":2,"minecraft:quartz_stairs":3,"minecraft:birch_sapling":2,"minecraft:piston":2,"minecraft:egg":1,"minecraft:sandstone":1,"minecraft:music_disc_mellohi":2,"minecraft:white_dye":64,"minecraft:cake":3,"minecraft:redstone":429,"minecraft:blue_carpet":13,"minecraft:jungle_sign":12,"minecraft:stone_shovel":1,"minecraft:peony":2,"minecraft:hay_block":3,"minecraft:white_shulker_box":1,"minecraft:mutton":1,"minecraft:white_wool":3,"minecraft:rail":11,"minecraft:emerald_ore":1,"minecraft:oxeye_daisy":425,"minecraft:birch_leaves":1,"minecraft:tripwire_hook":4,"minecraft:red_mushroom_block":1,"minecraft:yellow_dye":65,"minecraft:red_mushroom":2,"minecraft:purpur_stairs":1,"minecraft:diorite_stairs":1,"minecraft:paper":4,"minecraft:white_banner":59,"minecraft:birch_pressure_plate":5,"minecraft:light_blue_banner":5,"minecraft:light_gray_glazed_terracotta":1,"minecraft:iron_ore":3,"minecraft:dark_oak_stairs":1,"minecraft:polished_andesite_stairs":1,"minecraft:dark_oak_slab":4,"minecraft:red_wool":2,"minecraft:light_blue_glazed_terracotta":2,"minecraft:birch_stairs":2,"minecraft:light_blue_stained_glass":1,"minecraft:spruce_log":2,"minecraft:sea_lantern":7,"minecraft:oak_wood":1,"minecraft:diamond_shovel":3,"minecraft:polished_diorite":6,"minecraft:light_blue_carpet":2,"minecraft:painting":22,"minecraft:birch_sign":32,"minecraft:oak_button":88,"minecraft:smooth_quartz_slab":8,"minecraft:music_disc_strad":1,"minecraft:black_carpet":29,"minecraft:light_blue_concrete":2,"minecraft:redstone_block":3,"minecraft:iron_trapdoor":7,"minecraft:light_gray_shulker_box":2,"minecraft:green_stained_glass_pane":1,"minecraft:yellow_wool":2,"minecraft:potion":10,"minecraft:stone_brick_stairs":1,"minecraft:lapis_block":1,"minecraft:sticky_piston":1,"minecraft:purple_banner":2,"minecraft:oak_sign":41,"minecraft:sea_pickle":14,"minecraft:comparator":1,"minecraft:bucket":8,"minecraft:dark_oak_leaves":2,"minecraft:rose_bush":1,"minecraft:redstone_torch":52,"minecraft:smooth_quartz":11,"minecraft:smooth_quartz_stairs":11,"minecraft:blue_wool":2,"minecraft:stick":1,"minecraft:jungle_door":4,"minecraft:birch_trapdoor":1,"minecraft:oak_fence":2,"minecraft:spruce_stairs":3,"minecraft:snow_block":1,"minecraft:light_gray_banner":4,"minecraft:yellow_concrete_powder":4,"minecraft:blue_stained_glass":2,"minecraft:andesite_wall":1,"minecraft:chorus_flower":3,"minecraft:music_disc_wait":2,"minecraft:lilac":9,"minecraft:jungle_pressure_plate":1,"minecraft:repeater":66,"minecraft:chiseled_quartz_block":4,"minecraft:horn_coral":1,"minecraft:dirt":9,"minecraft:stripped_birch_log":1,"minecraft:polished_granite":2,"minecraft:glass":14,"minecraft:acacia_planks":1,"minecraft:granite_wall":1,"minecraft:orange_tulip":2,"minecraft:pink_banner":1,"minecraft:bell":9,"minecraft:birch_wood":1,"minecraft:light_blue_dye":64,"minecraft:grindstone":1,"minecraft:purple_stained_glass_pane":2,"minecraft:bamboo":122,"minecraft:powered_rail":2,"minecraft:pink_stained_glass":4,"minecraft:diorite_wall":1,"minecraft:brown_stained_glass":1,"minecraft:oak_pressure_plate":1,"minecraft:pink_stained_glass_pane":1,"minecraft:sand":8,"minecraft:jungle_planks":2,"minecraft:grass_block":20,"minecraft:lily_of_the_valley":21,"minecraft:jungle_slab":1,"minecraft:chiseled_sandstone":2,"minecraft:orange_wool":6,"minecraft:jungle_leaves":1,"minecraft:spruce_fence_gate":1,"minecraft:clay":1,"minecraft:light_blue_terracotta":1,"minecraft:black_concrete":5,"minecraft:bone_meal":5,"minecraft:white_concrete":9,"minecraft:spruce_sign":1,"minecraft:oak_sapling":1,"minecraft:andesite_slab":1,"minecraft:oak_leaves":2,"minecraft:end_stone_brick_stairs":1,"minecraft:allium":14,"minecraft:azure_bluet":3,"minecraft:splash_potion":1,"minecraft:packed_ice":1,"minecraft:pink_wool":2,"minecraft:diorite_slab":2,"minecraft:gold_block":4,"minecraft:item_frame":46,"minecraft:quartz_slab":8,"minecraft:birch_fence":6,"minecraft:cyan_carpet":2,"minecraft:blue_orchid":349,"minecraft:observer":1,"minecraft:light_gray_wool":1,"minecraft:spruce_trapdoor":3,"minecraft:end_stone":1,"minecraft:note_block":9,"minecraft:quartz_pillar":6,"minecraft:stone_button":12,"minecraft:music_disc_11":3,"minecraft:magenta_shulker_box":1,"minecraft:light_gray_stained_glass_pane":2,"minecraft:stone_pressure_plate":1,"minecraft:purple_terracotta":2,"minecraft:blue_concrete_powder":1,"minecraft:tube_coral":1,"minecraft:nether_bricks":1,"minecraft:jungle_stairs":2,"minecraft:pink_glazed_terracotta":4,"minecraft:stripped_dark_oak_wood":1,"minecraft:pink_tulip":1,"minecraft:black_banner":3,"minecraft:petrified_oak_slab":6,"minecraft:skeleton_skull":3,"minecraft:dark_oak_button":1,"minecraft:music_disc_stal":2,"minecraft:ice":1,"minecraft:bedrock":17,"minecraft:cobblestone_stairs":1,"minecraft:smooth_sandstone":3,"minecraft:red_carpet":21,"minecraft:red_nether_brick_stairs":1,"minecraft:gray_carpet":4,"minecraft:cooked_chicken":2,"minecraft:prismarine_brick_slab":3,"minecraft:polished_andesite_slab":3,"minecraft:soul_sand":2,"minecraft:book":1,"minecraft:tropical_fish_bucket":3,"minecraft:scaffolding":1,"minecraft:oak_slab":4,"minecraft:emerald_block":2,"minecraft:dandelion":16,"minecraft:magenta_stained_glass_pane":1,"minecraft:lava_bucket":2,"minecraft:green_stained_glass":1,"minecraft:red_banner":1,"minecraft:gold_ore":1,"minecraft:spruce_door":4,"minecraft:brick_slab":2,"minecraft:light_blue_concrete_powder":1,"minecraft:cyan_banner":4,"minecraft:white_concrete_powder":2,"minecraft:campfire":4,"minecraft:gray_banner":4,"minecraft:acacia_slab":1,"minecraft:sunflower":3},"minecraft:used":{"minecraft:peony":4,"minecraft:nether_brick_fence":41,"minecraft:jack_o_lantern":22,"minecraft:polished_granite_stairs":1,"minecraft:cut_red_sandstone_slab":15,"minecraft:smooth_quartz_slab":2939,"minecraft:dispenser":7,"minecraft:red_sandstone_slab":17,"minecraft:spruce_slab":197,"minecraft:poppy":1795,"minecraft:ladder":58,"minecraft:black_carpet":80,"minecraft:chest":49,"minecraft:brown_concrete":124,"minecraft:stone":10,"minecraft:white_shulker_box":9,"minecraft:quartz_stairs":106,"minecraft:red_nether_brick_stairs":96,"minecraft:farmland":1,"minecraft:tube_coral":14,"minecraft:soul_sand":7,"minecraft:lily_of_the_valley":1959,"minecraft:blue_stained_glass":219,"minecraft:brick_slab":27,"minecraft:jungle_slab":119,"minecraft:allium":1809,"minecraft:orange_wool":7761,"minecraft:acacia_button":94,"minecraft:azure_bluet":5,"minecraft:stripped_spruce_log":23,"minecraft:jungle_sapling":1,"minecraft:packed_ice":159,"minecraft:lava_bucket":4,"minecraft:stripped_dark_oak_wood":166,"minecraft:quartz_pillar":1155,"minecraft:lime_banner":19,"minecraft:jungle_fence_gate":1,"minecraft:red_wool":800,"minecraft:black_stained_glass_pane":191,"minecraft:grass_block":4007,"minecraft:birch_sapling":4,"minecraft:polished_andesite_stairs":101,"minecraft:orange_shulker_box":431,"minecraft:quartz_block":51,"minecraft:dark_oak_leaves":12,"minecraft:dark_oak_slab":530,"minecraft:music_disc_wait":1,"minecraft:dark_oak_button":13,"minecraft:diorite_wall":54,"minecraft:pink_wool":2545,"minecraft:blue_banner":68,"minecraft:stone_brick_stairs":36,"minecraft:music_disc_stal":1,"minecraft:dolphin_spawn_egg":1,"minecraft:snow":57,"minecraft:yellow_glazed_terracotta":42,"minecraft:oak_sapling":1,"minecraft:furnace":5,"minecraft:acacia_fence":8,"minecraft:end_stone_brick_stairs":15,"minecraft:gray_banner":10,"minecraft:dragon_head":23,"minecraft:seagrass":3,"minecraft:dark_prismarine_stairs":77,"minecraft:magenta_shulker_box":1,"minecraft:lime_glazed_terracotta":97,"minecraft:light_blue_carpet":44,"minecraft:emerald_ore":39,"minecraft:diorite":30,"minecraft:damaged_anvil":2,"minecraft:end_stone_bricks":66,"minecraft:spruce_door":75,"minecraft:brick_wall":1,"minecraft:acacia_trapdoor":38,"minecraft:powered_rail":176,"minecraft:prismarine":13,"minecraft:orange_tulip":1,"minecraft:jungle_pressure_plate":5,"minecraft:composter":9,"minecraft:clay":164,"minecraft:purpur_pillar":55,"minecraft:oak_leaves":153,"minecraft:smooth_quartz_stairs":5215,"minecraft:dark_oak_trapdoor":272,"minecraft:sand":397,"minecraft:purpur_stairs":63,"minecraft:cut_sandstone_slab":10,"minecraft:smooth_red_sandstone":17,"minecraft:acacia_leaves":91,"minecraft:blue_ice":141,"minecraft:purple_terracotta":661,"minecraft:chiseled_quartz_block":478,"minecraft:gray_concrete":21,"minecraft:black_concrete_powder":91,"minecraft:red_sandstone_wall":2,"minecraft:birch_fence":355,"minecraft:red_sandstone":4,"minecraft:chiseled_sandstone":38,"minecraft:gray_stained_glass_pane":61,"minecraft:birch_slab":272,"minecraft:stone_button":88,"minecraft:cyan_carpet":139,"minecraft:white_glazed_terracotta":158,"minecraft:lectern":17,"minecraft:polished_granite":860,"minecraft:oak_pressure_plate":5,"minecraft:diamond_ore":149,"minecraft:cut_red_sandstone":169,"minecraft:lilac":242,"minecraft:polished_andesite_slab":186,"minecraft:magenta_stained_glass_pane":5,"minecraft:coal_block":71,"minecraft:nether_wart_block":1,"minecraft:dark_oak_fence":105,"minecraft:smithing_table":1,"minecraft:white_stained_glass":275,"minecraft:pink_stained_glass":542,"minecraft:ice":12,"minecraft:purple_wool":628,"minecraft:diorite_slab":67,"minecraft:gray_stained_glass":22,"minecraft:diorite_stairs":30,"minecraft:oak_trapdoor":54,"minecraft:stripped_acacia_wood":523,"minecraft:iron_bars":633,"minecraft:dead_tube_coral_block":1,"minecraft:enchanting_table":1,"minecraft:acacia_log":16,"minecraft:brain_coral_fan":3,"minecraft:carved_pumpkin":6,"minecraft:armor_stand":14,"minecraft:light_gray_carpet":73,"minecraft:sandstone_wall":7,"minecraft:netherrack":7,"minecraft:bee_spawn_egg":1,"minecraft:torch":1,"minecraft:orange_stained_glass":24,"minecraft:light_gray_shulker_box":10,"minecraft:brewing_stand":18,"minecraft:anvil":24,"minecraft:chorus_flower":2,"minecraft:stone_stairs":50,"minecraft:nether_brick_slab":75,"minecraft:light_gray_glazed_terracotta":36,"minecraft:yellow_carpet":14,"minecraft:jungle_trapdoor":18,"minecraft:dead_brain_coral_block":3,"minecraft:blue_concrete":254,"minecraft:nether_brick_stairs":238,"minecraft:oak_fence_gate":7,"minecraft:polished_diorite":1878,"minecraft:music_disc_mellohi":1,"minecraft:red_shulker_box":3,"minecraft:sea_lantern":947,"minecraft:chipped_anvil":1,"minecraft:filled_map":3,"minecraft:iron_block":1155,"minecraft:spruce_button":25,"minecraft:brick_stairs":8,"minecraft:smooth_quartz":9828,"minecraft:pink_stained_glass_pane":10,"minecraft:prismarine_slab":7,"minecraft:barrel":92,"minecraft:bamboo":87,"minecraft:tripwire_hook":29,"minecraft:purple_concrete":2,"minecraft:glowstone":399,"minecraft:lime_concrete":25,"minecraft:magenta_wool":973,"minecraft:gray_glazed_terracotta":41,"minecraft:iron_trapdoor":232,"minecraft:magenta_terracotta":36,"minecraft:acacia_wood":186,"minecraft:trapped_chest":41,"minecraft:acacia_planks":280,"minecraft:horn_coral_fan":4,"minecraft:observer":84,"minecraft:orange_terracotta":7,"minecraft:water_bucket":331,"minecraft:yellow_banner":90,"minecraft:nether_brick_wall":105,"minecraft:light_blue_glazed_terracotta":160,"minecraft:sandstone_stairs":45,"minecraft:prismarine_brick_slab":247,"minecraft:birch_planks":93,"minecraft:lime_wool":1744,"minecraft:cartography_table":17,"minecraft:bubble_coral_fan":10,"minecraft:smooth_sandstone_slab":11,"minecraft:red_mushroom_block":166,"minecraft:blue_concrete_powder":99,"minecraft:cauldron":4,"minecraft:spruce_fence_gate":13,"minecraft:gold_ore":20,"minecraft:conduit":13,"minecraft:diamond_block":26,"minecraft:orange_carpet":2,"minecraft:light_gray_banner":5,"minecraft:rail":2552,"minecraft:comparator":15,"minecraft:vine":60,"minecraft:crafting_table":4,"minecraft:oak_slab":102,"minecraft:tnt":1,"minecraft:cyan_glazed_terracotta":102,"minecraft:birch_sign":88,"minecraft:campfire":20,"minecraft:dark_oak_fence_gate":11,"minecraft:fire_coral":6,"minecraft:cake":14,"minecraft:spruce_log":32,"minecraft:mushroom_stem":1,"minecraft:oak_log":8,"minecraft:blue_stained_glass_pane":11,"minecraft:dark_prismarine":100,"minecraft:cornflower":2137,"minecraft:oxeye_daisy":1659,"minecraft:diamond_shovel":182,"minecraft:acacia_sign":40,"minecraft:stripped_jungle_log":3,"minecraft:sunflower":21,"minecraft:oak_button":670,"minecraft:spruce_pressure_plate":5,"minecraft:purpur_slab":103,"minecraft:spruce_trapdoor":243,"minecraft:spruce_sapling":2,"minecraft:chiseled_stone_bricks":6,"minecraft:blue_carpet":72,"minecraft:green_carpet":12,"minecraft:cobblestone":172,"minecraft:potion":3,"minecraft:purple_bed":7,"minecraft:acacia_pressure_plate":2,"minecraft:andesite_stairs":26,"minecraft:sandstone_slab":125,"minecraft:glass_pane":283,"minecraft:end_portal_frame":4,"minecraft:stripped_oak_log":32,"minecraft:dandelion":996,"minecraft:brown_mushroom_block":18,"minecraft:jukebox":4,"minecraft:green_stained_glass":22,"minecraft:light_blue_banner":19,"minecraft:light_blue_stained_glass_pane":28,"minecraft:blue_terracotta":33,"minecraft:red_sand":34,"minecraft:light_gray_stained_glass_pane":40,"minecraft:melon":8,"minecraft:bone_block":502,"minecraft:oak_sign":139,"minecraft:white_concrete_powder":251,"minecraft:white_terracotta":831,"minecraft:creeper_head":17,"minecraft:bubble_coral":1,"minecraft:bell":14,"minecraft:smooth_sandstone_stairs":11,"minecraft:spruce_leaves":32,"minecraft:birch_pressure_plate":39,"minecraft:jungle_planks":220,"minecraft:nether_bricks":107,"minecraft:prismarine_brick_stairs":38,"minecraft:pink_terracotta":205,"minecraft:beehive":16,"minecraft:music_disc_11":2,"minecraft:cyan_wool":1187,"minecraft:obsidian":146,"minecraft:red_sandstone_stairs":12,"minecraft:glass":3061,"minecraft:cyan_terracotta":193,"minecraft:bricks":975,"minecraft:spruce_wood":160,"minecraft:quartz_slab":1473,"minecraft:lantern":793,"minecraft:blue_orchid":3224,"minecraft:green_wool":53,"minecraft:dark_oak_wood":170,"minecraft:hopper_minecart":8,"minecraft:stone_bricks":1,"minecraft:item_frame":179,"minecraft:bedrock":1620,"minecraft:birch_button":41,"minecraft:birch_trapdoor":66,"minecraft:repeater":2575,"minecraft:red_carpet":191,"minecraft:redstone_lamp":1501,"minecraft:honeycomb_block":7,"minecraft:magma_block":16,"minecraft:brown_carpet":84,"minecraft:horn_coral":8,"minecraft:hay_block":389,"minecraft:scaffolding":27,"minecraft:jungle_button":3,"minecraft:polished_diorite_stairs":133,"minecraft:gold_block":667,"minecraft:skeleton_skull":33,"minecraft:pink_concrete_powder":42,"minecraft:fire_coral_fan":4,"minecraft:stripped_spruce_wood":6,"minecraft:dark_oak_stairs":586,"minecraft:tube_coral_fan":4,"minecraft:end_rod":795,"minecraft:stripped_acacia_log":16,"minecraft:dropper":2,"minecraft:wither_skeleton_skull":19,"minecraft:birch_leaves":3,"minecraft:gray_carpet":50,"minecraft:dark_oak_sign":28,"minecraft:jungle_fence":35,"minecraft:oak_planks":187,"minecraft:birch_wood":234,"minecraft:polished_diorite_slab":883,"minecraft:sandstone":84,"minecraft:redstone_block":32,"minecraft:end_stone_brick_slab":3,"minecraft:blue_bed":5,"minecraft:brain_coral":5,"minecraft:white_wool":2369,"minecraft:yellow_terracotta":6,"minecraft:light_blue_concrete":10,"minecraft:lime_stained_glass_pane":9,"minecraft:loom":24,"minecraft:light_blue_wool":3525,"minecraft:black_banner":33,"minecraft:light_gray_terracotta":13,"minecraft:yellow_concrete":31,"minecraft:sponge":231,"minecraft:note_block":2119,"minecraft:end_stone":102,"minecraft:redstone_torch":411,"minecraft:sticky_piston":74,"minecraft:black_terracotta":57,"minecraft:lever":301,"minecraft:blue_glazed_terracotta":189,"minecraft:black_concrete":167,"minecraft:daylight_detector":46,"minecraft:birch_fence_gate":3,"minecraft:acacia_door":10,"minecraft:heavy_weighted_pressure_plate":4,"minecraft:dark_oak_log":66,"minecraft:lime_carpet":7,"minecraft:light_gray_concrete":9,"minecraft:string":43,"minecraft:brown_wool":61,"minecraft:brown_stained_glass":25,"minecraft:iron_door":53,"minecraft:prismarine_wall":1,"minecraft:jungle_sign":60,"minecraft:light_blue_concrete_powder":106,"minecraft:smooth_red_sandstone_slab":10,"minecraft:stripped_oak_wood":45,"minecraft:grindstone":29,"minecraft:andesite":1,"minecraft:white_concrete":6805,"minecraft:tropical_fish_bucket":148,"minecraft:coarse_dirt":1,"minecraft:bone_meal":4,"minecraft:experience_bottle":3,"minecraft:cobweb":6,"minecraft:oak_fence":85,"minecraft:jungle_leaves":13,"minecraft:purpur_block":25,"minecraft:petrified_oak_slab":57,"minecraft:orange_concrete_powder":28,"minecraft:rose_bush":156,"minecraft:granite_stairs":3,"minecraft:white_tulip":1,"minecraft:flint_and_steel":8,"minecraft:redstone":2129,"minecraft:tropical_fish":1,"minecraft:redstone_ore":6,"minecraft:stone_shovel":12,"minecraft:light_blue_terracotta":46,"minecraft:spruce_planks":130,"minecraft:brown_shulker_box":166,"minecraft:dried_kelp_block":15,"minecraft:oak_door":32,"minecraft:end_stone_brick_wall":8,"minecraft:dirt":2204,"minecraft:red_nether_brick_slab":15,"minecraft:white_carpet":215,"minecraft:hopper":11,"minecraft:prismarine_bricks":24,"minecraft:spruce_stairs":176,"minecraft:shulker_box":1,"minecraft:oak_wood":112,"minecraft:bee_nest":52,"minecraft:pink_carpet":7,"minecraft:granite":647,"minecraft:spruce_fence":9,"minecraft:light_blue_stained_glass":151,"minecraft:purple_banner":35,"minecraft:andesite_wall":18,"minecraft:birch_door":124,"minecraft:purple_stained_glass_pane":22,"minecraft:dark_oak_planks":197,"minecraft:stone_brick_slab":63,"minecraft:brown_terracotta":51,"minecraft:red_tulip":1,"minecraft:light_gray_stained_glass":21,"minecraft:bookshelf":60,"minecraft:yellow_stained_glass":100,"minecraft:oak_stairs":71,"minecraft:smooth_sandstone":77,"minecraft:acacia_slab":213,"minecraft:yellow_concrete_powder":15,"minecraft:light_gray_wool":323,"minecraft:black_stained_glass":15,"minecraft:emerald_block":156,"minecraft:dark_oak_pressure_plate":2,"minecraft:lime_stained_glass":30,"minecraft:white_stained_glass_pane":70,"minecraft:minecart":41,"minecraft:cyan_banner":9,"minecraft:granite_wall":1,"minecraft:cyan_concrete_powder":1,"minecraft:stone_pressure_plate":4,"minecraft:pumpkin":190,"minecraft:turtle_spawn_egg":1,"minecraft:pink_tulip":1,"minecraft:cobblestone_stairs":73,"minecraft:pink_glazed_terracotta":111,"minecraft:snow_block":21,"minecraft:polished_andesite":147,"minecraft:red_nether_bricks":30,"minecraft:blue_wool":5357,"minecraft:pink_banner":2,"minecraft:andesite_slab":30,"minecraft:purple_glazed_terracotta":98,"minecraft:cut_sandstone":3,"minecraft:spruce_sign":4,"minecraft:magenta_stained_glass":72,"minecraft:beacon":5,"minecraft:cobblestone_slab":22,"minecraft:jungle_wood":25,"minecraft:terracotta":124,"minecraft:stripped_dark_oak_log":169,"minecraft:dark_prismarine_slab":83,"minecraft:red_mushroom":9,"minecraft:brown_banner":15,"minecraft:yellow_stained_glass_pane":26,"minecraft:painting":499,"minecraft:magenta_carpet":21,"minecraft:dark_oak_door":105,"minecraft:cyan_stained_glass":903,"minecraft:purple_stained_glass":43,"minecraft:gray_terracotta":225,"minecraft:piston":99,"minecraft:flower_pot":48,"minecraft:acacia_stairs":102,"minecraft:black_wool":217,"minecraft:map":7,"minecraft:lapis_ore":11,"minecraft:detector_rail":253,"minecraft:jungle_stairs":108,"minecraft:stone_slab":21,"minecraft:yellow_wool":2273,"minecraft:stone_axe":2,"minecraft:magenta_banner":10,"minecraft:brown_stained_glass_pane":2,"minecraft:fire_coral_block":4,"minecraft:end_crystal":1,"minecraft:cyan_stained_glass_pane":220,"minecraft:white_banner":178,"minecraft:bucket":218,"minecraft:jungle_door":20,"minecraft:red_banner":10,"minecraft:lapis_block":1364,"minecraft:magenta_glazed_terracotta":7,"minecraft:pumpkin_pie":1,"minecraft:wither_rose":19,"minecraft:sea_pickle":74,"minecraft:gray_wool":15,"minecraft:purple_carpet":108,"minecraft:smooth_stone":26,"minecraft:birch_stairs":133}},"DataVersion":2230}