{"stats":{"minecraft:killed":{"minecraft:sheep":92},"minecraft:used":{"minecraft:oak_trapdoor":9,"minecraft:iron_bars":2,"minecraft:end_rod":145,"minecraft:writable_book":43,"minecraft:red_sand":2,"minecraft:sandstone_stairs":34,"minecraft:melon":243,"minecraft:snow_block":27,"minecraft:flint_and_steel":40,"minecraft:birch_planks":23,"minecraft:red_sandstone_slab":22,"minecraft:polished_andesite":162,"minecraft:lime_wool":435,"minecraft:ladder":2,"minecraft:cut_sandstone":11,"minecraft:green_banner":5,"minecraft:chest":1,"minecraft:birch_boat":3,"minecraft:white_terracotta":77,"minecraft:sandstone":2,"minecraft:black_shulker_box":7,"minecraft:stripped_birch_wood":665,"minecraft:composter":2,"minecraft:stripped_jungle_wood":13,"minecraft:white_shulker_box":9,"minecraft:beacon":6,"minecraft:quartz_stairs":63,"minecraft:sheep_spawn_egg":12,"minecraft:mossy_stone_brick_slab":24,"minecraft:oak_door":5,"minecraft:cracked_stone_bricks":2,"minecraft:netherrack":204,"minecraft:torch":89,"minecraft:white_wool":155,"minecraft:chiseled_red_sandstone":2,"minecraft:rail":7,"minecraft:dirt":3,"minecraft:lime_terracotta":25,"minecraft:sand":10,"minecraft:anvil":7,"minecraft:lime_stained_glass_pane":8,"minecraft:vine":31,"minecraft:white_carpet":36,"minecraft:tnt":3,"minecraft:oak_slab":34,"minecraft:loom":1,"minecraft:blue_stained_glass":90,"minecraft:birch_sign":326,"minecraft:spruce_stairs":7,"minecraft:black_banner":1,"minecraft:blue_ice":5,"minecraft:campfire":86,"minecraft:sponge":733,"minecraft:jungle_trapdoor":11,"minecraft:painting":13,"minecraft:spruce_fence":1,"minecraft:granite":232,"minecraft:obsidian":61,"minecraft:blue_stained_glass_pane":2,"minecraft:birch_fence":90,"minecraft:red_sandstone_stairs":2,"minecraft:glass":106,"minecraft:red_sandstone":2298,"minecraft:acacia_stairs":16,"minecraft:black_wool":268,"minecraft:black_concrete":3619,"minecraft:sea_lantern":326,"minecraft:cyan_terracotta":2,"minecraft:bricks":15,"minecraft:black_stained_glass_pane":24,"minecraft:chiseled_sandstone":60,"minecraft:heavy_weighted_pressure_plate":35,"minecraft:quartz_slab":23,"minecraft:light_gray_concrete":2,"minecraft:red_wool":16,"minecraft:iron_block":284,"minecraft:lantern":42,"minecraft:grass_block":2,"minecraft:oak_stairs":9,"minecraft:brown_wool":17,"minecraft:green_wool":9,"minecraft:lectern":10,"minecraft:stone_slab":6,"minecraft:mossy_cobblestone_slab":2,"minecraft:smooth_quartz":1,"minecraft:iron_door":12,"minecraft:hopper_minecart":3,"minecraft:scaffolding":84,"minecraft:magenta_stained_glass_pane":2,"minecraft:red_stained_glass_pane":3,"minecraft:iron_trapdoor":6,"minecraft:polished_andesite_slab":2,"minecraft:yellow_wool":38,"minecraft:item_frame":84,"minecraft:diamond_sword":139,"minecraft:light_gray_wool":369,"minecraft:green_carpet":13,"minecraft:emerald_block":40,"minecraft:birch_trapdoor":8,"minecraft:magma_block":52,"minecraft:green_shulker_box":8,"minecraft:purple_concrete":137,"minecraft:magenta_wool":129,"minecraft:redstone_lamp":6,"minecraft:bow":78,"minecraft:snow":21,"minecraft:blue_shulker_box":3,"minecraft:hay_block":19,"minecraft:written_book":3,"minecraft:lime_stained_glass":8,"minecraft:white_stained_glass_pane":33,"minecraft:dark_oak_fence":1,"minecraft:lapis_block":11,"minecraft:minecart":4,"minecraft:smooth_stone_slab":148,"minecraft:white_concrete":2035,"minecraft:acacia_planks":17,"minecraft:gray_wool":102,"minecraft:purple_wool":1,"minecraft:smooth_stone":217,"minecraft:birch_stairs":25},"minecraft:picked_up":{"minecraft:nether_wart":176,"minecraft:diamond_sword":5,"minecraft:filled_map":1,"minecraft:dragon_head":1,"minecraft:lapis_lazuli":1,"minecraft:green_shulker_box":1,"minecraft:white_banner":15,"minecraft:item_frame":1,"minecraft:white_carpet":9,"minecraft:red_sand":2,"minecraft:black_shulker_box":6,"minecraft:acacia_sign":1,"minecraft:light_gray_wool":1,"minecraft:torch":1,"minecraft:red_banner":1,"minecraft:grass_block":1,"minecraft:light_blue_wool":2,"minecraft:writable_book":9,"minecraft:painting":1,"minecraft:birch_sign":5,"minecraft:green_wool":4,"minecraft:black_banner":1,"minecraft:white_shulker_box":7,"minecraft:netherrack":1,"minecraft:mutton":114,"minecraft:white_wool":73},"minecraft:dropped":{"minecraft:smooth_stone_slab":1,"minecraft:bowl":1,"minecraft:composter":1,"minecraft:white_carpet":6,"minecraft:diamond_sword":5,"minecraft:iron_block":1,"minecraft:sea_lantern":1,"minecraft:mutton":15,"minecraft:smooth_quartz":1,"minecraft:writable_book":1,"minecraft:birch_sign":3,"minecraft:red_sand":2,"minecraft:campfire":1,"minecraft:white_wool":7,"minecraft:netherrack":1,"minecraft:lectern":1},"minecraft:custom":{"minecraft:mob_kills":92,"minecraft:interact_with_anvil":19,"minecraft:play_one_minute":4656712,"minecraft:interact_with_loom":8,"minecraft:open_shulker_box":112,"minecraft:leave_game":30,"minecraft:time_since_death":4656712,"minecraft:climb_one_cm":26625,"minecraft:time_since_rest":4656712,"minecraft:sprint_one_cm":742440,"minecraft:open_enderchest":2,"minecraft:walk_one_cm":9444038,"minecraft:trigger_trapped_chest":4,"minecraft:drop":33,"minecraft:minecart_one_cm":10524,"minecraft:damage_dealt":7360,"minecraft:interact_with_beacon":2,"minecraft:swim_one_cm":3991,"minecraft:fly_one_cm":24824996,"minecraft:open_chest":13,"minecraft:crouch_one_cm":16481,"minecraft:sneak_time":6159,"minecraft:walk_under_water_one_cm":266380,"minecraft:boat_one_cm":2537,"minecraft:interact_with_lectern":42,"minecraft:jump":5478,"minecraft:walk_on_water_one_cm":4831},"minecraft:mined":{"minecraft:white_bed":1}},"DataVersion":2230}