{"stats":{"minecraft:used":{"minecraft:snow_block":2,"minecraft:zombie_villager_spawn_egg":1,"minecraft:lime_wool":10,"minecraft:oak_planks":1,"minecraft:birch_wood":89,"minecraft:oak_sign":25,"minecraft:light_blue_terracotta":1,"minecraft:stone":23,"minecraft:white_shulker_box":1,"minecraft:stripped_birch_wood":1,"minecraft:sheep_spawn_egg":33,"minecraft:clay":54,"minecraft:white_wool":628,"minecraft:dirt":1,"minecraft:sand":16,"minecraft:blue_stained_glass":14,"minecraft:dead_fire_coral_block":1,"minecraft:light_blue_wool":222,"minecraft:birch_sign":1,"minecraft:blue_ice":2,"minecraft:cyan_wool":2,"minecraft:packed_ice":45,"minecraft:villager_spawn_egg":12,"minecraft:command_block":12,"minecraft:iron_block":2,"minecraft:grass_block":38,"minecraft:oak_button":3,"minecraft:acacia_slab":2,"minecraft:stone_button":13,"minecraft:smooth_quartz":1025,"minecraft:item_frame":2,"minecraft:magenta_wool":1,"minecraft:furnace":2,"minecraft:minecart":3,"minecraft:sea_pickle":78,"minecraft:white_concrete":318,"minecraft:gray_wool":14,"minecraft:stripped_spruce_wood":2},"minecraft:custom":{"minecraft:interact_with_furnace":1,"minecraft:play_one_minute":4782892,"minecraft:open_shulker_box":54,"minecraft:leave_game":108,"minecraft:time_since_death":4614267,"minecraft:climb_one_cm":17570,"minecraft:time_since_rest":4614310,"minecraft:sprint_one_cm":2225803,"minecraft:damage_taken":960,"minecraft:walk_one_cm":2989184,"minecraft:trigger_trapped_chest":2,"minecraft:drop":42,"minecraft:minecart_one_cm":16190,"minecraft:damage_dealt":132,"minecraft:swim_one_cm":3772,"minecraft:fly_one_cm":16784720,"minecraft:open_chest":13,"minecraft:crouch_one_cm":21784,"minecraft:deaths":4,"minecraft:sneak_time":50519,"minecraft:walk_under_water_one_cm":82858,"minecraft:interact_with_lectern":9,"minecraft:jump":2294,"minecraft:walk_on_water_one_cm":15201,"minecraft:fall_one_cm":5732},"minecraft:picked_up":{"minecraft:packed_ice":1,"minecraft:filled_map":3,"minecraft:stripped_spruce_wood":1,"minecraft:cornflower":1,"minecraft:name_tag":1,"minecraft:item_frame":7,"minecraft:oak_sign":1,"minecraft:sea_pickle":7,"minecraft:blue_shulker_box":1,"minecraft:oak_slab":3,"minecraft:stone":2,"minecraft:torch":1,"minecraft:sand":2,"minecraft:stone_button":4,"minecraft:grass_block":5,"minecraft:command_block":2,"minecraft:rotten_flesh":2,"minecraft:writable_book":2,"minecraft:birch_sign":2,"minecraft:white_concrete":1,"minecraft:emerald":1,"minecraft:white_terracotta":1,"minecraft:white_shulker_box":16,"minecraft:ender_pearl":1},"minecraft:dropped":{"minecraft:blue_terracotta":1,"minecraft:oak_planks":1,"minecraft:command_block":3,"minecraft:sheep_spawn_egg":1,"minecraft:white_terracotta":1,"minecraft:white_shulker_box":6,"minecraft:oak_sign":1,"minecraft:grass_block":7,"minecraft:item_frame":7,"minecraft:emerald":1,"minecraft:filled_map":1,"minecraft:stone":7,"minecraft:packed_ice":1,"minecraft:stone_button":1,"minecraft:white_concrete":1,"minecraft:sand":2,"minecraft:stripped_spruce_wood":1}},"DataVersion":2230}