{"stats":{"minecraft:used":{"minecraft:glass":9,"minecraft:bedrock":1,"minecraft:birch_button":1,"minecraft:black_wool":3,"minecraft:firework_rocket":24,"minecraft:hopper":1,"minecraft:acacia_trapdoor":1,"minecraft:birch_planks":2,"minecraft:light_blue_wool":3,"minecraft:grass_block":15,"minecraft:nether_bricks":4,"minecraft:white_stained_glass":3,"minecraft:light_blue_terracotta":10,"minecraft:campfire":1,"minecraft:redstone_block":1,"minecraft:acacia_planks":1,"minecraft:smooth_quartz":2,"minecraft:nether_brick_stairs":4,"minecraft:item_frame":7,"minecraft:redstone_torch":2},"minecraft:custom":{"minecraft:open_barrel":11,"minecraft:open_chest":9,"minecraft:time_since_rest":93034,"minecraft:crouch_one_cm":2600,"minecraft:play_one_minute":93034,"minecraft:sprint_one_cm":46935,"minecraft:inspect_dropper":5,"minecraft:open_shulker_box":7,"minecraft:walk_one_cm":214530,"minecraft:sneak_time":5596,"minecraft:walk_under_water_one_cm":6638,"minecraft:aviate_one_cm":58820,"minecraft:drop":1,"minecraft:jump":252,"minecraft:inspect_hopper":3,"minecraft:leave_game":4,"minecraft:walk_on_water_one_cm":2116,"minecraft:time_since_death":93034,"minecraft:climb_one_cm":243,"minecraft:fly_one_cm":1057249},"minecraft:picked_up":{"minecraft:item_frame":10,"minecraft:cactus":3,"minecraft:painting":2},"minecraft:dropped":{"minecraft:cactus":1}},"DataVersion":2230}