{"stats":{"minecraft:used":{"minecraft:peony":1,"minecraft:nether_brick_fence":17,"minecraft:jack_o_lantern":2,"minecraft:writable_book":20,"minecraft:polished_granite_stairs":2,"minecraft:cut_red_sandstone_slab":4,"minecraft:smooth_quartz_slab":131,"minecraft:spruce_slab":104,"minecraft:dead_horn_coral_block":7,"minecraft:red_sandstone_slab":2,"minecraft:dispenser":2,"minecraft:poppy":1,"minecraft:dead_brain_coral":1,"minecraft:ladder":20,"minecraft:black_carpet":144,"minecraft:green_banner":7,"minecraft:chest":23,"minecraft:stone":2,"minecraft:brown_concrete":1,"minecraft:white_shulker_box":23,"minecraft:red_nether_brick_stairs":1,"minecraft:quartz_stairs":241,"minecraft:farmland":11,"minecraft:tube_coral":1,"minecraft:chiseled_red_sandstone":3,"minecraft:soul_sand":2,"minecraft:lily_of_the_valley":1,"minecraft:cocoa_beans":2,"minecraft:blue_stained_glass":453,"minecraft:brick_slab":4,"minecraft:jungle_slab":88,"minecraft:allium":1,"minecraft:orange_wool":39,"minecraft:acacia_sapling":3,"minecraft:acacia_button":1,"minecraft:azure_bluet":1,"minecraft:stripped_spruce_log":90,"minecraft:jungle_sapling":1,"minecraft:honey_block":158,"minecraft:packed_ice":2,"minecraft:lava_bucket":9,"minecraft:stripped_dark_oak_wood":165,"minecraft:lime_banner":1,"minecraft:quartz_pillar":63,"minecraft:jungle_fence_gate":1,"minecraft:red_wool":29,"minecraft:black_stained_glass_pane":22,"minecraft:grass_block":211,"minecraft:birch_sapling":1,"minecraft:orange_shulker_box":2,"minecraft:polished_andesite_stairs":29,"minecraft:quartz_block":1152,"minecraft:wet_sponge":3,"minecraft:dark_oak_leaves":7,"minecraft:dark_oak_slab":104,"minecraft:dark_oak_button":6,"minecraft:diorite_wall":4,"minecraft:pink_wool":532,"minecraft:stone_brick_stairs":62,"minecraft:blue_banner":16,"minecraft:red_stained_glass_pane":25,"minecraft:infested_mossy_stone_bricks":1,"minecraft:snow":159,"minecraft:sweet_berries":1,"minecraft:furnace":19,"minecraft:yellow_glazed_terracotta":1,"minecraft:oak_sapling":2,"minecraft:acacia_fence":3,"minecraft:gray_banner":2,"minecraft:end_stone_brick_stairs":92,"minecraft:potato":1,"minecraft:dragon_head":4,"minecraft:green_stained_glass_pane":1,"minecraft:seagrass":2,"minecraft:dark_prismarine_stairs":10,"minecraft:brown_concrete_powder":1,"minecraft:magenta_shulker_box":1,"minecraft:lime_glazed_terracotta":32,"minecraft:light_blue_carpet":31,"minecraft:emerald_ore":1,"minecraft:mossy_stone_bricks":9,"minecraft:diorite":4,"minecraft:end_stone_bricks":435,"minecraft:brick_wall":1,"minecraft:spruce_door":49,"minecraft:red_stained_glass":1,"minecraft:stripped_birch_log":2,"minecraft:infested_stone":1,"minecraft:acacia_trapdoor":341,"minecraft:powered_rail":5,"minecraft:prismarine":52,"minecraft:lily_pad":1,"minecraft:orange_tulip":2,"minecraft:cactus":2,"minecraft:lime_concrete_powder":1,"minecraft:mossy_stone_brick_stairs":1,"minecraft:jungle_pressure_plate":1,"minecraft:black_glazed_terracotta":1,"minecraft:composter":29,"minecraft:clay":46,"minecraft:purpur_pillar":9,"minecraft:smooth_quartz_stairs":74,"minecraft:oak_leaves":54,"minecraft:dark_oak_trapdoor":226,"minecraft:purpur_stairs":1,"minecraft:sand":7,"minecraft:cut_sandstone_slab":6,"minecraft:smooth_red_sandstone":3,"minecraft:blast_furnace":5,"minecraft:blue_ice":18,"minecraft:acacia_leaves":28,"minecraft:chiseled_quartz_block":159,"minecraft:purple_terracotta":15,"minecraft:gray_concrete":2,"minecraft:black_concrete_powder":1,"minecraft:red_sandstone_wall":2,"minecraft:pumpkin_seeds":1,"minecraft:purple_concrete_powder":1,"minecraft:birch_fence":82,"minecraft:red_sandstone":1,"minecraft:chiseled_sandstone":3,"minecraft:gray_stained_glass_pane":2,"minecraft:birch_slab":484,"minecraft:zombie_head":2,"minecraft:cyan_carpet":31,"minecraft:stone_button":532,"minecraft:lectern":52,"minecraft:white_glazed_terracotta":542,"minecraft:red_terracotta":22,"minecraft:polished_granite":52,"minecraft:oak_pressure_plate":1,"minecraft:diamond_ore":1,"minecraft:cut_red_sandstone":1,"minecraft:lilac":1,"minecraft:polished_andesite_slab":9,"minecraft:magenta_stained_glass_pane":1,"minecraft:nether_wart_block":27,"minecraft:coal_block":102,"minecraft:smithing_table":2,"minecraft:dark_oak_fence":23,"minecraft:bubble_coral_block":1,"minecraft:white_stained_glass":9,"minecraft:green_concrete_powder":1,"minecraft:birch_log":2,"minecraft:pink_stained_glass":2,"minecraft:ice":1,"minecraft:purple_wool":10,"minecraft:diorite_slab":2,"minecraft:gray_stained_glass":9,"minecraft:diorite_stairs":1,"minecraft:oak_trapdoor":298,"minecraft:stripped_acacia_wood":296,"minecraft:iron_bars":101,"minecraft:enchanting_table":2,"minecraft:acacia_log":11,"minecraft:dead_tube_coral_block":4,"minecraft:orange_concrete":124,"minecraft:dead_bush":2,"minecraft:carved_pumpkin":2,"minecraft:armor_stand":54,"minecraft:red_concrete":113,"minecraft:light_gray_carpet":40,"minecraft:mycelium":1,"minecraft:sandstone_wall":1,"minecraft:netherrack":1,"minecraft:light_gray_shulker_box":1,"minecraft:orange_stained_glass":1,"minecraft:orange_bed":7,"minecraft:green_glazed_terracotta":1,"minecraft:torch":22,"minecraft:brewing_stand":12,"minecraft:anvil":11,"minecraft:nether_brick_slab":191,"minecraft:stone_stairs":2,"minecraft:dead_tube_coral":1,"minecraft:light_gray_glazed_terracotta":1,"minecraft:yellow_carpet":45,"minecraft:jungle_trapdoor":11,"minecraft:polished_granite_slab":2,"minecraft:dead_brain_coral_block":4,"minecraft:blue_concrete":208,"minecraft:nether_brick_stairs":94,"minecraft:oak_fence_gate":3,"minecraft:polished_diorite":104,"minecraft:fern":1,"minecraft:mossy_cobblestone_stairs":1,"minecraft:red_shulker_box":1,"minecraft:sea_lantern":4340,"minecraft:cyan_shulker_box":1,"minecraft:iron_block":230,"minecraft:light_weighted_pressure_plate":3,"minecraft:slime_block":99,"minecraft:brick_stairs":3,"minecraft:spruce_button":1,"minecraft:jungle_log":9,"minecraft:smooth_quartz":4106,"minecraft:pink_stained_glass_pane":1,"minecraft:barrel":29,"minecraft:melon_seeds":1,"minecraft:prismarine_slab":4,"minecraft:bamboo":1,"minecraft:tripwire_hook":30,"minecraft:purple_concrete":17,"minecraft:glowstone":3,"minecraft:lime_concrete":227,"minecraft:magenta_wool":9,"minecraft:tall_grass":1,"minecraft:gray_glazed_terracotta":2,"minecraft:iron_trapdoor":2,"minecraft:magenta_terracotta":2,"minecraft:podzol":1,"minecraft:acacia_wood":13,"minecraft:trapped_chest":3,"minecraft:acacia_planks":29,"minecraft:observer":33,"minecraft:orange_terracotta":31,"minecraft:wheat_seeds":1,"minecraft:water_bucket":17,"minecraft:yellow_banner":13,"minecraft:light_blue_shulker_box":1,"minecraft:nether_brick_wall":1,"minecraft:tube_coral_block":1,"minecraft:light_blue_glazed_terracotta":258,"minecraft:sandstone_stairs":1,"minecraft:prismarine_brick_slab":34,"minecraft:birch_planks":720,"minecraft:yellow_shulker_box":10,"minecraft:lime_wool":209,"minecraft:cartography_table":2,"minecraft:smooth_sandstone_slab":33,"minecraft:red_mushroom_block":1,"minecraft:blue_concrete_powder":1,"minecraft:cauldron":18,"minecraft:fletching_table":1,"minecraft:spruce_fence_gate":2,"minecraft:gold_ore":4,"minecraft:cracked_stone_bricks":5,"minecraft:pink_concrete":28,"minecraft:mossy_cobblestone":2,"minecraft:diamond_block":211,"minecraft:lime_terracotta":1,"minecraft:orange_carpet":44,"minecraft:light_gray_banner":9,"minecraft:rail":17,"minecraft:comparator":39,"minecraft:vine":3,"minecraft:crafting_table":25,"minecraft:tnt":1,"minecraft:oak_slab":593,"minecraft:cyan_glazed_terracotta":1,"minecraft:red_bed":2,"minecraft:birch_sign":648,"minecraft:campfire":2,"minecraft:white_bed":3,"minecraft:dark_oak_fence_gate":1,"minecraft:fire_coral":1,"minecraft:lime_shulker_box":1,"minecraft:cake":4,"minecraft:spruce_log":6,"minecraft:mushroom_stem":2,"minecraft:oak_log":182,"minecraft:dark_prismarine":705,"minecraft:blue_stained_glass_pane":7,"minecraft:cornflower":38,"minecraft:oxeye_daisy":1,"minecraft:acacia_sign":1,"minecraft:stripped_jungle_log":58,"minecraft:sunflower":1,"minecraft:oak_button":24,"minecraft:spruce_pressure_plate":1,"minecraft:cyan_concrete":87,"minecraft:purpur_slab":1,"minecraft:spruce_trapdoor":332,"minecraft:magenta_concrete_powder":1,"minecraft:spruce_sapling":1,"minecraft:green_carpet":125,"minecraft:blue_carpet":97,"minecraft:pink_bed":2,"minecraft:chiseled_stone_bricks":4,"minecraft:cobblestone":91,"minecraft:orange_banner":2,"minecraft:purple_bed":3,"minecraft:acacia_pressure_plate":1,"minecraft:red_concrete_powder":1,"minecraft:andesite_stairs":11,"minecraft:sandstone_slab":2,"minecraft:glass_pane":126,"minecraft:repeating_command_block":78,"minecraft:end_portal_frame":8,"minecraft:stripped_oak_log":138,"minecraft:kelp":1,"minecraft:dandelion":1,"minecraft:brown_mushroom_block":1,"minecraft:jukebox":76,"minecraft:green_stained_glass":1,"minecraft:light_blue_banner":32,"minecraft:light_blue_stained_glass_pane":2,"minecraft:blue_terracotta":1242,"minecraft:red_sand":1,"minecraft:light_gray_stained_glass_pane":1,"minecraft:melon":120,"minecraft:bone_block":66,"minecraft:oak_sign":343,"minecraft:white_concrete_powder":476,"minecraft:white_terracotta":264,"minecraft:purple_shulker_box":1,"minecraft:nether_wart":1,"minecraft:creeper_head":1,"minecraft:stripped_jungle_wood":381,"minecraft:bubble_coral":1,"minecraft:bell":15,"minecraft:grass":3,"minecraft:mossy_stone_brick_slab":14,"minecraft:smooth_sandstone_stairs":33,"minecraft:green_terracotta":3,"minecraft:spruce_leaves":245,"minecraft:birch_pressure_plate":9,"minecraft:orange_glazed_terracotta":2,"minecraft:jungle_planks":554,"minecraft:nether_bricks":37,"minecraft:prismarine_brick_stairs":13,"minecraft:carrot":1,"minecraft:pink_terracotta":38,"minecraft:beehive":781,"minecraft:cyan_wool":107,"minecraft:obsidian":68,"minecraft:red_sandstone_stairs":25,"minecraft:glass":186,"minecraft:cyan_terracotta":104,"minecraft:bricks":12,"minecraft:coal_ore":4,"minecraft:quartz_slab":137,"minecraft:lantern":65,"minecraft:blue_orchid":1,"minecraft:green_wool":65,"minecraft:dark_oak_wood":14,"minecraft:light_blue_bed":3,"minecraft:mossy_cobblestone_slab":1,"minecraft:gray_concrete_powder":5,"minecraft:tropical_fish_spawn_egg":2,"minecraft:hopper_minecart":9,"minecraft:stone_bricks":179,"minecraft:item_frame":569,"minecraft:bedrock":2,"minecraft:birch_button":1,"minecraft:birch_trapdoor":501,"minecraft:red_nether_brick_wall":1,"minecraft:red_carpet":194,"minecraft:repeater":176,"minecraft:redstone_lamp":123,"minecraft:honeycomb_block":1,"minecraft:magma_block":2,"minecraft:brown_carpet":16,"minecraft:written_book":13,"minecraft:horn_coral":1,"minecraft:hay_block":3,"minecraft:scaffolding":19,"minecraft:infested_cracked_stone_bricks":1,"minecraft:jungle_button":1,"minecraft:blue_shulker_box":17,"minecraft:gray_bed":1,"minecraft:beetroot_seeds":2,"minecraft:polished_diorite_stairs":1,"minecraft:gold_block":5,"minecraft:skeleton_skull":3,"minecraft:pink_concrete_powder":1,"minecraft:large_fern":1,"minecraft:stripped_spruce_wood":98,"minecraft:dark_oak_sapling":2,"minecraft:dark_oak_stairs":128,"minecraft:end_rod":56,"minecraft:wither_skeleton_skull":8,"minecraft:dropper":257,"minecraft:stripped_acacia_log":1,"minecraft:birch_leaves":9,"minecraft:gray_carpet":1,"minecraft:dark_oak_sign":4,"minecraft:jungle_fence":1,"minecraft:oak_planks":2413,"minecraft:prismarine_stairs":1,"minecraft:polished_diorite_slab":2,"minecraft:sandstone":1,"minecraft:redstone_block":76,"minecraft:end_stone_brick_slab":70,"minecraft:blue_bed":29,"minecraft:diamond_axe":153,"minecraft:sugar_cane":1,"minecraft:white_wool":515,"minecraft:brain_coral":1,"minecraft:infested_chiseled_stone_bricks":1,"minecraft:yellow_terracotta":113,"minecraft:light_blue_concrete":774,"minecraft:lime_stained_glass_pane":1,"minecraft:loom":34,"minecraft:light_blue_wool":262,"minecraft:black_banner":102,"minecraft:light_gray_terracotta":16,"minecraft:yellow_concrete":1506,"minecraft:crossbow":19,"minecraft:dead_bubble_coral":1,"minecraft:sponge":3,"minecraft:note_block":14,"minecraft:stone_brick_wall":2,"minecraft:black_bed":7,"minecraft:end_stone":2,"minecraft:black_terracotta":3,"minecraft:redstone_torch":162,"minecraft:sticky_piston":81,"minecraft:green_concrete":74,"minecraft:lever":145,"minecraft:blue_glazed_terracotta":1,"minecraft:black_concrete":235,"minecraft:firework_rocket":21,"minecraft:birch_fence_gate":1,"minecraft:daylight_detector":3,"minecraft:acacia_door":2,"minecraft:gray_shulker_box":1,"minecraft:dark_oak_log":12,"minecraft:light_gray_concrete":1762,"minecraft:lime_carpet":44,"minecraft:heavy_weighted_pressure_plate":307,"minecraft:barrier":20,"minecraft:brown_stained_glass":1,"minecraft:cyan_bed":2,"minecraft:brown_wool":21,"minecraft:string":97,"minecraft:iron_door":30,"minecraft:prismarine_wall":7,"minecraft:gravel":112,"minecraft:granite_slab":42,"minecraft:dead_horn_coral":1,"minecraft:jungle_sign":1,"minecraft:smooth_red_sandstone_slab":27,"minecraft:light_blue_concrete_powder":1,"minecraft:stripped_oak_wood":686,"minecraft:grindstone":116,"minecraft:andesite":60,"minecraft:smooth_stone_slab":449,"minecraft:mossy_cobblestone_wall":2,"minecraft:white_concrete":1123,"minecraft:coarse_dirt":1,"minecraft:chorus_plant":1,"minecraft:cobweb":3,"minecraft:oak_fence":150,"minecraft:purpur_block":2,"minecraft:petrified_oak_slab":4,"minecraft:orange_concrete_powder":1,"minecraft:jungle_leaves":3,"minecraft:rose_bush":1,"minecraft:granite_stairs":1,"minecraft:flint_and_steel":2,"minecraft:white_tulip":1,"minecraft:redstone_ore":2,"minecraft:redstone":810,"minecraft:light_blue_terracotta":843,"minecraft:spruce_planks":348,"minecraft:ender_chest":3,"minecraft:brown_shulker_box":10,"minecraft:stripped_birch_wood":254,"minecraft:dried_kelp_block":35,"minecraft:oak_door":40,"minecraft:end_stone_brick_wall":2,"minecraft:dirt":259,"minecraft:red_nether_brick_slab":2,"minecraft:white_carpet":271,"minecraft:hopper":9,"minecraft:prismarine_bricks":2344,"minecraft:spruce_stairs":65,"minecraft:cobblestone_wall":2,"minecraft:shulker_box":1,"minecraft:oak_wood":40,"minecraft:bee_nest":2,"minecraft:pink_carpet":7,"minecraft:spruce_fence":10,"minecraft:granite":20,"minecraft:light_blue_stained_glass":162,"minecraft:birch_door":15,"minecraft:andesite_wall":13,"minecraft:purple_banner":7,"minecraft:purple_stained_glass_pane":4,"minecraft:stone_brick_slab":6,"minecraft:dark_oak_planks":16,"minecraft:brown_terracotta":2,"minecraft:bookshelf":425,"minecraft:light_gray_stained_glass":1,"minecraft:red_tulip":1,"minecraft:yellow_stained_glass":4,"minecraft:oak_stairs":239,"minecraft:smooth_sandstone":169,"minecraft:acacia_slab":188,"minecraft:yellow_concrete_powder":1,"minecraft:light_gray_wool":196,"minecraft:black_stained_glass":92,"minecraft:emerald_block":11,"minecraft:dark_oak_pressure_plate":1,"minecraft:lime_stained_glass":1,"minecraft:salmon_spawn_egg":2,"minecraft:white_stained_glass_pane":138,"minecraft:minecart":2,"minecraft:infested_cobblestone":1,"minecraft:cyan_concrete_powder":1,"minecraft:cyan_banner":2,"minecraft:stone_pressure_plate":7,"minecraft:horn_coral_block":1,"minecraft:granite_wall":1,"minecraft:dead_bubble_coral_block":4,"minecraft:orange_stained_glass_pane":2,"minecraft:mossy_stone_brick_wall":2,"minecraft:pumpkin":1,"minecraft:light_gray_bed":1,"minecraft:brown_bed":1,"minecraft:brain_coral_block":1,"minecraft:iron_ore":4,"minecraft:pink_tulip":1,"minecraft:cobblestone_stairs":2,"minecraft:pink_glazed_terracotta":7,"minecraft:snow_block":660,"minecraft:polished_andesite":13,"minecraft:red_nether_bricks":1,"minecraft:pink_banner":3,"minecraft:blue_wool":169,"minecraft:andesite_slab":2,"minecraft:purple_glazed_terracotta":1,"minecraft:black_shulker_box":1,"minecraft:cut_sandstone":2,"minecraft:brown_mushroom":1,"minecraft:spruce_sign":4,"minecraft:magenta_stained_glass":1,"minecraft:green_bed":1,"minecraft:beacon":21,"minecraft:stonecutter":1,"minecraft:red_glazed_terracotta":1,"minecraft:cobblestone_slab":4,"minecraft:stripped_dark_oak_log":1,"minecraft:terracotta":71,"minecraft:dark_prismarine_slab":11,"minecraft:lime_bed":2,"minecraft:magenta_bed":1,"minecraft:dead_fire_coral_block":78,"minecraft:red_mushroom":1,"minecraft:brown_banner":2,"minecraft:yellow_stained_glass_pane":2,"minecraft:light_gray_concrete_powder":349,"minecraft:painting":726,"minecraft:brown_glazed_terracotta":1,"minecraft:magenta_carpet":36,"minecraft:infested_stone_bricks":1,"minecraft:smooth_red_sandstone_stairs":8,"minecraft:smoker":36,"minecraft:dark_oak_door":47,"minecraft:cyan_stained_glass":1,"minecraft:purple_stained_glass":2,"minecraft:gray_terracotta":1,"minecraft:piston":230,"minecraft:flower_pot":88,"minecraft:black_wool":603,"minecraft:acacia_stairs":34,"minecraft:activator_rail":1,"minecraft:dead_fire_coral":1,"minecraft:command_block":100,"minecraft:lapis_ore":3,"minecraft:detector_rail":3,"minecraft:jungle_stairs":36,"minecraft:magenta_concrete":23,"minecraft:stone_slab":7,"minecraft:yellow_wool":164,"minecraft:acacia_fence_gate":1,"minecraft:magenta_banner":2,"minecraft:brown_stained_glass_pane":1,"minecraft:green_shulker_box":1,"minecraft:fire_coral_block":1,"minecraft:fishing_rod":7,"minecraft:cyan_stained_glass_pane":1,"minecraft:white_banner":485,"minecraft:lapis_block":744,"minecraft:red_banner":10,"minecraft:jungle_door":1,"minecraft:chain_command_block":1706,"minecraft:pink_shulker_box":1,"minecraft:grass_path":1,"minecraft:magenta_glazed_terracotta":128,"minecraft:yellow_bed":1,"minecraft:wither_rose":1,"minecraft:sea_pickle":365,"minecraft:purple_carpet":20,"minecraft:gray_wool":4,"minecraft:smooth_stone":43,"minecraft:splash_potion":3,"minecraft:birch_stairs":97},"minecraft:custom":{"minecraft:interact_with_crafting_table":16,"minecraft:open_barrel":40,"minecraft:bell_ring":10,"minecraft:leave_game":287,"minecraft:time_since_death":10388014,"minecraft:jump":12289,"minecraft:interact_with_furnace":19,"minecraft:damage_dealt":9289,"minecraft:interact_with_smoker":6,"minecraft:inspect_dropper":24,"minecraft:interact_with_anvil":6,"minecraft:inspect_hopper":10,"minecraft:sneak_time":85878,"minecraft:interact_with_lectern":7,"minecraft:tune_noteblock":13,"minecraft:time_since_rest":10388014,"minecraft:swim_one_cm":7806,"minecraft:fly_one_cm":25270220,"minecraft:open_chest":80,"minecraft:open_shulker_box":167,"minecraft:sprint_one_cm":2588634,"minecraft:drop":127,"minecraft:walk_on_water_one_cm":13889,"minecraft:interact_with_loom":57,"minecraft:play_one_minute":10388014,"minecraft:open_enderchest":7,"minecraft:interact_with_beacon":10,"minecraft:crouch_one_cm":79005,"minecraft:mob_kills":125,"minecraft:fill_cauldron":6,"minecraft:climb_one_cm":4217,"minecraft:walk_one_cm":14397055,"minecraft:walk_under_water_one_cm":17085,"minecraft:pot_flower":179,"minecraft:interact_with_grindstone":3,"minecraft:trigger_trapped_chest":23},"minecraft:mined":{"minecraft:white_bed":1,"minecraft:orange_bed":4,"minecraft:black_bed":2,"minecraft:purple_bed":1,"minecraft:light_blue_bed":1,"minecraft:blue_bed":18},"minecraft:killed":{"minecraft:tropical_fish":13,"minecraft:salmon":1,"minecraft:wolf":4,"minecraft:sheep":107},"minecraft:crafted":{"minecraft:firework_star":4,"minecraft:written_book":7,"minecraft:leather_boots":2,"minecraft:firework_rocket":6},"minecraft:picked_up":{"minecraft:magenta_carpet":9,"minecraft:lead":1,"minecraft:cooked_salmon":845,"minecraft:blue_stained_glass_pane":1,"minecraft:beetroot":13,"minecraft:written_book":874,"minecraft:hopper_minecart":1,"minecraft:dark_oak_door":2,"minecraft:pink_carpet":1,"minecraft:brown_carpet":3,"minecraft:lime_carpet":2,"minecraft:command_block":1,"minecraft:honey_bottle":14,"minecraft:light_blue_wool":3,"minecraft:tropical_fish":12,"minecraft:birch_slab":4,"minecraft:brown_wool":2,"minecraft:map":15,"minecraft:lantern":1,"minecraft:dark_oak_sign":1,"minecraft:glowstone_dust":1,"minecraft:lever":15,"minecraft:writable_book":1,"minecraft:crafting_table":1,"minecraft:purple_wool":2,"minecraft:leather_leggings":128,"minecraft:heavy_weighted_pressure_plate":40,"minecraft:cornflower":33,"minecraft:white_carpet":3,"minecraft:iron_shovel":10,"minecraft:cyan_wool":2,"minecraft:poppy":1,"minecraft:chest":1,"minecraft:egg":3,"minecraft:oak_door":1,"minecraft:white_dye":233,"minecraft:redstone":93,"minecraft:prismarine_crystals":12,"minecraft:blue_carpet":29,"minecraft:shears":23,"minecraft:white_shulker_box":24,"minecraft:mutton":137,"minecraft:rail":4,"minecraft:white_wool":66,"minecraft:yellow_shulker_box":13,"minecraft:clock":20,"minecraft:filled_map":7,"minecraft:paper":63,"minecraft:white_banner":9,"minecraft:apple":14,"minecraft:iron_sword":21,"minecraft:white_stained_glass_pane":3,"minecraft:chain_command_block":21,"minecraft:milk_bucket":7,"minecraft:sweet_berries":14,"minecraft:red_wool":2,"minecraft:birch_stairs":1,"minecraft:leather_helmet":3,"minecraft:slime_ball":15,"minecraft:light_blue_carpet":1,"minecraft:painting":190,"minecraft:birch_sign":17,"minecraft:gray_wool":3,"minecraft:smooth_quartz_slab":1,"minecraft:black_carpet":15,"minecraft:yellow_wool":4,"minecraft:potion":3,"minecraft:sticky_piston":2,"minecraft:armor_stand":1,"minecraft:oak_sign":9,"minecraft:sea_pickle":17,"minecraft:comparator":1,"minecraft:redstone_torch":16,"minecraft:iron_pickaxe":10,"minecraft:iron_boots":13,"minecraft:blue_wool":1,"minecraft:torch":14,"minecraft:light_gray_banner":1,"minecraft:blue_stained_glass":1,"minecraft:brown_shulker_box":3,"minecraft:green_wool":1,"minecraft:blaze_powder":1,"minecraft:leather_chestplate":21,"minecraft:repeater":12,"minecraft:orange_carpet":2,"minecraft:potato":14,"minecraft:dirt":1,"minecraft:leather_boots":1,"minecraft:granite_wall":1,"minecraft:bow":11,"minecraft:bell":2,"minecraft:bamboo":9,"minecraft:powered_rail":2,"minecraft:oak_planks":66,"minecraft:ghast_tear":1,"minecraft:jungle_planks":1,"minecraft:jungle_slab":1,"minecraft:orange_wool":2,"minecraft:yellow_carpet":1,"minecraft:crossbow":10,"minecraft:bone_meal":4,"minecraft:fishing_rod":10,"minecraft:chicken":4,"minecraft:turtle_helmet":3,"minecraft:pink_wool":2,"minecraft:stone_brick_wall":1,"minecraft:dragon_breath":1,"minecraft:iron_axe":21,"minecraft:item_frame":582,"minecraft:cyan_carpet":12,"minecraft:mossy_cobblestone_wall":1,"minecraft:player_head":1,"minecraft:light_gray_wool":5,"minecraft:lectern":1,"minecraft:blue_shulker_box":27,"minecraft:phantom_membrane":1,"minecraft:lime_wool":2,"minecraft:orange_dye":1,"minecraft:red_stained_glass_pane":3,"minecraft:bowl":13,"minecraft:stone_button":35,"minecraft:cookie":3,"minecraft:trident":10,"minecraft:salmon":2668,"minecraft:gunpowder":1,"minecraft:red_carpet":25,"minecraft:gray_carpet":1,"minecraft:iron_ingot":15,"minecraft:cooked_chicken":1,"minecraft:mossy_stone_brick_wall":1,"minecraft:acacia_sapling":1,"minecraft:pumpkin":1,"minecraft:green_carpet":10,"minecraft:mossy_stone_brick_slab":1,"minecraft:spruce_door":21,"minecraft:music_disc_mall":13,"minecraft:iron_helmet":11,"minecraft:black_wool":1},"minecraft:dropped":{"minecraft:crafting_table":1,"minecraft:dirt":1,"minecraft:writable_book":1,"minecraft:birch_stairs":1,"minecraft:oak_planks":2,"minecraft:blue_stained_glass":1,"minecraft:granite_wall":1,"minecraft:lectern":1,"minecraft:pumpkin":1,"minecraft:white_banner":6,"minecraft:sticky_piston":2,"minecraft:white_shulker_box":2,"minecraft:blue_shulker_box":14,"minecraft:orange_dye":1,"minecraft:jungle_planks":1,"minecraft:mossy_cobblestone_wall":1,"minecraft:light_gray_banner":1,"minecraft:mossy_stone_brick_slab":1,"minecraft:beehive":1,"minecraft:brown_shulker_box":1,"minecraft:leather_chestplate":5,"minecraft:mossy_stone_brick_wall":1,"minecraft:birch_trapdoor":1,"minecraft:stone_brick_wall":1,"minecraft:chest":1,"minecraft:chain_command_block":65,"minecraft:hopper_minecart":1,"minecraft:yellow_shulker_box":4,"minecraft:redstone":7,"minecraft:comparator":1}},"DataVersion":2230}