{"stats":{"minecraft:used":{"minecraft:peony":2,"minecraft:writable_book":77,"minecraft:jack_o_lantern":12,"minecraft:polished_granite_stairs":2,"minecraft:cut_red_sandstone_slab":20,"minecraft:smooth_quartz_slab":877,"minecraft:dead_horn_coral_block":584,"minecraft:dispenser":34,"minecraft:spruce_slab":3105,"minecraft:ladder":181,"minecraft:dead_brain_coral":3,"minecraft:poppy":392,"minecraft:black_carpet":100,"minecraft:green_banner":163,"minecraft:chest":107,"minecraft:brown_concrete":98,"minecraft:stone":2440,"minecraft:white_shulker_box":205,"minecraft:quartz_stairs":1344,"minecraft:red_nether_brick_stairs":56,"minecraft:farmland":1,"minecraft:chiseled_red_sandstone":17,"minecraft:soul_sand":251,"minecraft:lily_of_the_valley":111,"minecraft:skeleton_spawn_egg":2,"minecraft:blue_stained_glass":652,"minecraft:brick_slab":374,"minecraft:orange_wool":702,"minecraft:jungle_slab":937,"minecraft:allium":208,"minecraft:acacia_sapling":1,"minecraft:acacia_button":42,"minecraft:azure_bluet":6,"minecraft:stripped_spruce_log":438,"minecraft:spruce_boat":10,"minecraft:packed_ice":180,"minecraft:honey_block":148,"minecraft:lava_bucket":25,"minecraft:stripped_dark_oak_wood":65,"minecraft:quartz_pillar":713,"minecraft:lime_banner":11,"minecraft:jungle_fence_gate":4,"minecraft:red_wool":1615,"minecraft:black_stained_glass_pane":110,"minecraft:grass_block":1014,"minecraft:birch_sapling":93,"minecraft:polished_andesite_stairs":255,"minecraft:orange_shulker_box":44,"minecraft:quartz_block":1300,"minecraft:wet_sponge":49,"minecraft:dark_oak_leaves":287,"minecraft:dark_oak_slab":3367,"minecraft:dark_oak_button":27,"minecraft:diorite_wall":220,"minecraft:pink_wool":3537,"minecraft:stone_brick_stairs":2304,"minecraft:blue_banner":201,"minecraft:rabbit_stew":2,"minecraft:red_stained_glass_pane":208,"minecraft:snow":457,"minecraft:bow":119,"minecraft:furnace":71,"minecraft:yellow_glazed_terracotta":48,"minecraft:oak_sapling":16,"minecraft:acacia_fence":88,"minecraft:end_stone_brick_stairs":85,"minecraft:gray_banner":92,"minecraft:dragon_head":1,"minecraft:dark_prismarine_stairs":789,"minecraft:magenta_shulker_box":28,"minecraft:seagrass":22,"minecraft:brown_concrete_powder":1,"minecraft:lime_glazed_terracotta":14,"minecraft:light_blue_carpet":127,"minecraft:mossy_stone_bricks":453,"minecraft:diorite":6,"minecraft:damaged_anvil":4,"minecraft:end_stone_bricks":295,"minecraft:spruce_door":86,"minecraft:brick_wall":2592,"minecraft:stripped_birch_log":558,"minecraft:chorus_fruit":1,"minecraft:red_stained_glass":50,"minecraft:acacia_trapdoor":214,"minecraft:powered_rail":316,"minecraft:prismarine":4,"minecraft:lily_pad":19,"minecraft:orange_tulip":467,"minecraft:lime_concrete_powder":3,"minecraft:mossy_stone_brick_stairs":15,"minecraft:black_glazed_terracotta":11,"minecraft:composter":15,"minecraft:parrot_spawn_egg":1,"minecraft:clay":87,"minecraft:purpur_pillar":100,"minecraft:oak_leaves":233,"minecraft:smooth_quartz_stairs":489,"minecraft:cookie":1,"minecraft:dark_oak_trapdoor":132,"minecraft:sand":183,"minecraft:purpur_stairs":1205,"minecraft:cut_sandstone_slab":103,"minecraft:blast_furnace":7,"minecraft:smooth_red_sandstone":55,"minecraft:acacia_leaves":88,"minecraft:blue_ice":1,"minecraft:purple_terracotta":666,"minecraft:chiseled_quartz_block":4445,"minecraft:gray_concrete":88,"minecraft:red_sandstone_wall":33,"minecraft:birch_fence":570,"minecraft:red_sandstone":192,"minecraft:chiseled_sandstone":61,"minecraft:birch_slab":576,"minecraft:gray_stained_glass_pane":219,"minecraft:stone_button":174,"minecraft:cyan_carpet":72,"minecraft:white_glazed_terracotta":1,"minecraft:lectern":37,"minecraft:red_terracotta":243,"minecraft:polished_granite":371,"minecraft:cut_red_sandstone":503,"minecraft:cat_spawn_egg":7,"minecraft:lilac":4,"minecraft:polished_andesite_slab":68,"minecraft:magenta_stained_glass_pane":14,"minecraft:coal_block":93,"minecraft:nether_wart_block":1371,"minecraft:diamond_sword":323,"minecraft:dark_oak_fence":1223,"minecraft:smithing_table":54,"minecraft:white_stained_glass":1055,"minecraft:bubble_coral_block":2,"minecraft:green_concrete_powder":5,"minecraft:birch_log":849,"minecraft:pink_stained_glass":614,"minecraft:ice":39,"minecraft:purple_wool":881,"minecraft:diorite_slab":97,"minecraft:gray_stained_glass":901,"minecraft:diorite_stairs":20,"minecraft:stripped_acacia_wood":361,"minecraft:oak_trapdoor":280,"minecraft:iron_bars":4228,"minecraft:enchanting_table":44,"minecraft:dead_tube_coral_block":172,"minecraft:acacia_log":489,"minecraft:orange_concrete":383,"minecraft:dead_bush":5,"minecraft:red_concrete":1805,"minecraft:armor_stand":313,"minecraft:mycelium":3,"minecraft:light_gray_carpet":710,"minecraft:torch":1753,"minecraft:sandstone_wall":86,"minecraft:green_glazed_terracotta":16,"minecraft:orange_bed":10,"minecraft:netherrack":1766,"minecraft:orange_stained_glass":3,"minecraft:light_gray_shulker_box":1,"minecraft:brewing_stand":24,"minecraft:anvil":154,"minecraft:chorus_flower":3,"minecraft:nether_quartz_ore":395,"minecraft:oak_fence_gate":11,"minecraft:light_gray_glazed_terracotta":64,"minecraft:stone_stairs":51,"minecraft:nether_brick_slab":364,"minecraft:blue_concrete":38,"minecraft:polished_granite_slab":29,"minecraft:yellow_carpet":308,"minecraft:dead_brain_coral_block":60,"minecraft:jungle_trapdoor":79,"minecraft:nether_brick_stairs":286,"minecraft:fern":17,"minecraft:polished_diorite":278,"minecraft:red_shulker_box":23,"minecraft:sea_lantern":3575,"minecraft:chipped_anvil":5,"minecraft:spruce_button":11,"minecraft:iron_block":10189,"minecraft:brick_stairs":516,"minecraft:slime_block":185,"minecraft:jungle_log":45,"minecraft:smooth_quartz":1866,"minecraft:pink_stained_glass_pane":593,"minecraft:barrel":505,"minecraft:bamboo":18,"minecraft:tripwire_hook":50,"minecraft:purple_concrete":500,"minecraft:glowstone":246,"minecraft:lime_concrete":193,"minecraft:magenta_wool":448,"minecraft:tall_grass":469,"minecraft:gray_glazed_terracotta":10,"minecraft:iron_trapdoor":1021,"minecraft:magenta_terracotta":337,"minecraft:podzol":25039,"minecraft:acacia_wood":14,"minecraft:trapped_chest":30,"minecraft:dead_bubble_coral_fan":38,"minecraft:acacia_planks":1170,"minecraft:observer":531,"minecraft:orange_terracotta":121,"minecraft:water_bucket":247,"minecraft:yellow_banner":119,"minecraft:light_blue_shulker_box":24,"minecraft:nether_brick_wall":208,"minecraft:light_blue_glazed_terracotta":6,"minecraft:sandstone_stairs":271,"minecraft:prismarine_brick_slab":16,"minecraft:birch_planks":4162,"minecraft:lead":4,"minecraft:yellow_shulker_box":34,"minecraft:lime_wool":4249,"minecraft:cartography_table":28,"minecraft:red_mushroom_block":5,"minecraft:cauldron":109,"minecraft:fletching_table":2,"minecraft:sheep_spawn_egg":10,"minecraft:spruce_fence_gate":17,"minecraft:cracked_stone_bricks":630,"minecraft:pink_concrete":1013,"minecraft:diamond_block":56,"minecraft:orange_carpet":162,"minecraft:light_gray_banner":108,"minecraft:lime_terracotta":1091,"minecraft:comparator":100,"minecraft:cyan_glazed_terracotta":57,"minecraft:vine":478,"minecraft:mossy_cobblestone":1301,"minecraft:rail":189,"minecraft:tnt":10,"minecraft:crafting_table":22,"minecraft:oak_slab":1394,"minecraft:red_bed":10,"minecraft:white_bed":3,"minecraft:birch_sign":737,"minecraft:campfire":115,"minecraft:dark_oak_fence_gate":9,"minecraft:lime_shulker_box":26,"minecraft:cake":9,"minecraft:spruce_log":3275,"minecraft:mushroom_stem":160,"minecraft:oak_log":4184,"minecraft:dark_prismarine":140,"minecraft:cornflower":40,"minecraft:oxeye_daisy":150,"minecraft:acacia_sign":281,"minecraft:stripped_jungle_log":706,"minecraft:sunflower":1,"minecraft:oak_button":3,"minecraft:spruce_pressure_plate":3,"minecraft:cyan_concrete":272,"minecraft:purpur_slab":596,"minecraft:spruce_trapdoor":981,"minecraft:spruce_sapling":12,"minecraft:chiseled_stone_bricks":169,"minecraft:blue_carpet":164,"minecraft:pink_bed":8,"minecraft:green_carpet":186,"minecraft:cobblestone":804,"minecraft:potion":73,"minecraft:orange_banner":34,"minecraft:purple_bed":3,"minecraft:red_concrete_powder":2,"minecraft:cooked_porkchop":6,"minecraft:andesite_stairs":141,"minecraft:glass_pane":1291,"minecraft:end_portal_frame":12,"minecraft:stripped_oak_log":457,"minecraft:kelp":201,"minecraft:dandelion":214,"minecraft:jukebox":49,"minecraft:green_stained_glass":62,"minecraft:light_blue_banner":14,"minecraft:light_blue_stained_glass_pane":56,"minecraft:blue_terracotta":612,"minecraft:red_sand":1,"minecraft:iron_shovel":17,"minecraft:melon":373,"minecraft:light_gray_stained_glass_pane":1906,"minecraft:bone_block":1890,"minecraft:oak_sign":40,"minecraft:white_concrete_powder":75,"minecraft:white_terracotta":3728,"minecraft:zombie_spawn_egg":16,"minecraft:purple_shulker_box":15,"minecraft:creeper_head":1,"minecraft:stripped_jungle_wood":35,"minecraft:grass":1522,"minecraft:bell":22,"minecraft:mossy_stone_brick_slab":62,"minecraft:player_head":5,"minecraft:smooth_sandstone_stairs":176,"minecraft:green_terracotta":68,"minecraft:spruce_leaves":106,"minecraft:birch_pressure_plate":8,"minecraft:stray_spawn_egg":1,"minecraft:orange_glazed_terracotta":5,"minecraft:jungle_planks":1459,"minecraft:nether_bricks":3039,"minecraft:prismarine_brick_stairs":67,"minecraft:pink_terracotta":25,"minecraft:beehive":117,"minecraft:cyan_wool":1625,"minecraft:obsidian":1255,"minecraft:honey_bottle":2,"minecraft:red_sandstone_stairs":100,"minecraft:glass":7747,"minecraft:cyan_terracotta":440,"minecraft:bricks":5402,"minecraft:quartz_slab":1212,"minecraft:lantern":238,"minecraft:blue_orchid":1,"minecraft:green_wool":1287,"minecraft:dark_oak_wood":64,"minecraft:gray_concrete_powder":142,"minecraft:tropical_fish_spawn_egg":2,"minecraft:hopper_minecart":109,"minecraft:stone_bricks":3532,"minecraft:item_frame":558,"minecraft:birch_button":17,"minecraft:bedrock":472,"minecraft:golden_sword":5,"minecraft:birch_trapdoor":297,"minecraft:red_nether_brick_wall":78,"minecraft:repeater":512,"minecraft:red_carpet":438,"minecraft:redstone_lamp":163,"minecraft:honeycomb_block":57,"minecraft:magma_block":53,"minecraft:brown_carpet":291,"minecraft:hay_block":427,"minecraft:written_book":2,"minecraft:scaffolding":4,"minecraft:jungle_button":43,"minecraft:blue_shulker_box":1,"minecraft:gray_bed":3,"minecraft:gold_block":106,"minecraft:polished_diorite_stairs":658,"minecraft:skeleton_skull":23,"minecraft:pink_concrete_powder":268,"minecraft:large_fern":60,"minecraft:stripped_spruce_wood":61,"minecraft:dark_oak_sapling":18,"minecraft:dark_oak_stairs":1275,"minecraft:end_rod":820,"minecraft:dropper":161,"minecraft:wither_skeleton_skull":11,"minecraft:stripped_acacia_log":29,"minecraft:gray_carpet":128,"minecraft:birch_leaves":41,"minecraft:dark_oak_sign":25,"minecraft:polished_diorite_slab":1024,"minecraft:birch_wood":51,"minecraft:prismarine_stairs":4,"minecraft:jungle_fence":175,"minecraft:oak_planks":3008,"minecraft:sandstone":6,"minecraft:redstone_block":93,"minecraft:end_stone_brick_slab":32,"minecraft:diamond_axe":1663,"minecraft:blue_bed":2,"minecraft:brain_coral":5,"minecraft:white_wool":1972,"minecraft:light_blue_concrete":1,"minecraft:infested_chiseled_stone_bricks":36,"minecraft:lime_stained_glass_pane":44,"minecraft:yellow_terracotta":195,"minecraft:loom":179,"minecraft:light_blue_wool":3987,"minecraft:black_banner":236,"minecraft:light_gray_terracotta":325,"minecraft:yellow_concrete":640,"minecraft:crossbow":7,"minecraft:black_bed":3,"minecraft:sponge":276,"minecraft:note_block":195,"minecraft:stone_brick_wall":29,"minecraft:end_stone":3,"minecraft:creeper_spawn_egg":13,"minecraft:sticky_piston":978,"minecraft:blue_glazed_terracotta":2,"minecraft:redstone_torch":853,"minecraft:black_terracotta":8,"minecraft:lever":356,"minecraft:green_concrete":78,"minecraft:black_concrete":47,"minecraft:gray_shulker_box":1,"minecraft:daylight_detector":39,"minecraft:birch_fence_gate":14,"minecraft:acacia_door":1,"minecraft:dark_oak_log":629,"minecraft:lime_carpet":82,"minecraft:light_gray_concrete":8093,"minecraft:heavy_weighted_pressure_plate":87,"minecraft:string":274,"minecraft:cyan_bed":7,"minecraft:brown_wool":722,"minecraft:brown_stained_glass":7,"minecraft:prismarine_wall":18,"minecraft:iron_door":98,"minecraft:gravel":696,"minecraft:jungle_sign":39,"minecraft:light_blue_concrete_powder":3,"minecraft:stripped_oak_wood":16,"minecraft:grindstone":123,"minecraft:andesite":63,"minecraft:smooth_stone_slab":1078,"minecraft:mossy_cobblestone_wall":133,"minecraft:chorus_plant":35,"minecraft:white_concrete":15011,"minecraft:coarse_dirt":8,"minecraft:bone_meal":947,"minecraft:cobweb":41,"minecraft:oak_fence":441,"minecraft:purpur_block":168,"minecraft:petrified_oak_slab":41,"minecraft:trident":27,"minecraft:jungle_leaves":296,"minecraft:rose_bush":4,"minecraft:granite_stairs":21,"minecraft:white_tulip":6,"minecraft:flint_and_steel":26,"minecraft:redstone":4093,"minecraft:light_blue_terracotta":812,"minecraft:spruce_planks":7012,"minecraft:ender_chest":2,"minecraft:brown_shulker_box":22,"minecraft:stripped_birch_wood":96,"minecraft:cooked_chicken":4,"minecraft:dried_kelp_block":267,"minecraft:oak_door":42,"minecraft:end_stone_brick_wall":55,"minecraft:dirt":3327,"minecraft:white_carpet":279,"minecraft:hopper":107,"minecraft:prismarine_bricks":840,"minecraft:spruce_stairs":1078,"minecraft:cobblestone_wall":157,"minecraft:pink_carpet":142,"minecraft:oak_wood":397,"minecraft:bee_nest":8,"minecraft:salmon_bucket":5,"minecraft:granite":101,"minecraft:spruce_fence":560,"minecraft:light_blue_stained_glass":129,"minecraft:purple_banner":16,"minecraft:birch_door":112,"minecraft:andesite_wall":86,"minecraft:dark_oak_planks":8217,"minecraft:stone_brick_slab":3377,"minecraft:brown_terracotta":705,"minecraft:red_tulip":84,"minecraft:light_gray_stained_glass":406,"minecraft:bookshelf":248,"minecraft:yellow_stained_glass":23,"minecraft:oak_stairs":1013,"minecraft:smooth_sandstone":94,"minecraft:acacia_slab":154,"minecraft:light_gray_wool":4551,"minecraft:emerald_block":82,"minecraft:dark_oak_pressure_plate":2,"minecraft:black_stained_glass":430,"minecraft:wolf_spawn_egg":4,"minecraft:lime_stained_glass":258,"minecraft:salmon_spawn_egg":8,"minecraft:white_stained_glass_pane":862,"minecraft:minecart":114,"minecraft:cyan_banner":22,"minecraft:granite_wall":41,"minecraft:cyan_concrete_powder":3,"minecraft:stone_pressure_plate":29,"minecraft:dead_bubble_coral_block":66,"minecraft:mossy_stone_brick_wall":31,"minecraft:light_gray_bed":17,"minecraft:pumpkin":22,"minecraft:orange_stained_glass_pane":23,"minecraft:brown_bed":1,"minecraft:brain_coral_block":4,"minecraft:acacia_boat":3,"minecraft:pink_tulip":100,"minecraft:cobblestone_stairs":7,"minecraft:pink_glazed_terracotta":41,"minecraft:snow_block":550,"minecraft:polished_andesite":118,"minecraft:red_nether_bricks":82,"minecraft:blue_wool":831,"minecraft:pink_banner":81,"minecraft:purple_glazed_terracotta":247,"minecraft:cut_sandstone":119,"minecraft:spruce_sign":13,"minecraft:magenta_stained_glass":26,"minecraft:red_glazed_terracotta":5,"minecraft:beacon":54,"minecraft:stonecutter":22,"minecraft:green_bed":2,"minecraft:cobblestone_slab":238,"minecraft:rabbit_spawn_egg":1,"minecraft:stripped_dark_oak_log":59,"minecraft:terracotta":91,"minecraft:dark_prismarine_slab":522,"minecraft:brown_banner":131,"minecraft:magenta_bed":8,"minecraft:dead_fire_coral_block":75,"minecraft:yellow_stained_glass_pane":102,"minecraft:light_gray_concrete_powder":518,"minecraft:brown_glazed_terracotta":6,"minecraft:painting":692,"minecraft:magenta_carpet":50,"minecraft:infested_stone_bricks":8,"minecraft:smoker":62,"minecraft:dark_oak_door":141,"minecraft:cyan_stained_glass":39,"minecraft:purple_stained_glass":1,"minecraft:gray_terracotta":36,"minecraft:piston":253,"minecraft:wooden_hoe":4,"minecraft:flower_pot":119,"minecraft:activator_rail":7,"minecraft:acacia_stairs":570,"minecraft:black_wool":6788,"minecraft:map":24,"minecraft:lapis_ore":3,"minecraft:detector_rail":109,"minecraft:magenta_concrete":142,"minecraft:jungle_stairs":326,"minecraft:stone_slab":694,"minecraft:yellow_wool":4375,"minecraft:brown_stained_glass_pane":42,"minecraft:acacia_fence_gate":38,"minecraft:magenta_banner":20,"minecraft:fishing_rod":12,"minecraft:green_shulker_box":21,"minecraft:cod_spawn_egg":2,"minecraft:cyan_stained_glass_pane":6,"minecraft:white_banner":1429,"minecraft:bucket":279,"minecraft:jungle_door":39,"minecraft:pink_shulker_box":15,"minecraft:red_banner":327,"minecraft:lapis_block":95,"minecraft:magenta_glazed_terracotta":66,"minecraft:yellow_bed":8,"minecraft:sea_pickle":117,"minecraft:gray_wool":1353,"minecraft:purple_carpet":53,"minecraft:smooth_stone":2852,"minecraft:splash_potion":8,"minecraft:birch_stairs":1621},"minecraft:custom":{"minecraft:interact_with_crafting_table":41,"minecraft:open_barrel":71,"minecraft:bell_ring":11,"minecraft:eat_cake_slice":24,"minecraft:leave_game":165,"minecraft:time_since_death":16525345,"minecraft:deaths":3,"minecraft:jump":75155,"minecraft:interact_with_furnace":23,"minecraft:interact_with_cartography_table":4,"minecraft:damage_dealt":15560,"minecraft:interact_with_smoker":19,"minecraft:use_cauldron":1,"minecraft:inspect_dispenser":20,"minecraft:inspect_dropper":264,"minecraft:interact_with_anvil":193,"minecraft:inspect_hopper":118,"minecraft:sneak_time":1101066,"minecraft:interact_with_lectern":86,"minecraft:tune_noteblock":2077,"minecraft:time_since_rest":16525372,"minecraft:swim_one_cm":24269,"minecraft:fly_one_cm":198926788,"minecraft:open_chest":422,"minecraft:fall_one_cm":17178,"minecraft:open_shulker_box":1073,"minecraft:sprint_one_cm":4437116,"minecraft:drop":2731,"minecraft:interact_with_brewingstand":11,"minecraft:walk_on_water_one_cm":121163,"minecraft:play_one_minute":56560057,"minecraft:interact_with_loom":976,"minecraft:open_enderchest":4,"minecraft:interact_with_beacon":11,"minecraft:crouch_one_cm":774338,"minecraft:mob_kills":165,"minecraft:fill_cauldron":13,"minecraft:interact_with_campfire":6,"minecraft:climb_one_cm":162802,"minecraft:walk_one_cm":61031721,"minecraft:walk_under_water_one_cm":580447,"minecraft:boat_one_cm":42461,"minecraft:pot_flower":39,"minecraft:interact_with_grindstone":21,"minecraft:damage_taken":1060,"minecraft:trigger_trapped_chest":91,"minecraft:minecart_one_cm":97490},"minecraft:mined":{"minecraft:white_bed":3,"minecraft:pink_bed":7,"minecraft:light_gray_bed":14,"minecraft:orange_bed":8,"minecraft:red_bed":7,"minecraft:cyan_bed":4,"minecraft:magenta_bed":6,"minecraft:black_bed":2,"minecraft:purple_bed":1,"minecraft:green_bed":1,"minecraft:blue_bed":1,"minecraft:gray_bed":2,"minecraft:yellow_bed":7},"minecraft:killed":{"minecraft:skeleton":1,"minecraft:cat":7,"minecraft:zombie":8,"minecraft:spider":4,"minecraft:wolf":4,"minecraft:creeper":15,"minecraft:sheep":125,"minecraft:stray":1},"minecraft:crafted":{"minecraft:leather_leggings":5,"minecraft:leather_helmet":10,"minecraft:leather_chestplate":6,"minecraft:leather_boots":7},"minecraft:picked_up":{"minecraft:seagrass":3,"minecraft:birch_door":3,"minecraft:flower_pot":2,"minecraft:anvil":3,"minecraft:diamond_sword":8,"minecraft:lead":1,"minecraft:smithing_table":1,"minecraft:magenta_carpet":6,"minecraft:stone_slab":1,"minecraft:birch_button":4,"minecraft:purple_shulker_box":3,"minecraft:string":15,"minecraft:dark_oak_trapdoor":2,"minecraft:red_nether_bricks":1,"minecraft:spruce_planks":9,"minecraft:acacia_sign":1,"minecraft:written_book":4,"minecraft:flower_banner_pattern":3,"minecraft:dark_oak_door":7,"minecraft:mojang_banner_pattern":1,"minecraft:beehive":2,"minecraft:pink_carpet":3,"minecraft:end_crystal":69,"minecraft:cauldron":2,"minecraft:black_dye":161,"minecraft:brown_carpet":34,"minecraft:yellow_banner":58,"minecraft:lime_carpet":4,"minecraft:light_blue_wool":3,"minecraft:blue_dye":1,"minecraft:red_tulip":64,"minecraft:iron_block":8,"minecraft:cyan_terracotta":1,"minecraft:glowstone":1,"minecraft:end_rod":15,"minecraft:white_terracotta":4,"minecraft:snowball":60,"minecraft:iron_door":5,"minecraft:birch_slab":1,"minecraft:water_bucket":1,"minecraft:jungle_log":2,"minecraft:brown_wool":3,"minecraft:smoker":1,"minecraft:pink_concrete_powder":1,"minecraft:lantern":26,"minecraft:gray_concrete_powder":1,"minecraft:lime_terracotta":1,"minecraft:stripped_acacia_wood":3,"minecraft:loom":9,"minecraft:acacia_stairs":1,"minecraft:trapped_chest":2,"minecraft:dark_oak_log":2,"minecraft:barrel":7,"minecraft:polished_andesite":2,"minecraft:lever":95,"minecraft:writable_book":15,"minecraft:granite":5,"minecraft:cyan_dye":6,"minecraft:blue_banner":122,"minecraft:jack_o_lantern":1,"minecraft:light_gray_carpet":39,"minecraft:dark_oak_fence":111,"minecraft:bricks":2,"minecraft:crafting_table":2,"minecraft:bee_nest":1,"minecraft:purple_wool":2,"minecraft:nether_wart":40,"minecraft:redstone_lamp":2,"minecraft:orange_banner":3,"minecraft:dragon_head":1,"minecraft:acacia_button":15,"minecraft:heavy_weighted_pressure_plate":4,"minecraft:cornflower":25,"minecraft:jungle_trapdoor":2,"minecraft:snow":2,"minecraft:compass":1,"minecraft:white_stained_glass":1,"minecraft:white_carpet":14,"minecraft:glass_pane":1,"minecraft:cracked_stone_bricks":2,"minecraft:cyan_wool":1,"minecraft:poppy":2,"minecraft:spruce_slab":1,"minecraft:minecart":2,"minecraft:quartz_stairs":2,"minecraft:chest":2,"minecraft:birch_sapling":3,"minecraft:egg":3,"minecraft:lime_shulker_box":5,"minecraft:stone":2,"minecraft:oak_door":4,"minecraft:spruce_fence":2,"minecraft:fire_charge":7,"minecraft:white_dye":221,"minecraft:cake":2,"minecraft:redstone":544,"minecraft:mushroom_stem":2,"minecraft:red_nether_brick_wall":1,"minecraft:jungle_sign":1,"minecraft:tnt":3,"minecraft:white_shulker_box":91,"minecraft:mutton":200,"minecraft:white_wool":124,"minecraft:rail":25,"minecraft:oxeye_daisy":27,"minecraft:lapis_ore":3,"minecraft:stripped_oak_log":64,"minecraft:yellow_shulker_box":7,"minecraft:tripwire_hook":4,"minecraft:yellow_dye":82,"minecraft:jungle_fence":1,"minecraft:end_portal_frame":1,"minecraft:filled_map":19,"minecraft:oak_log":196,"minecraft:lily_pad":1,"minecraft:jungle_button":34,"minecraft:white_banner":307,"minecraft:birch_pressure_plate":2,"minecraft:light_blue_banner":5,"minecraft:stone_bricks":1,"minecraft:kelp":1318,"minecraft:creeper_spawn_egg":2,"minecraft:iron_ore":126,"minecraft:stone_pickaxe":7,"minecraft:cobweb":1,"minecraft:dark_oak_stairs":4,"minecraft:milk_bucket":1,"minecraft:dark_oak_slab":2,"minecraft:light_gray_stained_glass":1,"minecraft:red_wool":5,"minecraft:lime_concrete":1,"minecraft:gravel":1,"minecraft:birch_stairs":2,"minecraft:spruce_sapling":12,"minecraft:infested_stone_bricks":1,"minecraft:oak_wood":191,"minecraft:red_stained_glass":1,"minecraft:slime_ball":3,"minecraft:polished_diorite":2,"minecraft:light_blue_carpet":3,"minecraft:diamond_axe":1,"minecraft:painting":18,"minecraft:birch_sign":43,"minecraft:gray_wool":6,"minecraft:oak_button":3,"minecraft:brown_banner":73,"minecraft:pink_dye":1,"minecraft:ender_pearl":3,"minecraft:wheat":63,"minecraft:black_carpet":3,"minecraft:redstone_block":1,"minecraft:iron_trapdoor":1,"minecraft:yellow_wool":2,"minecraft:brain_coral_block":1,"minecraft:stone_brick_stairs":1,"minecraft:lapis_block":3,"minecraft:globe_banner_pattern":2,"minecraft:armor_stand":3,"minecraft:sticky_piston":16,"minecraft:purple_banner":23,"minecraft:zombie_head":2,"minecraft:pink_shulker_box":6,"minecraft:oak_sign":3,"minecraft:sea_pickle":17,"minecraft:smooth_stone":6,"minecraft:comparator":4,"minecraft:bucket":1,"minecraft:red_dye":63,"minecraft:redstone_torch":254,"minecraft:ender_eye":128,"minecraft:wooden_shovel":1,"minecraft:smooth_quartz":7,"minecraft:blue_wool":7,"minecraft:stick":18,"minecraft:orange_shulker_box":11,"minecraft:jungle_door":2,"minecraft:acacia_fence":1,"minecraft:birch_trapdoor":4,"minecraft:torch":285,"minecraft:spruce_stairs":5,"minecraft:porkchop":1,"minecraft:light_gray_banner":9,"minecraft:blue_stained_glass":1,"minecraft:green_banner":29,"minecraft:quartz_block":6,"minecraft:rotten_flesh":170,"minecraft:green_wool":2,"minecraft:stripped_birch_wood":2,"minecraft:obsidian":1,"minecraft:cobblestone":3,"minecraft:leather_chestplate":1,"minecraft:magma_cream":1,"minecraft:repeater":65,"minecraft:orange_carpet":10,"minecraft:chiseled_quartz_block":1,"minecraft:magenta_dye":69,"minecraft:skull_banner_pattern":3,"minecraft:smooth_sandstone_stairs":1,"minecraft:light_gray_dye":22,"minecraft:prismarine_bricks":65,"minecraft:acacia_boat":1,"minecraft:green_shulker_box":1,"minecraft:lapis_lazuli":64,"minecraft:dirt":2,"minecraft:stripped_birch_log":1,"minecraft:polished_granite":47,"minecraft:name_tag":47,"minecraft:leather_boots":2,"minecraft:glass":7,"minecraft:bone":3,"minecraft:acacia_planks":3,"minecraft:bow":3,"minecraft:wheat_seeds":2,"minecraft:orange_tulip":2,"minecraft:pink_banner":11,"minecraft:light_blue_dye":28,"minecraft:grindstone":2,"minecraft:mossy_stone_bricks":128,"minecraft:bamboo":1,"minecraft:powered_rail":118,"minecraft:cyan_concrete":1,"minecraft:oak_planks":4,"minecraft:ghast_tear":1,"minecraft:diorite_wall":2,"minecraft:sand":2993,"minecraft:light_blue_shulker_box":12,"minecraft:melon":1,"minecraft:nether_brick_stairs":202,"minecraft:dead_bush":2,"minecraft:grass_block":4,"minecraft:lily_of_the_valley":4,"minecraft:orange_wool":3,"minecraft:mossy_cobblestone":3,"minecraft:skeleton_spawn_egg":2,"minecraft:light_gray_concrete":36,"minecraft:yellow_carpet":13,"minecraft:grass":1,"minecraft:bone_meal":5,"minecraft:white_concrete":38,"minecraft:spruce_sign":1,"minecraft:netherrack":1,"minecraft:oak_sapling":3,"minecraft:chorus_fruit":12,"minecraft:end_stone_bricks":1,"minecraft:fishing_rod":1,"minecraft:charcoal":1,"minecraft:allium":4,"minecraft:azure_bluet":65,"minecraft:splash_potion":2,"minecraft:ladder":16,"minecraft:rabbit_stew":1,"minecraft:pink_wool":1,"minecraft:oak_trapdoor":1,"minecraft:item_frame":172,"minecraft:birch_fence":1,"minecraft:cyan_carpet":9,"minecraft:blue_orchid":1,"minecraft:detector_rail":30,"minecraft:player_head":1,"minecraft:observer":4,"minecraft:light_gray_wool":5,"minecraft:lectern":3,"minecraft:spruce_trapdoor":193,"minecraft:lime_wool":1,"minecraft:dark_oak_sapling":3,"minecraft:orange_dye":14,"minecraft:end_stone":2,"minecraft:gray_dye":137,"minecraft:quartz_pillar":2,"minecraft:stone_button":96,"minecraft:magenta_shulker_box":4,"minecraft:brown_dye":69,"minecraft:stone_pressure_plate":5,"minecraft:purple_terracotta":124,"minecraft:dark_oak_planks":8,"minecraft:arrow":4,"minecraft:red_shulker_box":5,"minecraft:light_blue_stained_glass_pane":1,"minecraft:pumpkin_pie":1,"minecraft:jungle_stairs":1,"minecraft:nether_bricks":4,"minecraft:stripped_dark_oak_wood":2,"minecraft:black_banner":68,"minecraft:nether_brick_wall":223,"minecraft:skeleton_skull":17,"minecraft:purple_dye":8,"minecraft:dark_oak_button":5,"minecraft:magenta_banner":5,"minecraft:salmon":4,"minecraft:birch_planks":8,"minecraft:bedrock":2,"minecraft:yellow_glazed_terracotta":1,"minecraft:nether_wart_block":3,"minecraft:gunpowder":27,"minecraft:orange_terracotta":70,"minecraft:cooked_mutton":19,"minecraft:podzol":71,"minecraft:red_carpet":41,"minecraft:gray_carpet":8,"minecraft:acacia_trapdoor":1,"minecraft:heart_of_the_sea":2,"minecraft:iron_ingot":1,"minecraft:cooked_chicken":6,"minecraft:purple_concrete":1,"minecraft:green_dye":96,"minecraft:book":1,"minecraft:oak_slab":7,"minecraft:nether_quartz_ore":1,"minecraft:emerald_block":1,"minecraft:stone_brick_slab":1,"minecraft:dandelion":6,"minecraft:red_banner":48,"minecraft:gold_ore":256,"minecraft:spruce_door":6,"minecraft:green_carpet":5,"minecraft:spider_eye":1,"minecraft:stripped_jungle_log":2,"minecraft:cyan_banner":3,"minecraft:lime_banner":7,"minecraft:lime_dye":1,"minecraft:campfire":3,"minecraft:gray_banner":5,"minecraft:black_wool":2,"minecraft:red_concrete":2,"minecraft:dark_oak_wood":3},"minecraft:dropped":{"minecraft:porkchop":84,"minecraft:lapis_lazuli":112,"minecraft:cyan_glazed_terracotta":1,"minecraft:crafting_table":2,"minecraft:sandstone_stairs":1,"minecraft:dark_oak_slab":2,"minecraft:orange_tulip":60,"minecraft:dark_oak_button":1,"minecraft:cracked_stone_bricks":3,"minecraft:quartz_pillar":4,"minecraft:purpur_stairs":1,"minecraft:brown_banner":67,"minecraft:rail":1,"minecraft:leather_helmet":1,"minecraft:red_carpet":2,"minecraft:item_frame":194,"minecraft:gold_block":82,"minecraft:red_shulker_box":5,"minecraft:dirt":4,"minecraft:melon":1,"minecraft:grass":1,"minecraft:birch_fence":1,"minecraft:stone_button":6,"minecraft:dark_oak_fence":114,"minecraft:yellow_dye":329,"minecraft:dark_oak_trapdoor":2,"minecraft:stripped_dark_oak_wood":3,"minecraft:writable_book":24,"minecraft:acacia_fence_gate":1,"minecraft:bone_meal":70,"minecraft:bone_block":2,"minecraft:sand":448,"minecraft:purple_wool":3,"minecraft:dark_oak_planks":10,"minecraft:white_wool":6,"minecraft:birch_stairs":3,"minecraft:gray_dye":280,"minecraft:cyan_carpet":1,"minecraft:end_crystal":180,"minecraft:green_wool":1,"minecraft:bone":1,"minecraft:oak_door":5,"minecraft:pink_concrete":2,"minecraft:dark_oak_door":1,"minecraft:note_block":2,"minecraft:magenta_banner":12,"minecraft:emerald_block":1,"minecraft:diamond_block":1,"minecraft:lever":20,"minecraft:golden_chestplate":1,"minecraft:gray_banner":11,"minecraft:pink_dye":128,"minecraft:wheat":1,"minecraft:obsidian":1,"minecraft:blue_wool":7,"minecraft:rotten_flesh":151,"minecraft:grindstone":4,"minecraft:oak_planks":6,"minecraft:pink_carpet":1,"minecraft:lime_dye":91,"minecraft:end_stone":11,"minecraft:light_gray_carpet":3,"minecraft:green_banner":75,"minecraft:blaze_powder":71,"minecraft:azure_bluet":65,"minecraft:jungle_trapdoor":4,"minecraft:salmon":4,"minecraft:blue_stained_glass":3,"minecraft:acacia_button":4,"minecraft:yellow_stained_glass_pane":1,"minecraft:sea_lantern":4,"minecraft:skull_banner_pattern":7,"minecraft:orange_banner":12,"minecraft:jungle_stairs":1,"minecraft:honey_block":1,"minecraft:quartz_block":9,"minecraft:jungle_log":3,"minecraft:leather_boots":2,"minecraft:yellow_banner":177,"minecraft:painting":9,"minecraft:white_dye":604,"minecraft:spruce_slab":2,"minecraft:red_nether_bricks":1,"minecraft:end_stone_bricks":1,"minecraft:glass":9,"minecraft:campfire":2,"minecraft:podzol":73,"minecraft:stone_brick_stairs":2,"minecraft:acacia_fence":1,"minecraft:lectern":4,"minecraft:iron_ingot":1,"minecraft:wolf_spawn_egg":65,"minecraft:orange_shulker_box":5,"minecraft:black_dye":165,"minecraft:wheat_seeds":1,"minecraft:tnt":1,"minecraft:horn_coral_block":1,"minecraft:creeper_spawn_egg":2,"minecraft:light_gray_stained_glass_pane":1,"minecraft:oak_fence":1,"minecraft:cobblestone":3,"minecraft:purple_concrete":2,"minecraft:granite":5,"minecraft:red_stained_glass":1,"minecraft:spruce_door":1,"minecraft:stripped_jungle_log":3,"minecraft:purple_dye":78,"minecraft:chainmail_helmet":1,"minecraft:coal_block":2,"minecraft:yellow_carpet":2,"minecraft:mushroom_stew":1,"minecraft:lime_banner":5,"minecraft:polished_andesite":5,"minecraft:end_rod":20,"minecraft:acacia_sign":1,"minecraft:oxeye_daisy":23,"minecraft:cobweb":1,"minecraft:dried_kelp_block":2,"minecraft:iron_trapdoor":1,"minecraft:sponge":1,"minecraft:gray_bed":2,"minecraft:yellow_glazed_terracotta":2,"minecraft:lapis_ore":3,"minecraft:potion":2,"minecraft:dead_bush":2,"minecraft:stripped_birch_log":6,"minecraft:oak_stairs":1,"minecraft:white_banner":497,"minecraft:red_dye":286,"minecraft:smooth_stone":8,"minecraft:iron_shovel":1,"minecraft:paper":1,"minecraft:string":1,"minecraft:smooth_sandstone":1,"minecraft:trapped_chest":3,"minecraft:lily_pad":1,"minecraft:blue_carpet":1,"minecraft:acacia_planks":3,"minecraft:red_nether_brick_wall":1,"minecraft:magenta_shulker_box":5,"minecraft:pink_stained_glass_pane":1,"minecraft:stone_brick_slab":2,"minecraft:snow_block":1,"minecraft:furnace":5,"minecraft:bricks":7,"minecraft:brick_wall":1,"minecraft:green_terracotta":2,"minecraft:player_head":1,"minecraft:polished_diorite_slab":1,"minecraft:sticky_piston":6,"minecraft:orange_concrete":1,"minecraft:red_banner":112,"minecraft:white_carpet":6,"minecraft:slime_block":2,"minecraft:stone_slab":1,"minecraft:name_tag":49,"minecraft:light_gray_concrete":11,"minecraft:white_terracotta":5,"minecraft:magenta_concrete":1,"minecraft:white_shulker_box":68,"minecraft:orange_wool":4,"minecraft:nether_bricks":5,"minecraft:oak_sign":1,"minecraft:spruce_fence":5,"minecraft:diamond_sword":7,"minecraft:light_blue_dye":72,"minecraft:hay_block":1,"minecraft:stone":6,"minecraft:brain_coral_block":2,"minecraft:flower_pot":2,"minecraft:sea_pickle":2,"minecraft:allium":2,"minecraft:spruce_trapdoor":195,"minecraft:spruce_planks":13,"minecraft:blue_banner":290,"minecraft:light_blue_carpet":2,"minecraft:pink_shulker_box":5,"minecraft:redstone_torch":112,"minecraft:stone_bricks":3,"minecraft:stone_pressure_plate":1,"minecraft:barrel":8,"minecraft:light_gray_dye":58,"minecraft:brown_carpet":2,"minecraft:rabbit_stew":1,"minecraft:blue_orchid":1,"minecraft:bow":5,"minecraft:magenta_dye":80,"minecraft:red_tulip":62,"minecraft:bell":2,"minecraft:green_concrete_powder":1,"minecraft:brick_slab":1,"minecraft:black_wool":3,"minecraft:pink_concrete_powder":1,"minecraft:quartz_slab":3,"minecraft:nether_brick_stairs":173,"minecraft:gold_ore":512,"minecraft:spruce_sign":1,"minecraft:daylight_detector":1,"minecraft:soul_sand":1,"minecraft:birch_planks":9,"minecraft:dark_oak_stairs":6,"minecraft:diamond_axe":1,"minecraft:orange_dye":185,"minecraft:oak_log":135,"minecraft:loom":23,"minecraft:lime_shulker_box":5,"minecraft:jungle_fence":1,"minecraft:stripped_birch_wood":4,"minecraft:lime_terracotta":1,"minecraft:flower_banner_pattern":5,"minecraft:lantern":7,"minecraft:creeper_banner_pattern":5,"minecraft:jungle_planks":1,"minecraft:red_wool":5,"minecraft:bedrock":2,"minecraft:black_banner":92,"minecraft:birch_slab":4,"minecraft:orange_glazed_terracotta":1,"minecraft:spruce_leaves":1,"minecraft:cyan_terracotta":1,"minecraft:redstone_lamp":2,"minecraft:dark_oak_log":4,"minecraft:orange_carpet":1,"minecraft:polished_diorite_stairs":1,"minecraft:jungle_button":2,"minecraft:mojang_banner_pattern":5,"minecraft:cornflower":18,"minecraft:dark_oak_wood":4,"minecraft:mutton":48,"minecraft:seagrass":3,"minecraft:snowball":107,"minecraft:light_gray_banner":31,"minecraft:jungle_sign":4,"minecraft:pumpkin_pie":147,"minecraft:wet_sponge":1,"minecraft:light_blue_banner":3,"minecraft:birch_log":1,"minecraft:brown_mushroom_block":64,"minecraft:cauldron":2,"minecraft:armor_stand":6,"minecraft:honeycomb_block":61,"minecraft:gravel":2,"minecraft:white_tulip":1,"minecraft:yellow_wool":7,"minecraft:smooth_sandstone_stairs":1,"minecraft:lime_wool":4,"minecraft:purple_banner":24,"minecraft:beehive":6,"minecraft:cooked_mutton":154,"minecraft:honey_bottle":7,"minecraft:acacia_stairs":1,"minecraft:carrot":2,"minecraft:infested_stone_bricks":1,"minecraft:mushroom_stem":4,"minecraft:poppy":1,"minecraft:oak_fence_gate":1,"minecraft:leather_chestplate":3,"minecraft:gunpowder":11,"minecraft:birch_trapdoor":2,"minecraft:cyan_banner":26,"minecraft:skeleton_skull":17,"minecraft:oak_wood":317,"minecraft:acacia_slab":1,"minecraft:glowstone":4,"minecraft:birch_door":4,"minecraft:bee_nest":1,"minecraft:chest":15,"minecraft:iron_ore":189,"minecraft:birch_button":2,"minecraft:iron_bars":3,"minecraft:gray_shulker_box":1,"minecraft:cyan_concrete":3,"minecraft:powered_rail":2,"minecraft:prismarine_bricks":65,"minecraft:light_gray_concrete_powder":3,"minecraft:polished_granite":29,"minecraft:splash_potion":2,"minecraft:netherrack":2,"minecraft:enchanting_table":1,"minecraft:water_bucket":2,"minecraft:bread":13,"minecraft:purple_terracotta":186,"minecraft:oak_slab":6,"minecraft:magenta_carpet":1,"minecraft:chorus_flower":5,"minecraft:mossy_cobblestone":4,"minecraft:smithing_table":1,"minecraft:minecart":3,"minecraft:bookshelf":1,"minecraft:yellow_concrete":63,"minecraft:cyan_dye":75,"minecraft:lead":4,"minecraft:andesite_wall":1,"minecraft:observer":3,"minecraft:hopper_minecart":1,"minecraft:nether_brick_wall":192,"minecraft:spruce_stairs":5,"minecraft:acacia_log":4,"minecraft:acacia_trapdoor":2,"minecraft:grass_block":5,"minecraft:stick":17,"minecraft:spruce_fence_gate":43,"minecraft:iron_block":21,"minecraft:blue_dye":249,"minecraft:brewing_stand":1,"minecraft:torch":32,"minecraft:green_dye":99,"minecraft:light_blue_wool":4,"minecraft:repeater":13,"minecraft:nether_wart_block":5,"minecraft:smooth_quartz":10,"minecraft:white_concrete":23,"minecraft:light_gray_shulker_box":1,"minecraft:brown_wool":2,"minecraft:yellow_shulker_box":6,"minecraft:iron_door":1,"minecraft:jungle_door":2,"minecraft:zombie_head":2,"minecraft:light_gray_stained_glass":3,"minecraft:fire_charge":4,"minecraft:green_carpet":3,"minecraft:pink_banner":18,"minecraft:polished_andesite_stairs":2,"minecraft:orange_bed":1,"minecraft:light_blue_stained_glass_pane":1,"minecraft:tripwire_hook":1,"minecraft:bucket":2,"minecraft:lapis_block":5,"minecraft:redstone_block":1,"minecraft:redstone":146,"minecraft:polished_diorite":3,"minecraft:farmland":2,"minecraft:red_concrete":2,"minecraft:anvil":6,"minecraft:blue_terracotta":1,"minecraft:kelp":13,"minecraft:brown_dye":192,"minecraft:gray_stained_glass":2,"minecraft:oak_trapdoor":5,"minecraft:dragon_head":2,"minecraft:dark_prismarine_stairs":1,"minecraft:nether_wart":1,"minecraft:chiseled_quartz_block":1,"minecraft:lime_concrete":1,"minecraft:wither_skeleton_skull":1,"minecraft:light_gray_wool":3,"minecraft:smoker":1,"minecraft:stripped_oak_log":64,"minecraft:ender_eye":126,"minecraft:stripped_acacia_wood":3,"minecraft:skeleton_spawn_egg":2,"minecraft:glass_pane":3,"minecraft:flint_and_steel":1,"minecraft:red_nether_brick_stairs":1,"minecraft:filled_map":30,"minecraft:snow":3,"minecraft:orange_terracotta":72,"minecraft:quartz_stairs":4,"minecraft:cake":1,"minecraft:mossy_stone_bricks":194,"minecraft:pink_wool":4,"minecraft:end_portal_frame":1,"minecraft:birch_sign":43,"minecraft:gray_concrete_powder":2,"minecraft:brain_coral":63,"minecraft:spruce_log":1,"minecraft:slime_ball":1,"minecraft:beacon":7,"minecraft:purple_shulker_box":3,"minecraft:stone_pickaxe":7,"minecraft:globe_banner_pattern":6,"minecraft:light_blue_terracotta":3,"minecraft:white_stained_glass":1,"minecraft:light_blue_shulker_box":8,"minecraft:magenta_terracotta":1}},"DataVersion":2230}