{"stats":{"minecraft:used":{"minecraft:flower_pot":19,"minecraft:writable_book":14,"minecraft:firework_rocket":1,"minecraft:flint_and_steel":9,"minecraft:light_gray_concrete":2,"minecraft:grass_block":1,"minecraft:oak_button":1,"minecraft:stone_button":5,"minecraft:green_wool":8,"minecraft:lectern":3,"minecraft:white_terracotta":8,"minecraft:netherrack":9,"minecraft:sand":55,"minecraft:birch_sign":305,"minecraft:grass_path":1,"minecraft:campfire":1,"minecraft:light_blue_stained_glass":3},"minecraft:custom":{"minecraft:time_since_rest":28089997,"minecraft:inspect_dropper":2,"minecraft:sprint_one_cm":645852,"minecraft:open_enderchest":1,"minecraft:walk_one_cm":2091811,"minecraft:trigger_trapped_chest":1,"minecraft:drop":18,"minecraft:swim_one_cm":4843,"minecraft:fly_one_cm":15372307,"minecraft:open_chest":11,"minecraft:crouch_one_cm":33994,"minecraft:play_one_minute":28089997,"minecraft:interact_with_loom":1,"minecraft:open_shulker_box":22,"minecraft:bell_ring":19,"minecraft:sneak_time":38381,"minecraft:walk_under_water_one_cm":34119,"minecraft:pot_flower":17,"minecraft:interact_with_lectern":30,"minecraft:aviate_one_cm":2757,"minecraft:jump":2964,"minecraft:leave_game":35,"minecraft:walk_on_water_one_cm":17509,"minecraft:time_since_death":28089997,"minecraft:climb_one_cm":15254,"minecraft:inspect_dispenser":9},"minecraft:picked_up":{"minecraft:potion":1,"minecraft:honey_bottle":2,"minecraft:writable_book":4,"minecraft:smooth_quartz":1},"minecraft:dropped":{"minecraft:light_blue_stained_glass":2,"minecraft:grass_path":1,"minecraft:writable_book":8,"minecraft:campfire":1,"minecraft:light_gray_concrete":1,"minecraft:white_terracotta":1,"minecraft:grass_block":1,"minecraft:lectern":2,"minecraft:green_wool":1}},"DataVersion":2230}