{"stats":{"minecraft:used":{"minecraft:peony":2,"minecraft:petrified_oak_slab":1,"minecraft:nether_brick_fence":8,"minecraft:jungle_leaves":13,"minecraft:rose_bush":2,"minecraft:writable_book":2,"minecraft:iron_bars":3,"minecraft:orange_concrete":1,"minecraft:white_tulip":3,"minecraft:cut_red_sandstone_slab":3,"minecraft:smooth_quartz_slab":31,"minecraft:red_concrete":6,"minecraft:dispenser":9,"minecraft:redstone":32,"minecraft:oak_sign":4,"minecraft:light_gray_carpet":9,"minecraft:light_blue_terracotta":32,"minecraft:black_carpet":5,"minecraft:white_terracotta":15,"minecraft:stone":366,"minecraft:stripped_jungle_wood":65,"minecraft:red_nether_brick_stairs":1,"minecraft:quartz_stairs":358,"minecraft:mossy_stone_brick_slab":32,"minecraft:smooth_sandstone_stairs":24,"minecraft:dried_kelp_block":5,"minecraft:oak_door":2,"minecraft:orange_stained_glass":6,"minecraft:brewing_stand":1,"minecraft:soul_sand":1,"minecraft:dirt":182,"minecraft:anvil":3,"minecraft:red_nether_brick_slab":19,"minecraft:white_carpet":24,"minecraft:spruce_stairs":113,"minecraft:hopper":2,"minecraft:brick_slab":24,"minecraft:blue_stained_glass":87,"minecraft:prismarine_bricks":224,"minecraft:cod_bucket":3,"minecraft:nether_bricks":327,"minecraft:prismarine_brick_stairs":2,"minecraft:cobblestone_wall":1,"minecraft:jungle_slab":78,"minecraft:orange_wool":1,"minecraft:nether_brick_slab":26,"minecraft:yellow_carpet":31,"minecraft:pink_terracotta":2,"minecraft:salmon_bucket":3,"minecraft:jungle_trapdoor":53,"minecraft:music_disc_11":1,"minecraft:cyan_wool":1,"minecraft:light_blue_stained_glass":439,"minecraft:blue_concrete":16,"minecraft:nether_brick_stairs":3,"minecraft:obsidian":2,"minecraft:polished_diorite":141,"minecraft:birch_door":2,"minecraft:glass":18,"minecraft:dark_oak_planks":2,"minecraft:stone_brick_slab":94,"minecraft:sea_lantern":128,"minecraft:cyan_terracotta":98,"minecraft:stripped_dark_oak_wood":92,"minecraft:light_gray_stained_glass":6,"minecraft:bookshelf":96,"minecraft:lime_banner":6,"minecraft:yellow_stained_glass":97,"minecraft:quartz_slab":32,"minecraft:red_wool":49,"minecraft:iron_block":35,"minecraft:lantern":30,"minecraft:grass_block":192,"minecraft:blue_orchid":1,"minecraft:smooth_sandstone":24,"minecraft:polished_andesite_stairs":1,"minecraft:quartz_block":111,"minecraft:music_disc_chirp":1,"minecraft:dark_oak_leaves":33,"minecraft:dark_oak_slab":6,"minecraft:smooth_quartz":227,"minecraft:dark_oak_button":9,"minecraft:stone_brick_stairs":128,"minecraft:stone_bricks":314,"minecraft:music_disc_stal":2,"minecraft:item_frame":35,"minecraft:birch_button":3,"minecraft:tripwire_hook":2,"minecraft:birch_trapdoor":15,"minecraft:repeater":1,"minecraft:red_nether_brick_wall":6,"minecraft:brown_carpet":8,"minecraft:red_carpet":71,"minecraft:redstone_lamp":78,"minecraft:magma_block":3,"minecraft:black_stained_glass":16,"minecraft:emerald_block":1,"minecraft:scaffolding":14,"minecraft:minecart":1,"minecraft:polished_diorite_stairs":19,"minecraft:dragon_head":1,"minecraft:seagrass":35,"minecraft:stripped_spruce_wood":80,"minecraft:water_bucket":152,"minecraft:mossy_stone_bricks":42,"minecraft:end_rod":44,"minecraft:end_stone_bricks":34,"minecraft:cobblestone_stairs":5,"minecraft:brick_wall":1,"minecraft:dropper":10,"minecraft:snow_block":1,"minecraft:yellow_shulker_box":3,"minecraft:acacia_trapdoor":3,"minecraft:gray_carpet":3,"minecraft:jungle_fence":4,"minecraft:lime_wool":27,"minecraft:oak_planks":7,"minecraft:smooth_sandstone_slab":24,"minecraft:blue_wool":26,"minecraft:orange_tulip":4,"minecraft:mossy_stone_brick_stairs":35,"minecraft:redstone_block":11,"minecraft:composter":50,"minecraft:end_stone_brick_slab":8,"minecraft:cauldron":2,"minecraft:clay":5,"minecraft:sheep_spawn_egg":1,"minecraft:diamond_axe":11,"minecraft:spruce_fence_gate":1,"minecraft:cobblestone_slab":96,"minecraft:smooth_quartz_stairs":39,"minecraft:oak_leaves":90,"minecraft:white_wool":2,"minecraft:dark_oak_trapdoor":5,"minecraft:rail":1,"minecraft:yellow_terracotta":14,"minecraft:light_blue_concrete":2,"minecraft:cut_sandstone_slab":14,"minecraft:crafting_table":2,"minecraft:loom":4,"minecraft:light_blue_wool":2,"minecraft:birch_sign":25,"minecraft:black_banner":2,"minecraft:light_gray_concrete_powder":91,"minecraft:chiseled_quartz_block":4,"minecraft:stone_brick_wall":7,"minecraft:gray_concrete":268,"minecraft:painting":223,"minecraft:black_concrete_powder":1,"minecraft:red_sandstone_wall":1,"minecraft:dark_oak_door":13,"minecraft:cyan_stained_glass":4,"minecraft:sticky_piston":9,"minecraft:birch_fence":1,"minecraft:redstone_torch":16,"minecraft:black_terracotta":1,"minecraft:gray_terracotta":1,"minecraft:lever":31,"minecraft:flower_pot":8,"minecraft:black_wool":1,"minecraft:black_concrete":9,"minecraft:cornflower":2,"minecraft:daylight_detector":69,"minecraft:birch_fence_gate":1,"minecraft:stripped_jungle_log":10,"minecraft:lime_carpet":1,"minecraft:light_gray_concrete":4,"minecraft:heavy_weighted_pressure_plate":8,"minecraft:brown_wool":1,"minecraft:string":24,"minecraft:stone_button":4,"minecraft:spruce_pressure_plate":1,"minecraft:lectern":1,"minecraft:jungle_stairs":68,"minecraft:polished_granite":1,"minecraft:stone_slab":51,"minecraft:purpur_slab":2,"minecraft:spruce_trapdoor":24,"minecraft:iron_door":3,"minecraft:gravel":32,"minecraft:music_disc_blocks":1,"minecraft:lilac":2,"minecraft:blue_carpet":52,"minecraft:green_carpet":1,"minecraft:coal_block":18,"minecraft:potion":1,"minecraft:stripped_oak_wood":67,"minecraft:white_banner":19,"minecraft:grindstone":2,"minecraft:dark_oak_fence":16,"minecraft:smithing_table":2,"minecraft:andesite":15,"minecraft:bucket":33,"minecraft:white_stained_glass":7,"minecraft:glass_pane":46,"minecraft:smooth_stone_slab":88,"minecraft:wither_rose":3,"minecraft:sea_pickle":50,"minecraft:white_concrete":132,"minecraft:tropical_fish_bucket":26,"minecraft:kelp":25,"minecraft:dandelion":8,"minecraft:smooth_stone":200,"minecraft:jukebox":2,"minecraft:purple_wool":1,"minecraft:birch_stairs":103,"minecraft:gray_stained_glass":3},"minecraft:custom":{"minecraft:inspect_dropper":9,"minecraft:interact_with_anvil":4,"minecraft:mob_kills":12,"minecraft:inspect_hopper":2,"minecraft:fill_cauldron":1,"minecraft:open_shulker_box":27,"minecraft:bell_ring":10,"minecraft:eat_cake_slice":2,"minecraft:leave_game":15,"minecraft:time_since_death":1507267,"minecraft:climb_one_cm":8296,"minecraft:sprint_one_cm":845041,"minecraft:walk_one_cm":4788992,"minecraft:drop":32,"minecraft:sneak_time":34372,"minecraft:walk_under_water_one_cm":108037,"minecraft:interact_with_lectern":7,"minecraft:jump":4172,"minecraft:interact_with_brewingstand":6,"minecraft:walk_on_water_one_cm":58538,"minecraft:play_record":5,"minecraft:play_one_minute":1507267,"minecraft:interact_with_loom":12,"minecraft:pot_flower":5,"minecraft:time_since_rest":1507267,"minecraft:trigger_trapped_chest":1,"minecraft:damage_dealt":442,"minecraft:minecart_one_cm":672,"minecraft:swim_one_cm":2780,"minecraft:fly_one_cm":6959888,"minecraft:open_chest":23,"minecraft:crouch_one_cm":51227,"minecraft:interact_with_smoker":1,"minecraft:inspect_dispenser":22},"minecraft:killed":{"minecraft:tropical_fish":11,"minecraft:sheep":1},"minecraft:picked_up":{"minecraft:seagrass":2,"minecraft:item_frame":1,"minecraft:white_carpet":2,"minecraft:sea_pickle":2,"minecraft:bucket":2,"minecraft:redstone_torch":5,"minecraft:dark_oak_door":2,"minecraft:music_disc_blocks":1,"minecraft:music_disc_11":1,"minecraft:redstone":4,"minecraft:blue_carpet":1,"minecraft:tropical_fish":17,"minecraft:mutton":2,"minecraft:white_wool":1,"minecraft:water_bucket":5,"minecraft:music_disc_stal":1,"minecraft:lantern":8,"minecraft:light_gray_concrete_powder":1,"minecraft:red_carpet":23,"minecraft:kelp":1,"minecraft:mossy_stone_bricks":1,"minecraft:oak_slab":2,"minecraft:scaffolding":1,"minecraft:dandelion":1,"minecraft:writable_book":1,"minecraft:painting":6,"minecraft:bone_meal":8,"minecraft:birch_sign":1},"minecraft:dropped":{"minecraft:oak_slab":2,"minecraft:cyan_stained_glass":1,"minecraft:lantern":5,"minecraft:tropical_fish":3,"minecraft:grass_block":1,"minecraft:dirt":1,"minecraft:seagrass":3,"minecraft:writable_book":1,"minecraft:blue_carpet":1,"minecraft:dandelion":2,"minecraft:stone_brick_slab":1,"minecraft:mossy_stone_brick_slab":1,"minecraft:sea_lantern":1,"minecraft:sea_pickle":3,"minecraft:quartz_block":1,"minecraft:quartz_stairs":1,"minecraft:mossy_stone_bricks":2,"minecraft:painting":2}},"DataVersion":2230}