{"stats":{"minecraft:used":{"minecraft:emerald_ore":117,"minecraft:end_rod":1,"minecraft:end_stone_bricks":334,"minecraft:sandstone_stairs":21,"minecraft:snow_block":2766,"minecraft:birch_planks":79,"minecraft:armor_stand":3,"minecraft:red_sandstone_slab":46,"minecraft:polished_andesite":145,"minecraft:dark_oak_sign":8,"minecraft:oak_planks":10,"minecraft:bone_block":418,"minecraft:oak_sign":26,"minecraft:blue_wool":7,"minecraft:end_stone_brick_slab":6,"minecraft:quartz_stairs":7,"minecraft:sheep_spawn_egg":1,"minecraft:grass":14,"minecraft:player_head":4,"minecraft:gold_ore":6,"minecraft:white_wool":735,"minecraft:spruce_leaves":350,"minecraft:green_glazed_terracotta":35,"minecraft:lime_terracotta":74,"minecraft:diamond_block":107,"minecraft:mossy_cobblestone":22,"minecraft:sand":1,"minecraft:cyan_glazed_terracotta":30,"minecraft:oak_slab":75,"minecraft:tnt":5,"minecraft:hopper":2,"minecraft:blue_stained_glass":23,"minecraft:orange_glazed_terracotta":15,"minecraft:spruce_stairs":10,"minecraft:birch_sign":4,"minecraft:campfire":12,"minecraft:light_gray_glazed_terracotta":410,"minecraft:light_gray_concrete_powder":2,"minecraft:chiseled_quartz_block":1,"minecraft:cyan_wool":12,"minecraft:granite":726,"minecraft:end_stone":22,"minecraft:spruce_log":46,"minecraft:black_terracotta":50,"minecraft:dark_oak_planks":2,"minecraft:green_concrete":3,"minecraft:sea_lantern":5,"minecraft:red_sandstone":443,"minecraft:black_wool":23,"minecraft:oxeye_daisy":4,"minecraft:bricks":10,"minecraft:diamond_shovel":4,"minecraft:quartz_pillar":6,"minecraft:acacia_door":2,"minecraft:red_wool":11,"minecraft:iron_block":100,"minecraft:grass_block":8,"minecraft:blue_orchid":946,"minecraft:stone_button":2,"minecraft:lectern":73,"minecraft:white_glazed_terracotta":791,"minecraft:smooth_quartz":434,"minecraft:diamond_ore":95,"minecraft:iron_door":1,"minecraft:gravel":1,"minecraft:yellow_wool":18,"minecraft:granite_slab":213,"minecraft:light_gray_wool":2,"minecraft:purple_concrete":47,"minecraft:birch_trapdoor":40,"minecraft:glowstone":2,"minecraft:potion":3,"minecraft:gray_glazed_terracotta":4,"minecraft:emerald_block":162,"minecraft:yellow_glazed_terracotta":5,"minecraft:andesite":14,"minecraft:lapis_block":26,"minecraft:white_stained_glass":52,"minecraft:birch_log":13,"minecraft:white_concrete":32,"minecraft:gray_wool":12,"minecraft:smooth_stone":1,"minecraft:splash_potion":38,"minecraft:lime_glazed_terracotta":62},"minecraft:custom":{"minecraft:mob_kills":1,"minecraft:play_one_minute":2875027,"minecraft:open_shulker_box":3,"minecraft:leave_game":21,"minecraft:time_since_death":869011,"minecraft:climb_one_cm":1836,"minecraft:time_since_rest":869441,"minecraft:sprint_one_cm":655300,"minecraft:damage_taken":240,"minecraft:walk_one_cm":2862828,"minecraft:drop":25,"minecraft:damage_dealt":80,"minecraft:interact_with_beacon":2,"minecraft:fly_one_cm":11829511,"minecraft:crouch_one_cm":63245,"minecraft:deaths":1,"minecraft:sneak_time":64887,"minecraft:walk_under_water_one_cm":3040,"minecraft:interact_with_lectern":3,"minecraft:jump":5043,"minecraft:walk_on_water_one_cm":848},"minecraft:killed":{"minecraft:sheep":1},"minecraft:picked_up":{"minecraft:diamond_sword":1,"minecraft:potion":1,"minecraft:golden_sword":1,"minecraft:armor_stand":1,"minecraft:oak_sign":3,"minecraft:blue_orchid":2,"minecraft:red_sandstone":1,"minecraft:dark_oak_sign":1,"minecraft:lime_wool":1,"minecraft:white_glazed_terracotta":1,"minecraft:quartz_pillar":2,"minecraft:grass_block":2,"minecraft:diamond_block":3,"minecraft:polished_andesite":1,"minecraft:diamond_shovel":2,"minecraft:birch_sign":1,"minecraft:mutton":6,"minecraft:white_wool":3,"minecraft:oxeye_daisy":24},"minecraft:dropped":{"minecraft:emerald_block":1,"minecraft:diamond_block":3,"minecraft:red_sandstone":1,"minecraft:diamond_shovel":2,"minecraft:sheep_spawn_egg":1,"minecraft:quartz_pillar":2,"minecraft:diamond_ore":1,"minecraft:grass_block":2,"minecraft:polished_andesite":1,"minecraft:iron_block":1,"minecraft:lime_glazed_terracotta":1,"minecraft:mutton":1,"minecraft:white_concrete":1,"minecraft:potion":1,"minecraft:bone_block":1,"minecraft:end_stone_bricks":2,"minecraft:acacia_door":1,"minecraft:white_stained_glass":1,"minecraft:white_wool":1,"minecraft:white_glazed_terracotta":1,"minecraft:armor_stand":1}},"DataVersion":2230}