{"stats":{"minecraft:used":{"minecraft:emerald_ore":18,"minecraft:jack_o_lantern":1,"minecraft:iron_bars":8,"minecraft:water_bucket":28,"minecraft:trident":5,"minecraft:orange_concrete_powder":39,"minecraft:blue_terracotta":45,"minecraft:diorite":16,"minecraft:end_rod":2,"minecraft:tube_coral_fan":2,"minecraft:end_stone_bricks":13,"minecraft:red_sand":5,"minecraft:iron_ore":17,"minecraft:light_blue_glazed_terracotta":19,"minecraft:snow_block":253,"minecraft:melon":53,"minecraft:birch_planks":206,"minecraft:redstone_ore":3,"minecraft:armor_stand":2,"minecraft:yellow_shulker_box":2,"minecraft:acacia_trapdoor":2,"minecraft:dark_oak_sign":1,"minecraft:oak_planks":102,"minecraft:lime_wool":444,"minecraft:poppy":16,"minecraft:birch_wood":11,"minecraft:pink_banner":2,"minecraft:spruce_planks":139,"minecraft:sandstone":28,"minecraft:white_terracotta":1686,"minecraft:brown_concrete":13,"minecraft:stone":22,"minecraft:red_mushroom_block":17,"minecraft:stripped_jungle_wood":1372,"minecraft:brown_shulker_box":1,"minecraft:stripped_birch_wood":12,"minecraft:quartz_stairs":38,"minecraft:clay":24,"minecraft:yellow_terracotta":550,"minecraft:gold_ore":16,"minecraft:dark_oak_trapdoor":12,"minecraft:sponge":41,"minecraft:stripped_dark_oak_log":3,"minecraft:green_terracotta":366,"minecraft:dirt":52,"minecraft:nether_bricks":12,"minecraft:white_wool":199,"minecraft:green_glazed_terracotta":42,"minecraft:torch":5,"minecraft:light_gray_banner":5,"minecraft:lime_terracotta":45,"minecraft:mossy_cobblestone":13,"minecraft:diamond_block":4,"minecraft:soul_sand":35,"minecraft:sand":7,"minecraft:gray_concrete":2093,"minecraft:terracotta":25,"minecraft:infested_chiseled_stone_bricks":10,"minecraft:light_blue_concrete":20,"minecraft:yellow_concrete":221,"minecraft:crafting_table":4,"minecraft:cyan_glazed_terracotta":434,"minecraft:orange_glazed_terracotta":70,"minecraft:dark_oak_fence_gate":1,"minecraft:nether_quartz_ore":26,"minecraft:light_blue_wool":13,"minecraft:jungle_planks":398,"minecraft:birch_sign":10,"minecraft:smooth_red_sandstone":213,"minecraft:light_gray_terracotta":17,"minecraft:chiseled_quartz_block":27,"minecraft:campfire":12,"minecraft:crossbow":2,"minecraft:light_gray_glazed_terracotta":121,"minecraft:pink_terracotta":7,"minecraft:purple_terracotta":18,"minecraft:note_block":6,"minecraft:lingering_potion":60,"minecraft:brown_glazed_terracotta":19,"minecraft:granite":9,"minecraft:end_stone":24,"minecraft:cake":8,"minecraft:spruce_log":171,"minecraft:obsidian":2,"minecraft:brown_terracotta":34,"minecraft:birch_fence":12,"minecraft:redstone_torch":3,"minecraft:oak_log":32,"minecraft:piston":2,"minecraft:black_terracotta":27,"minecraft:dark_oak_planks":2,"minecraft:gray_terracotta":27,"minecraft:flower_pot":5,"minecraft:acacia_stairs":5,"minecraft:blue_glazed_terracotta":35,"minecraft:black_wool":474,"minecraft:cyan_terracotta":16,"minecraft:oxeye_daisy":10,"minecraft:bookshelf":11,"minecraft:bricks":14,"minecraft:coal_ore":70,"minecraft:quartz_pillar":6,"minecraft:chiseled_sandstone":112,"minecraft:stripped_jungle_log":3,"minecraft:light_gray_concrete":5,"minecraft:lantern":2,"minecraft:iron_block":111,"minecraft:grass_block":53,"minecraft:blue_orchid":90,"minecraft:acacia_slab":5,"minecraft:stone_button":6,"minecraft:brown_wool":2,"minecraft:smooth_sandstone":255,"minecraft:green_wool":496,"minecraft:lapis_ore":339,"minecraft:white_glazed_terracotta":102,"minecraft:cyan_concrete":40,"minecraft:polished_granite":26,"minecraft:spruce_trapdoor":8,"minecraft:smooth_quartz":127,"minecraft:diamond_ore":55,"minecraft:diorite_wall":5,"minecraft:stone_bricks":13,"minecraft:yellow_wool":509,"minecraft:bedrock":16,"minecraft:light_gray_wool":9,"minecraft:birch_trapdoor":3,"minecraft:coal_block":4,"minecraft:fishing_rod":84,"minecraft:cobblestone":4,"minecraft:redstone_lamp":1,"minecraft:lime_concrete":940,"minecraft:snow":138,"minecraft:hay_block":26,"minecraft:gray_glazed_terracotta":582,"minecraft:yellow_glazed_terracotta":119,"minecraft:dark_oak_fence":5,"minecraft:andesite":3,"minecraft:bucket":20,"minecraft:birch_log":11,"minecraft:lapis_block":465,"minecraft:gold_block":208,"minecraft:acacia_wood":15,"minecraft:white_concrete":37,"minecraft:acacia_planks":3,"minecraft:coarse_dirt":1,"minecraft:dragon_head":7,"minecraft:gray_wool":1283,"minecraft:orange_terracotta":4,"minecraft:brown_mushroom_block":3116,"minecraft:lime_glazed_terracotta":226},"minecraft:custom":{"minecraft:tune_noteblock":81,"minecraft:play_one_minute":1688793,"minecraft:open_shulker_box":14,"minecraft:pot_flower":4,"minecraft:eat_cake_slice":48,"minecraft:leave_game":17,"minecraft:time_since_death":1688793,"minecraft:climb_one_cm":624,"minecraft:time_since_rest":1688793,"minecraft:sprint_one_cm":219132,"minecraft:walk_one_cm":876322,"minecraft:drop":32,"minecraft:damage_dealt":10,"minecraft:swim_one_cm":28023,"minecraft:fly_one_cm":9574113,"minecraft:open_chest":1,"minecraft:crouch_one_cm":38204,"minecraft:sneak_time":60093,"minecraft:walk_under_water_one_cm":10595,"minecraft:jump":822,"minecraft:walk_on_water_one_cm":16513},"minecraft:picked_up":{"minecraft:dragon_head":1,"minecraft:dark_oak_pressure_plate":2,"minecraft:blue_orchid":99,"minecraft:poppy":11,"minecraft:sheep_spawn_egg":1,"minecraft:quartz_pillar":1,"minecraft:stone_button":1,"minecraft:light_gray_banner":2,"minecraft:tropical_fish":10,"minecraft:oxeye_daisy":2},"minecraft:dropped":{"minecraft:gray_glazed_terracotta":1,"minecraft:dark_oak_pressure_plate":2,"minecraft:quartz_pillar":1,"minecraft:oxeye_daisy":26,"minecraft:gray_wool":1,"minecraft:spruce_planks":2}},"DataVersion":2230}