{"stats":{"minecraft:crafted":{"minecraft:firework_star":28,"minecraft:written_book":12,"minecraft:leather_boots":2,"minecraft:filled_map":5,"minecraft:firework_rocket":197},"minecraft:killed":{"minecraft:chicken":1,"minecraft:tropical_fish":15,"minecraft:salmon":1,"minecraft:zombie":1,"minecraft:bee":1,"minecraft:wolf":6,"minecraft:sheep":189,"minecraft:villager":1},"minecraft:custom":{"minecraft:interact_with_crafting_table":37,"minecraft:open_barrel":138,"minecraft:bell_ring":15,"minecraft:leave_game":507,"minecraft:time_since_death":2722741,"minecraft:deaths":2,"minecraft:jump":26292,"minecraft:interact_with_furnace":21,"minecraft:interact_with_cartography_table":41,"minecraft:damage_dealt":16649,"minecraft:interact_with_smoker":7,"minecraft:inspect_dispenser":14,"minecraft:inspect_dropper":50,"minecraft:interact_with_anvil":122,"minecraft:inspect_hopper":72,"minecraft:sneak_time":165862,"minecraft:interact_with_lectern":81,"minecraft:tune_noteblock":68,"minecraft:time_since_rest":2722781,"minecraft:swim_one_cm":26292,"minecraft:fly_one_cm":59358351,"minecraft:open_chest":389,"minecraft:fall_one_cm":2833,"minecraft:open_shulker_box":380,"minecraft:sprint_one_cm":7322162,"minecraft:drop":180,"minecraft:walk_on_water_one_cm":49966,"minecraft:play_one_minute":17966473,"minecraft:interact_with_loom":78,"minecraft:open_enderchest":7,"minecraft:interact_with_beacon":13,"minecraft:crouch_one_cm":142508,"minecraft:mob_kills":215,"minecraft:fill_cauldron":6,"minecraft:climb_one_cm":68782,"minecraft:walk_one_cm":25625446,"minecraft:walk_under_water_one_cm":41816,"minecraft:pot_flower":181,"minecraft:interact_with_grindstone":3,"minecraft:trigger_trapped_chest":38,"minecraft:minecart_one_cm":32354},"minecraft:used":{"minecraft:peony":1,"minecraft:nether_brick_fence":28,"minecraft:jack_o_lantern":2,"minecraft:writable_book":94,"minecraft:polished_granite_stairs":2,"minecraft:cut_red_sandstone_slab":4,"minecraft:smooth_quartz_slab":132,"minecraft:spruce_slab":147,"minecraft:dead_horn_coral_block":11,"minecraft:red_sandstone_slab":2,"minecraft:dispenser":3,"minecraft:poppy":2,"minecraft:dead_brain_coral":1,"minecraft:ladder":91,"minecraft:black_carpet":351,"minecraft:green_banner":7,"minecraft:chest":116,"minecraft:stone":235,"minecraft:brown_concrete":2,"minecraft:white_shulker_box":26,"minecraft:red_nether_brick_stairs":1,"minecraft:quartz_stairs":302,"minecraft:farmland":11,"minecraft:tube_coral":1,"minecraft:chiseled_red_sandstone":84,"minecraft:soul_sand":3,"minecraft:lily_of_the_valley":1,"minecraft:cocoa_beans":2,"minecraft:blue_stained_glass":517,"minecraft:brick_slab":5,"minecraft:jungle_slab":125,"minecraft:allium":2,"minecraft:orange_wool":49,"minecraft:acacia_sapling":3,"minecraft:acacia_button":1,"minecraft:azure_bluet":3,"minecraft:stripped_spruce_log":95,"minecraft:jungle_sapling":1,"minecraft:packed_ice":20,"minecraft:honey_block":163,"minecraft:lava_bucket":9,"minecraft:stripped_dark_oak_wood":165,"minecraft:lime_banner":1,"minecraft:quartz_pillar":254,"minecraft:jungle_fence_gate":1,"minecraft:red_wool":106,"minecraft:black_stained_glass_pane":33,"minecraft:grass_block":425,"minecraft:birch_sapling":1,"minecraft:orange_shulker_box":6,"minecraft:polished_andesite_stairs":36,"minecraft:quartz_block":1712,"minecraft:wet_sponge":3,"minecraft:dark_oak_leaves":15,"minecraft:dark_oak_slab":422,"minecraft:diorite_wall":31,"minecraft:dark_oak_button":6,"minecraft:pink_wool":632,"minecraft:stone_brick_stairs":148,"minecraft:blue_banner":16,"minecraft:red_stained_glass_pane":26,"minecraft:infested_mossy_stone_bricks":1,"minecraft:snow":165,"minecraft:sweet_berries":1,"minecraft:oak_sapling":13,"minecraft:yellow_glazed_terracotta":1,"minecraft:furnace":25,"minecraft:acacia_fence":3,"minecraft:gray_banner":2,"minecraft:end_stone_brick_stairs":102,"minecraft:potato":1,"minecraft:dragon_head":4,"minecraft:brown_concrete_powder":1,"minecraft:seagrass":2,"minecraft:green_stained_glass_pane":1,"minecraft:dark_prismarine_stairs":10,"minecraft:magenta_shulker_box":4,"minecraft:lime_glazed_terracotta":32,"minecraft:light_blue_carpet":74,"minecraft:emerald_ore":1,"minecraft:mossy_stone_bricks":568,"minecraft:diorite":10,"minecraft:end_stone_bricks":481,"minecraft:spruce_door":65,"minecraft:brick_wall":1,"minecraft:stripped_birch_log":34,"minecraft:infested_stone":1,"minecraft:red_stained_glass":1,"minecraft:acacia_trapdoor":382,"minecraft:powered_rail":5,"minecraft:prismarine":55,"minecraft:lily_pad":1,"minecraft:orange_tulip":3,"minecraft:cactus":2,"minecraft:lime_concrete_powder":1,"minecraft:mossy_stone_brick_stairs":44,"minecraft:jungle_pressure_plate":1,"minecraft:black_glazed_terracotta":1,"minecraft:composter":44,"minecraft:clay":75,"minecraft:purpur_pillar":9,"minecraft:oak_leaves":54,"minecraft:smooth_quartz_stairs":75,"minecraft:dark_oak_trapdoor":527,"minecraft:purpur_stairs":1,"minecraft:sand":12,"minecraft:cut_sandstone_slab":15,"minecraft:blast_furnace":5,"minecraft:smooth_red_sandstone":5,"minecraft:blue_ice":20,"minecraft:acacia_leaves":28,"minecraft:chiseled_quartz_block":323,"minecraft:purple_terracotta":17,"minecraft:gray_concrete":2,"minecraft:black_concrete_powder":1,"minecraft:red_sandstone_wall":2,"minecraft:pumpkin_seeds":1,"minecraft:purple_concrete_powder":1,"minecraft:birch_fence":138,"minecraft:red_sandstone":172,"minecraft:chiseled_sandstone":3,"minecraft:birch_slab":574,"minecraft:gray_stained_glass_pane":2,"minecraft:zombie_head":2,"minecraft:cyan_carpet":66,"minecraft:stone_button":601,"minecraft:lectern":79,"minecraft:white_glazed_terracotta":543,"minecraft:red_terracotta":40,"minecraft:polished_granite":62,"minecraft:oak_pressure_plate":5,"minecraft:diamond_ore":1,"minecraft:cut_red_sandstone":84,"minecraft:lilac":1,"minecraft:polished_andesite_slab":16,"minecraft:magenta_stained_glass_pane":1,"minecraft:nether_wart_block":29,"minecraft:diamond_sword":1,"minecraft:coal_block":108,"minecraft:smithing_table":2,"minecraft:dark_oak_fence":41,"minecraft:bubble_coral_block":1,"minecraft:white_stained_glass":132,"minecraft:green_concrete_powder":1,"minecraft:birch_log":2,"minecraft:pink_stained_glass":2,"minecraft:ice":1,"minecraft:purple_wool":38,"minecraft:diorite_slab":15,"minecraft:gray_stained_glass":13,"minecraft:diorite_stairs":1,"minecraft:oak_trapdoor":323,"minecraft:stripped_acacia_wood":298,"minecraft:iron_bars":251,"minecraft:enchanting_table":2,"minecraft:acacia_log":12,"minecraft:dead_tube_coral_block":4,"minecraft:orange_concrete":124,"minecraft:dead_bush":2,"minecraft:carved_pumpkin":2,"minecraft:red_concrete":119,"minecraft:armor_stand":64,"minecraft:light_gray_carpet":57,"minecraft:mycelium":1,"minecraft:sandstone_wall":1,"minecraft:netherrack":93,"minecraft:torch":75,"minecraft:green_glazed_terracotta":1,"minecraft:orange_stained_glass":1,"minecraft:orange_bed":7,"minecraft:light_gray_shulker_box":5,"minecraft:brewing_stand":18,"minecraft:anvil":37,"minecraft:stone_stairs":6,"minecraft:dead_tube_coral":1,"minecraft:nether_brick_slab":228,"minecraft:light_gray_glazed_terracotta":1,"minecraft:yellow_carpet":77,"minecraft:jungle_trapdoor":50,"minecraft:polished_granite_slab":16,"minecraft:dead_brain_coral_block":172,"minecraft:blue_concrete":300,"minecraft:nether_brick_stairs":94,"minecraft:oak_fence_gate":3,"minecraft:fern":2,"minecraft:polished_diorite":158,"minecraft:mossy_cobblestone_stairs":1,"minecraft:red_shulker_box":4,"minecraft:sea_lantern":6263,"minecraft:cyan_shulker_box":4,"minecraft:iron_block":360,"minecraft:light_weighted_pressure_plate":4,"minecraft:spruce_button":1,"minecraft:slime_block":109,"minecraft:brick_stairs":52,"minecraft:jungle_log":9,"minecraft:smooth_quartz":4552,"minecraft:melon_seeds":1,"minecraft:pink_stained_glass_pane":2,"minecraft:barrel":144,"minecraft:prismarine_slab":6,"minecraft:bamboo":1,"minecraft:tripwire_hook":37,"minecraft:purple_concrete":19,"minecraft:glowstone":4,"minecraft:lime_concrete":233,"minecraft:magenta_wool":12,"minecraft:tall_grass":1,"minecraft:gray_glazed_terracotta":2,"minecraft:iron_trapdoor":30,"minecraft:magenta_terracotta":11,"minecraft:podzol":1,"minecraft:acacia_wood":13,"minecraft:trapped_chest":3,"minecraft:acacia_planks":34,"minecraft:observer":44,"minecraft:orange_terracotta":34,"minecraft:wheat_seeds":1,"minecraft:water_bucket":191,"minecraft:yellow_banner":13,"minecraft:light_blue_shulker_box":4,"minecraft:nether_brick_wall":1,"minecraft:tube_coral_block":1,"minecraft:light_blue_glazed_terracotta":262,"minecraft:sandstone_stairs":4,"minecraft:prismarine_brick_slab":34,"minecraft:birch_planks":736,"minecraft:yellow_shulker_box":26,"minecraft:lime_wool":251,"minecraft:cartography_table":16,"minecraft:smooth_sandstone_slab":43,"minecraft:red_mushroom_block":1,"minecraft:blue_concrete_powder":1,"minecraft:cauldron":25,"minecraft:fletching_table":2,"minecraft:spruce_fence_gate":2,"minecraft:gold_ore":4,"minecraft:cracked_stone_bricks":83,"minecraft:pink_concrete":156,"minecraft:diamond_block":249,"minecraft:orange_carpet":70,"minecraft:mossy_cobblestone":4,"minecraft:lime_terracotta":5,"minecraft:light_gray_banner":15,"minecraft:rail":25,"minecraft:comparator":52,"minecraft:vine":4,"minecraft:crafting_table":38,"minecraft:oak_slab":636,"minecraft:tnt":1,"minecraft:cyan_glazed_terracotta":1,"minecraft:red_bed":3,"minecraft:birch_sign":733,"minecraft:campfire":5,"minecraft:white_bed":5,"minecraft:dark_oak_fence_gate":6,"minecraft:fire_coral":1,"minecraft:lime_shulker_box":4,"minecraft:cake":4,"minecraft:spruce_log":6,"minecraft:mushroom_stem":2,"minecraft:oak_log":182,"minecraft:dark_prismarine":721,"minecraft:blue_stained_glass_pane":7,"minecraft:cornflower":40,"minecraft:oxeye_daisy":4,"minecraft:acacia_sign":2,"minecraft:stripped_jungle_log":58,"minecraft:sunflower":1,"minecraft:oak_button":45,"minecraft:spruce_pressure_plate":3,"minecraft:cyan_concrete":103,"minecraft:purpur_slab":1,"minecraft:spruce_trapdoor":438,"minecraft:magenta_concrete_powder":1,"minecraft:spruce_sapling":1,"minecraft:chiseled_stone_bricks":4,"minecraft:blue_carpet":108,"minecraft:green_carpet":139,"minecraft:pink_bed":2,"minecraft:cobblestone":91,"minecraft:potion":12,"minecraft:orange_banner":4,"minecraft:purple_bed":3,"minecraft:acacia_pressure_plate":1,"minecraft:red_concrete_powder":1,"minecraft:andesite_stairs":11,"minecraft:sandstone_slab":13,"minecraft:glass_pane":145,"minecraft:repeating_command_block":79,"minecraft:end_portal_frame":18,"minecraft:stripped_oak_log":138,"minecraft:kelp":1,"minecraft:dandelion":2,"minecraft:brown_mushroom_block":1,"minecraft:jukebox":113,"minecraft:green_stained_glass":1,"minecraft:light_blue_banner":84,"minecraft:light_blue_stained_glass_pane":2,"minecraft:blue_terracotta":1281,"minecraft:red_sand":1,"minecraft:light_gray_stained_glass_pane":1,"minecraft:melon":120,"minecraft:bone_block":74,"minecraft:oak_sign":899,"minecraft:white_concrete_powder":496,"minecraft:white_terracotta":284,"minecraft:nether_wart":1,"minecraft:purple_shulker_box":3,"minecraft:creeper_head":1,"minecraft:stripped_jungle_wood":381,"minecraft:bubble_coral":1,"minecraft:bell":17,"minecraft:grass":4,"minecraft:mossy_stone_brick_slab":22,"minecraft:smooth_sandstone_stairs":33,"minecraft:green_terracotta":10,"minecraft:spruce_leaves":245,"minecraft:birch_pressure_plate":17,"minecraft:carrot":1,"minecraft:orange_glazed_terracotta":2,"minecraft:jungle_planks":588,"minecraft:nether_bricks":37,"minecraft:prismarine_brick_stairs":13,"minecraft:pink_terracotta":46,"minecraft:beehive":850,"minecraft:cyan_wool":107,"minecraft:milk_bucket":1,"minecraft:obsidian":74,"minecraft:red_sandstone_stairs":29,"minecraft:glass":288,"minecraft:cyan_terracotta":158,"minecraft:bricks":201,"minecraft:coal_ore":4,"minecraft:quartz_slab":154,"minecraft:lantern":186,"minecraft:blue_orchid":2,"minecraft:green_wool":84,"minecraft:dark_oak_wood":15,"minecraft:light_blue_bed":3,"minecraft:mossy_cobblestone_slab":1,"minecraft:gray_concrete_powder":40,"minecraft:tropical_fish_spawn_egg":2,"minecraft:hopper_minecart":9,"minecraft:stone_bricks":218,"minecraft:item_frame":691,"minecraft:bedrock":581,"minecraft:birch_button":3,"minecraft:birch_trapdoor":568,"minecraft:red_nether_brick_wall":1,"minecraft:red_carpet":288,"minecraft:repeater":296,"minecraft:redstone_lamp":401,"minecraft:honeycomb_block":1,"minecraft:magma_block":3,"minecraft:brown_carpet":31,"minecraft:horn_coral":1,"minecraft:written_book":62,"minecraft:hay_block":21,"minecraft:scaffolding":137,"minecraft:infested_cracked_stone_bricks":1,"minecraft:jungle_button":1,"minecraft:blue_shulker_box":19,"minecraft:gray_bed":1,"minecraft:beetroot_seeds":2,"minecraft:polished_diorite_stairs":1,"minecraft:gold_block":5,"minecraft:skeleton_skull":3,"minecraft:pink_concrete_powder":3,"minecraft:large_fern":1,"minecraft:stripped_spruce_wood":98,"minecraft:dark_oak_sapling":2,"minecraft:dark_oak_stairs":132,"minecraft:end_rod":143,"minecraft:stripped_acacia_log":1,"minecraft:dropper":343,"minecraft:wither_skeleton_skull":8,"minecraft:birch_leaves":22,"minecraft:gray_carpet":12,"minecraft:dark_oak_sign":41,"minecraft:jungle_fence":1,"minecraft:oak_planks":2473,"minecraft:prismarine_stairs":1,"minecraft:polished_diorite_slab":2,"minecraft:sandstone":2,"minecraft:redstone_block":178,"minecraft:end_stone_brick_slab":70,"minecraft:blue_bed":30,"minecraft:diamond_axe":276,"minecraft:sugar_cane":1,"minecraft:brain_coral":1,"minecraft:white_wool":1747,"minecraft:light_blue_concrete":805,"minecraft:yellow_terracotta":113,"minecraft:infested_chiseled_stone_bricks":1,"minecraft:lime_stained_glass_pane":1,"minecraft:loom":52,"minecraft:light_blue_wool":320,"minecraft:black_banner":102,"minecraft:light_gray_terracotta":30,"minecraft:yellow_concrete":1525,"minecraft:crossbow":23,"minecraft:dead_bubble_coral":1,"minecraft:sponge":3,"minecraft:note_block":19,"minecraft:stone_brick_wall":2,"minecraft:black_bed":7,"minecraft:end_stone":16,"minecraft:sticky_piston":98,"minecraft:redstone_torch":270,"minecraft:black_terracotta":10,"minecraft:green_concrete":74,"minecraft:lever":201,"minecraft:blue_glazed_terracotta":1,"minecraft:black_concrete":451,"minecraft:firework_rocket":39,"minecraft:gray_shulker_box":4,"minecraft:daylight_detector":3,"minecraft:birch_fence_gate":1,"minecraft:acacia_door":5,"minecraft:dark_oak_log":38,"minecraft:light_gray_concrete":2070,"minecraft:lime_carpet":60,"minecraft:heavy_weighted_pressure_plate":312,"minecraft:brown_stained_glass":1,"minecraft:barrier":20,"minecraft:cyan_bed":2,"minecraft:brown_wool":219,"minecraft:string":119,"minecraft:iron_door":84,"minecraft:prismarine_wall":10,"minecraft:gravel":112,"minecraft:granite_slab":42,"minecraft:dead_horn_coral":1,"minecraft:jungle_sign":2,"minecraft:smooth_red_sandstone_slab":27,"minecraft:light_blue_concrete_powder":1,"minecraft:stripped_oak_wood":725,"minecraft:grindstone":116,"minecraft:andesite":72,"minecraft:mossy_cobblestone_wall":2,"minecraft:smooth_stone_slab":677,"minecraft:white_concrete":1245,"minecraft:coarse_dirt":1,"minecraft:chorus_plant":1,"minecraft:bone_meal":29,"minecraft:cobweb":3,"minecraft:oak_fence":150,"minecraft:purpur_block":2,"minecraft:petrified_oak_slab":4,"minecraft:orange_concrete_powder":1,"minecraft:jungle_leaves":3,"minecraft:rose_bush":2,"minecraft:granite_stairs":1,"minecraft:white_tulip":1,"minecraft:flint_and_steel":2,"minecraft:redstone_ore":2,"minecraft:redstone":1122,"minecraft:light_blue_terracotta":967,"minecraft:spruce_planks":352,"minecraft:ender_chest":3,"minecraft:brown_shulker_box":16,"minecraft:stripped_birch_wood":254,"minecraft:wooden_shovel":2,"minecraft:dried_kelp_block":35,"minecraft:oak_door":52,"minecraft:end_stone_brick_wall":2,"minecraft:dirt":839,"minecraft:red_nether_brick_slab":2,"minecraft:white_carpet":307,"minecraft:hopper":24,"minecraft:prismarine_bricks":2407,"minecraft:spruce_stairs":79,"minecraft:cobblestone_wall":2,"minecraft:shulker_box":1,"minecraft:oak_wood":41,"minecraft:bee_nest":2,"minecraft:pink_carpet":22,"minecraft:spruce_fence":12,"minecraft:granite":49,"minecraft:light_blue_stained_glass":164,"minecraft:birch_door":21,"minecraft:andesite_wall":23,"minecraft:purple_banner":8,"minecraft:purple_stained_glass_pane":4,"minecraft:stone_brick_slab":24,"minecraft:dark_oak_planks":50,"minecraft:brown_terracotta":4,"minecraft:bookshelf":464,"minecraft:light_gray_stained_glass":1,"minecraft:red_tulip":3,"minecraft:yellow_stained_glass":4,"minecraft:oak_stairs":248,"minecraft:smooth_sandstone":216,"minecraft:acacia_slab":374,"minecraft:yellow_concrete_powder":1,"minecraft:light_gray_wool":197,"minecraft:black_stained_glass":151,"minecraft:emerald_block":15,"minecraft:dark_oak_pressure_plate":1,"minecraft:wolf_spawn_egg":1,"minecraft:lime_stained_glass":11,"minecraft:salmon_spawn_egg":2,"minecraft:white_stained_glass_pane":166,"minecraft:minecart":2,"minecraft:infested_cobblestone":1,"minecraft:cyan_banner":2,"minecraft:cyan_concrete_powder":1,"minecraft:granite_wall":1,"minecraft:horn_coral_block":1,"minecraft:stone_pressure_plate":103,"minecraft:dead_bubble_coral_block":10,"minecraft:orange_stained_glass_pane":2,"minecraft:mossy_stone_brick_wall":2,"minecraft:pumpkin":1,"minecraft:light_gray_bed":1,"minecraft:brown_bed":1,"minecraft:brain_coral_block":1,"minecraft:iron_ore":4,"minecraft:pink_tulip":1,"minecraft:cobblestone_stairs":2,"minecraft:pink_glazed_terracotta":21,"minecraft:snow_block":814,"minecraft:polished_andesite":13,"minecraft:red_nether_bricks":1,"minecraft:blue_wool":198,"minecraft:pink_banner":3,"minecraft:andesite_slab":2,"minecraft:purple_glazed_terracotta":1,"minecraft:black_shulker_box":17,"minecraft:cut_sandstone":2,"minecraft:brown_mushroom":1,"minecraft:spruce_sign":4,"minecraft:magenta_stained_glass":1,"minecraft:green_bed":1,"minecraft:beacon":22,"minecraft:stonecutter":1,"minecraft:red_glazed_terracotta":1,"minecraft:cobblestone_slab":4,"minecraft:terracotta":72,"minecraft:stripped_dark_oak_log":1,"minecraft:dark_prismarine_slab":11,"minecraft:lime_bed":2,"minecraft:magenta_bed":1,"minecraft:dead_fire_coral_block":78,"minecraft:red_mushroom":1,"minecraft:brown_banner":2,"minecraft:yellow_stained_glass_pane":2,"minecraft:light_gray_concrete_powder":487,"minecraft:painting":735,"minecraft:brown_glazed_terracotta":1,"minecraft:magenta_carpet":49,"minecraft:infested_stone_bricks":1,"minecraft:smooth_red_sandstone_stairs":17,"minecraft:smoker":37,"minecraft:dark_oak_door":60,"minecraft:cyan_stained_glass":1,"minecraft:purple_stained_glass":10,"minecraft:gray_terracotta":65,"minecraft:piston":232,"minecraft:flower_pot":92,"minecraft:activator_rail":3,"minecraft:acacia_stairs":34,"minecraft:black_wool":1047,"minecraft:dead_fire_coral":1,"minecraft:command_block":348,"minecraft:map":152,"minecraft:lapis_ore":3,"minecraft:detector_rail":3,"minecraft:jungle_stairs":36,"minecraft:magenta_concrete":23,"minecraft:stone_slab":214,"minecraft:yellow_wool":213,"minecraft:acacia_fence_gate":1,"minecraft:magenta_banner":2,"minecraft:brown_stained_glass_pane":1,"minecraft:fishing_rod":29,"minecraft:fire_coral_block":1,"minecraft:green_shulker_box":4,"minecraft:cyan_stained_glass_pane":1,"minecraft:white_banner":594,"minecraft:jungle_door":1,"minecraft:lapis_block":744,"minecraft:red_banner":11,"minecraft:chain_command_block":3449,"minecraft:pink_shulker_box":4,"minecraft:grass_path":1,"minecraft:magenta_glazed_terracotta":169,"minecraft:yellow_bed":1,"minecraft:wither_rose":1,"minecraft:sea_pickle":369,"minecraft:purple_carpet":32,"minecraft:gray_wool":77,"minecraft:smooth_stone":67,"minecraft:splash_potion":25,"minecraft:birch_stairs":107},"minecraft:dropped":{"minecraft:crafting_table":1,"minecraft:dirt":1,"minecraft:writable_book":1,"minecraft:birch_stairs":1,"minecraft:black_carpet":1,"minecraft:oak_planks":2,"minecraft:blue_stained_glass":1,"minecraft:granite_wall":1,"minecraft:lectern":1,"minecraft:chainmail_helmet":3,"minecraft:end_rod":1,"minecraft:jungle_slab":10,"minecraft:potion":3,"minecraft:pumpkin":1,"minecraft:white_banner":6,"minecraft:string":1,"minecraft:sticky_piston":2,"minecraft:chicken":3,"minecraft:white_shulker_box":2,"minecraft:oak_sign":1,"minecraft:barrel":1,"minecraft:blue_shulker_box":14,"minecraft:orange_dye":1,"minecraft:loom":1,"minecraft:jungle_planks":1,"minecraft:mossy_cobblestone_wall":1,"minecraft:blaze_spawn_egg":1,"minecraft:light_gray_banner":1,"minecraft:beehive":1,"minecraft:mossy_stone_brick_slab":1,"minecraft:cyan_shulker_box":1,"minecraft:brown_shulker_box":1,"minecraft:leather_chestplate":5,"minecraft:mossy_stone_brick_wall":1,"minecraft:birch_trapdoor":1,"minecraft:dropper":1,"minecraft:stone_brick_wall":1,"minecraft:chest":3,"minecraft:iron_bars":1,"minecraft:chain_command_block":65,"minecraft:written_book":45,"minecraft:splash_potion":5,"minecraft:firework_rocket":12,"minecraft:hopper_minecart":1,"minecraft:light_gray_shulker_box":1,"minecraft:smooth_quartz":1,"minecraft:yellow_shulker_box":10,"minecraft:iron_door":1,"minecraft:redstone":7,"minecraft:light_gray_wool":1,"minecraft:comparator":1,"minecraft:filled_map":66,"minecraft:magma_cream":1},"minecraft:picked_up":{"minecraft:magenta_carpet":14,"minecraft:lead":1,"minecraft:purple_shulker_box":4,"minecraft:brewing_stand":1,"minecraft:string":11,"minecraft:cooked_salmon":845,"minecraft:blue_stained_glass_pane":1,"minecraft:beetroot":13,"minecraft:written_book":7835,"minecraft:hopper_minecart":1,"minecraft:dark_oak_door":5,"minecraft:pink_carpet":10,"minecraft:honeycomb_block":9,"minecraft:gray_shulker_box":5,"minecraft:brown_carpet":10,"minecraft:lime_carpet":7,"minecraft:command_block":5,"minecraft:honey_bottle":22,"minecraft:light_blue_wool":12,"minecraft:tropical_fish":15,"minecraft:blue_dye":1,"minecraft:bookshelf":1,"minecraft:end_rod":1,"minecraft:iron_bars":1,"minecraft:feather":4,"minecraft:iron_door":1,"minecraft:birch_slab":4,"minecraft:brown_wool":4,"minecraft:map":15,"minecraft:lantern":5,"minecraft:light_gray_concrete_powder":1,"minecraft:purple_carpet":8,"minecraft:dark_oak_sign":2,"minecraft:rabbit":1,"minecraft:glowstone_dust":1,"minecraft:lime_terracotta":1,"minecraft:dropper":1,"minecraft:loom":1,"minecraft:barrel":1,"minecraft:lever":20,"minecraft:writable_book":2,"minecraft:chainmail_helmet":3,"minecraft:light_gray_carpet":10,"minecraft:crafting_table":1,"minecraft:bee_nest":1,"minecraft:purple_wool":5,"minecraft:leather_leggings":162,"minecraft:heavy_weighted_pressure_plate":42,"minecraft:cornflower":33,"minecraft:white_carpet":10,"minecraft:iron_shovel":11,"minecraft:glass_pane":55,"minecraft:cyan_wool":5,"minecraft:poppy":1,"minecraft:chest":3,"minecraft:egg":6,"minecraft:lime_shulker_box":5,"minecraft:oak_door":1,"minecraft:fire_charge":54,"minecraft:white_dye":233,"minecraft:redstone":111,"minecraft:cyan_shulker_box":6,"minecraft:prismarine_crystals":12,"minecraft:blue_carpet":44,"minecraft:jungle_sign":1,"minecraft:shears":24,"minecraft:white_shulker_box":29,"minecraft:mutton":535,"minecraft:rail":4,"minecraft:white_wool":166,"minecraft:yellow_shulker_box":30,"minecraft:clock":20,"minecraft:tripwire_hook":2,"minecraft:filled_map":3858,"minecraft:paper":148,"minecraft:white_banner":14,"minecraft:apple":15,"minecraft:light_blue_banner":1,"minecraft:iron_sword":23,"minecraft:chain_command_block":24,"minecraft:white_stained_glass_pane":6,"minecraft:milk_bucket":7,"minecraft:sweet_berries":14,"minecraft:red_wool":3,"minecraft:birch_stairs":1,"minecraft:sea_lantern":1,"minecraft:leather_helmet":7,"minecraft:firework_rocket":11,"minecraft:slime_ball":15,"minecraft:light_blue_carpet":6,"minecraft:diamond_axe":2,"minecraft:painting":488,"minecraft:birch_sign":52,"minecraft:gray_wool":9,"minecraft:oak_button":1,"minecraft:smooth_quartz_slab":1,"minecraft:black_carpet":48,"minecraft:light_gray_shulker_box":6,"minecraft:yellow_wool":12,"minecraft:potion":69,"minecraft:armor_stand":1,"minecraft:sticky_piston":2,"minecraft:pink_shulker_box":5,"minecraft:oak_sign":25,"minecraft:sea_pickle":17,"minecraft:activator_rail":1,"minecraft:black_shulker_box":14,"minecraft:comparator":1,"minecraft:white_tulip":1,"minecraft:red_dye":1,"minecraft:redstone_torch":30,"minecraft:iron_pickaxe":11,"minecraft:smooth_quartz":2,"minecraft:iron_boots":13,"minecraft:blue_wool":26,"minecraft:stick":1,"minecraft:orange_shulker_box":6,"minecraft:torch":23,"minecraft:snow_block":1,"minecraft:light_gray_banner":1,"minecraft:blue_stained_glass":1,"minecraft:cactus":318,"minecraft:rotten_flesh":2,"minecraft:brown_shulker_box":11,"minecraft:green_wool":4,"minecraft:blaze_powder":1,"minecraft:leather_chestplate":128,"minecraft:repeater":14,"minecraft:orange_carpet":10,"minecraft:potato":14,"minecraft:light_gray_dye":119,"minecraft:green_shulker_box":5,"minecraft:dirt":1,"minecraft:leather_boots":16,"minecraft:granite_wall":1,"minecraft:bow":12,"minecraft:bell":2,"minecraft:bamboo":2444,"minecraft:powered_rail":4,"minecraft:oak_planks":66,"minecraft:ghast_tear":1,"minecraft:cooked_porkchop":9,"minecraft:oak_pressure_plate":1,"minecraft:jungle_planks":1,"minecraft:light_blue_shulker_box":5,"minecraft:jungle_slab":102,"minecraft:orange_wool":5,"minecraft:yellow_carpet":6,"minecraft:yellow_stained_glass_pane":2,"minecraft:crossbow":11,"minecraft:bone_meal":4,"minecraft:oak_sapling":3,"minecraft:lingering_potion":14,"minecraft:fishing_rod":11,"minecraft:firework_star":67,"minecraft:azure_bluet":2,"minecraft:splash_potion":66,"minecraft:chicken":7,"minecraft:turtle_helmet":6,"minecraft:pink_wool":8,"minecraft:stone_brick_wall":1,"minecraft:dragon_breath":1,"minecraft:oak_trapdoor":1,"minecraft:stone_stairs":1,"minecraft:iron_axe":23,"minecraft:item_frame":4741,"minecraft:magenta_wool":3,"minecraft:cyan_carpet":22,"minecraft:mossy_cobblestone_wall":1,"minecraft:player_head":1,"minecraft:sugar_cane":1024,"minecraft:light_gray_wool":11,"minecraft:lectern":2,"minecraft:blue_shulker_box":31,"minecraft:phantom_membrane":1,"minecraft:lime_wool":5,"minecraft:orange_dye":1,"minecraft:red_stained_glass_pane":140,"minecraft:bowl":13,"minecraft:stone_button":44,"minecraft:cookie":3,"minecraft:magenta_shulker_box":5,"minecraft:trident":11,"minecraft:red_shulker_box":4,"minecraft:purple_dye":1,"minecraft:salmon":2668,"minecraft:gunpowder":208,"minecraft:red_carpet":36,"minecraft:gray_carpet":7,"minecraft:rabbit_hide":1,"minecraft:iron_ingot":15,"minecraft:cooked_chicken":19,"minecraft:mossy_stone_brick_wall":1,"minecraft:acacia_sapling":1,"minecraft:scaffolding":3,"minecraft:pumpkin":3460,"minecraft:red_banner":1,"minecraft:white_bed":1,"minecraft:green_carpet":16,"minecraft:mossy_stone_brick_slab":1,"minecraft:spruce_door":21,"minecraft:music_disc_mall":13,"minecraft:iron_helmet":11,"minecraft:black_wool":8},"minecraft:mined":{"minecraft:white_bed":3,"minecraft:orange_bed":4,"minecraft:black_bed":2,"minecraft:purple_bed":1,"minecraft:light_blue_bed":1,"minecraft:blue_bed":18}},"DataVersion":2230}