{"stats":{"minecraft:dropped":{"minecraft:oak_slab":1,"minecraft:vine":2,"minecraft:loom":1,"minecraft:crafting_table":1,"minecraft:grass_block":1,"minecraft:gray_concrete":1,"minecraft:birch_fence":1,"minecraft:blue_dye":2,"minecraft:writable_book":1,"minecraft:red_dye":1,"minecraft:smooth_sandstone":1,"minecraft:black_stained_glass":1,"minecraft:lapis_block":1,"minecraft:pink_stained_glass_pane":2,"minecraft:stone_brick_slab":1,"minecraft:pink_concrete":2,"minecraft:red_concrete":1,"minecraft:light_blue_glazed_terracotta":2,"minecraft:chiseled_quartz_block":1,"minecraft:dark_oak_sign":1,"minecraft:jukebox":1,"minecraft:smooth_sandstone_stairs":1,"minecraft:yellow_stained_glass":2,"minecraft:light_gray_concrete":1,"minecraft:oak_sign":1,"minecraft:blue_stained_glass":1,"minecraft:yellow_stained_glass_pane":1,"minecraft:gray_terracotta":2,"minecraft:stone":1,"minecraft:diamond_chestplate":3,"minecraft:andesite":1,"minecraft:ladder":1,"minecraft:chest":1,"minecraft:golden_sword":1,"minecraft:stone_bricks":3,"minecraft:cyan_concrete":2,"minecraft:glass":1,"minecraft:stone_brick_stairs":1,"minecraft:white_stained_glass":1,"minecraft:cartography_table":1,"minecraft:black_wool":3,"minecraft:lectern":1,"minecraft:brown_concrete":1},"minecraft:killed":{"minecraft:rabbit":1,"minecraft:sheep":7},"minecraft:used":{"minecraft:light_blue_stained_glass_pane":84,"minecraft:writable_book":23,"minecraft:light_gray_stained_glass_pane":68,"minecraft:orange_concrete":34,"minecraft:white_tulip":6,"minecraft:red_concrete":39,"minecraft:poppy":20,"minecraft:ladder":107,"minecraft:oak_sign":1,"minecraft:white_concrete_powder":1,"minecraft:spruce_planks":220,"minecraft:chest":2,"minecraft:brown_concrete":36,"minecraft:grass":1,"minecraft:bell":8,"minecraft:smooth_sandstone_stairs":163,"minecraft:orange_stained_glass":179,"minecraft:torch":1,"minecraft:dirt":225,"minecraft:blue_stained_glass":249,"minecraft:jungle_planks":1,"minecraft:nether_bricks":22,"minecraft:allium":20,"minecraft:jungle_slab":2,"minecraft:stone_stairs":9,"minecraft:dead_brain_coral_block":2,"minecraft:snowball":91,"minecraft:spruce_fence":5,"minecraft:blue_concrete":56,"minecraft:light_blue_stained_glass":252,"minecraft:purple_stained_glass_pane":89,"minecraft:stone_brick_slab":9,"minecraft:sea_lantern":86,"minecraft:red_tulip":6,"minecraft:light_gray_stained_glass":179,"minecraft:quartz_pillar":59,"minecraft:black_stained_glass_pane":101,"minecraft:yellow_stained_glass":383,"minecraft:quartz_slab":334,"minecraft:grass_block":58,"minecraft:lantern":819,"minecraft:oak_stairs":3,"minecraft:blue_orchid":278,"minecraft:smooth_sandstone":2,"minecraft:pink_stained_glass_pane":56,"minecraft:stone_brick_stairs":1,"minecraft:stone_bricks":43,"minecraft:light_gray_wool":6,"minecraft:golden_sword":7,"minecraft:red_stained_glass_pane":71,"minecraft:purple_concrete":43,"minecraft:red_nether_brick_wall":58,"minecraft:lime_concrete":42,"minecraft:black_stained_glass":206,"minecraft:written_book":4,"minecraft:iron_trapdoor":4,"minecraft:lime_stained_glass":194,"minecraft:white_stained_glass_pane":93,"minecraft:minecart":1,"minecraft:egg":1,"minecraft:green_stained_glass_pane":77,"minecraft:orange_stained_glass_pane":75,"minecraft:pink_tulip":6,"minecraft:brick_wall":6,"minecraft:red_stained_glass":181,"minecraft:powered_rail":1,"minecraft:oak_planks":20,"minecraft:dark_oak_sign":14,"minecraft:cartography_table":1,"minecraft:smooth_sandstone_slab":12,"minecraft:orange_tulip":6,"minecraft:magenta_stained_glass":182,"minecraft:sheep_spawn_egg":19,"minecraft:pink_concrete":83,"minecraft:rabbit_spawn_egg":1,"minecraft:sand":3,"minecraft:vine":50,"minecraft:light_blue_concrete":33,"minecraft:lime_stained_glass_pane":26,"minecraft:oak_slab":5,"minecraft:crafting_table":1,"minecraft:loom":1,"minecraft:birch_sign":7,"minecraft:yellow_concrete":64,"minecraft:yellow_stained_glass_pane":77,"minecraft:acacia_leaves":74,"minecraft:campfire":3,"minecraft:chiseled_quartz_block":2535,"minecraft:light_gray_concrete_powder":7,"minecraft:gray_concrete":36,"minecraft:red_sandstone_wall":10,"minecraft:dark_oak_door":14,"minecraft:cyan_stained_glass":188,"minecraft:purple_stained_glass":189,"minecraft:birch_fence":1808,"minecraft:redstone_torch":5,"minecraft:blue_stained_glass_pane":90,"minecraft:oxeye_daisy":9,"minecraft:green_concrete":32,"minecraft:blue_glazed_terracotta":1,"minecraft:firework_rocket":22,"minecraft:cornflower":42,"minecraft:black_concrete":32,"minecraft:black_wool":23,"minecraft:acacia_door":3,"minecraft:birch_fence_gate":5,"minecraft:gray_stained_glass_pane":25,"minecraft:birch_slab":228,"minecraft:light_gray_concrete":36,"minecraft:brown_stained_glass":191,"minecraft:cyan_concrete":35,"minecraft:lectern":8,"minecraft:magenta_concrete":34,"minecraft:acacia_fence_gate":111,"minecraft:magenta_stained_glass_pane":26,"minecraft:magenta_banner":2,"minecraft:chiseled_stone_bricks":61,"minecraft:brown_stained_glass_pane":79,"minecraft:diamond_sword":6,"minecraft:cyan_stained_glass_pane":26,"minecraft:dark_oak_fence":19,"minecraft:andesite":6,"minecraft:smooth_stone_slab":25,"minecraft:white_stained_glass":186,"minecraft:lapis_block":254,"minecraft:grass_path":64,"minecraft:pink_stained_glass":208,"minecraft:pumpkin_pie":1,"minecraft:white_concrete":42,"minecraft:dandelion":6,"minecraft:jukebox":1,"minecraft:birch_stairs":23,"minecraft:gray_stained_glass":180,"minecraft:green_stained_glass":190},"minecraft:picked_up":{"minecraft:yellow_wool":2,"minecraft:potion":1,"minecraft:stone_brick_stairs":1,"minecraft:blue_concrete":1,"minecraft:golden_sword":1,"minecraft:lapis_block":1,"minecraft:cornflower":1,"minecraft:white_stained_glass":3,"minecraft:birch_fence":1,"minecraft:oak_sign":3,"minecraft:blue_orchid":6,"minecraft:red_dye":1,"minecraft:lectern":1,"minecraft:dark_oak_door":2,"minecraft:stone":2,"minecraft:jukebox":2,"minecraft:cyan_stained_glass":3,"minecraft:blue_stained_glass":4,"minecraft:diamond_chestplate":2,"minecraft:blue_dye":2,"minecraft:mutton":12,"minecraft:white_wool":2,"minecraft:andesite":1,"minecraft:chiseled_quartz_block":2,"minecraft:brown_concrete":1,"minecraft:smooth_sandstone_stairs":1,"minecraft:purple_stained_glass":1,"minecraft:lantern":106,"minecraft:smooth_sandstone":2,"minecraft:glass":2,"minecraft:stone_bricks":4,"minecraft:gray_terracotta":2,"minecraft:yellow_stained_glass":1,"minecraft:bell":4,"minecraft:rabbit_hide":1,"minecraft:dark_oak_sign":1,"minecraft:cyan_concrete":2,"minecraft:pink_stained_glass":1,"minecraft:pink_concrete":2,"minecraft:brown_stained_glass":3,"minecraft:yellow_concrete":1,"minecraft:stone_brick_slab":1,"minecraft:red_wool":3,"minecraft:pink_stained_glass_pane":2,"minecraft:green_stained_glass":1,"minecraft:grass_block":1,"minecraft:light_blue_stained_glass":1,"minecraft:light_gray_concrete":1,"minecraft:red_stained_glass":1,"minecraft:writable_book":3,"minecraft:lever":1,"minecraft:yellow_stained_glass_pane":1,"minecraft:birch_sign":2,"minecraft:red_concrete":1,"minecraft:black_wool":3},"minecraft:custom":{"minecraft:mob_kills":8,"minecraft:interact_with_crafting_table":2,"minecraft:open_shulker_box":2,"minecraft:bell_ring":41,"minecraft:leave_game":30,"minecraft:time_since_death":46050,"minecraft:climb_one_cm":20835,"minecraft:sprint_one_cm":1131288,"minecraft:walk_one_cm":2141989,"minecraft:drop":54,"minecraft:deaths":1,"minecraft:sneak_time":18554,"minecraft:walk_under_water_one_cm":45548,"minecraft:boat_one_cm":15360,"minecraft:interact_with_lectern":39,"minecraft:jump":1344,"minecraft:walk_on_water_one_cm":3067,"minecraft:interact_with_cartography_table":1,"minecraft:play_one_minute":1416489,"minecraft:interact_with_loom":1,"minecraft:time_since_rest":46110,"minecraft:damage_taken":240,"minecraft:trigger_trapped_chest":1,"minecraft:minecart_one_cm":67471,"minecraft:damage_dealt":580,"minecraft:swim_one_cm":1313,"minecraft:fly_one_cm":7596865,"minecraft:open_chest":14,"minecraft:crouch_one_cm":8857,"minecraft:aviate_one_cm":11384,"minecraft:fall_one_cm":1663}},"DataVersion":2230}