{"stats":{"minecraft:dropped":{"minecraft:birch_planks":2,"minecraft:elytra":5,"minecraft:red_carpet":1,"minecraft:item_frame":1,"minecraft:light_weighted_pressure_plate":1,"minecraft:redstone_lamp":1,"minecraft:dirt":3,"minecraft:green_wool":3,"minecraft:lever":2,"minecraft:blue_wool":1,"minecraft:grindstone":64,"minecraft:lime_dye":3,"minecraft:mushroom_stem":1,"minecraft:chiseled_stone_bricks":10,"minecraft:firework_star":189,"minecraft:sea_lantern":1,"minecraft:heavy_weighted_pressure_plate":1,"minecraft:hopper":1,"minecraft:chain_command_block":6,"minecraft:polished_granite":1,"minecraft:egg":1,"minecraft:firework_rocket":36,"minecraft:iron_helmet":2,"minecraft:command_block":2,"minecraft:acacia_trapdoor":1,"minecraft:grass_block":3,"minecraft:end_rod":1,"minecraft:acacia_sign":1,"minecraft:green_dye":34,"minecraft:brown_wool":16,"minecraft:potion":1,"minecraft:string":1,"minecraft:stone_brick_slab":2,"minecraft:white_carpet":1,"minecraft:birch_pressure_plate":1,"minecraft:slime_block":1,"minecraft:oak_sign":1,"minecraft:filled_map":11,"minecraft:spruce_trapdoor":2,"minecraft:quartz_stairs":1,"minecraft:golden_sword":12,"minecraft:stone_pressure_plate":1,"minecraft:birch_sign":2,"minecraft:stone_bricks":7,"minecraft:black_wool":2},"minecraft:killed":{"minecraft:sheep":1,"minecraft:pillager":5,"minecraft:husk":31},"minecraft:used":{"minecraft:blue_terracotta":2337,"minecraft:writable_book":20,"minecraft:light_gray_stained_glass_pane":1,"minecraft:smooth_quartz_slab":124,"minecraft:dead_horn_coral_block":65,"minecraft:dispenser":77,"minecraft:spruce_slab":2,"minecraft:ladder":23,"minecraft:bone_block":24,"minecraft:oak_sign":122,"minecraft:black_carpet":66,"minecraft:chest":73,"minecraft:white_terracotta":773,"minecraft:brown_concrete":8,"minecraft:stone":1957,"minecraft:stripped_jungle_wood":4,"minecraft:bell":1,"minecraft:quartz_stairs":1550,"minecraft:grass":1,"minecraft:smooth_sandstone_stairs":8,"minecraft:green_terracotta":872,"minecraft:soul_sand":159,"minecraft:birch_pressure_plate":1,"minecraft:jungle_planks":363,"minecraft:blue_stained_glass":184,"minecraft:nether_bricks":8,"minecraft:orange_wool":1354,"minecraft:jungle_slab":442,"minecraft:pink_terracotta":137,"minecraft:acacia_button":13,"minecraft:beehive":3,"minecraft:cyan_wool":1410,"minecraft:snowball":52,"minecraft:obsidian":346,"minecraft:glass":2566,"minecraft:packed_ice":1138,"minecraft:honey_block":1,"minecraft:cyan_terracotta":790,"minecraft:lava_bucket":1,"minecraft:stripped_dark_oak_wood":59,"minecraft:bricks":548,"minecraft:quartz_pillar":10,"minecraft:villager_spawn_egg":1,"minecraft:quartz_slab":665,"minecraft:black_stained_glass_pane":6,"minecraft:red_wool":791,"minecraft:spruce_wood":6,"minecraft:lantern":4,"minecraft:grass_block":1660,"minecraft:quartz_block":520,"minecraft:orange_shulker_box":6,"minecraft:green_wool":1729,"minecraft:wet_sponge":1,"minecraft:dark_oak_slab":111,"minecraft:dark_oak_button":48,"minecraft:pink_wool":315,"minecraft:stone_bricks":11,"minecraft:item_frame":702,"minecraft:bedrock":27,"minecraft:repeater":680,"minecraft:honeycomb_block":1,"minecraft:birch_button":18,"minecraft:snow":320,"minecraft:birch_trapdoor":29,"minecraft:red_carpet":8,"minecraft:redstone_lamp":358,"minecraft:brown_carpet":25,"minecraft:bow":71,"minecraft:hay_block":1,"minecraft:written_book":1,"minecraft:scaffolding":5,"minecraft:jungle_button":3,"minecraft:gold_block":379,"minecraft:pink_concrete_powder":4,"minecraft:end_stone_brick_stairs":107,"minecraft:brown_concrete_powder":80,"minecraft:dark_oak_sapling":28,"minecraft:dark_oak_stairs":22,"minecraft:diorite":122,"minecraft:end_rod":454,"minecraft:end_stone_bricks":1464,"minecraft:spruce_door":5,"minecraft:dropper":128,"minecraft:stripped_acacia_log":1,"minecraft:gray_carpet":6,"minecraft:stripped_birch_log":26,"minecraft:red_stained_glass":256,"minecraft:powered_rail":139,"minecraft:acacia_trapdoor":22,"minecraft:dark_oak_sign":143,"minecraft:prismarine":2,"minecraft:jungle_fence":40,"minecraft:oak_planks":8894,"minecraft:polished_diorite_slab":20,"minecraft:cactus":7,"minecraft:jungle_pressure_plate":3,"minecraft:black_glazed_terracotta":78,"minecraft:redstone_block":591,"minecraft:end_stone_brick_slab":97,"minecraft:blue_bed":2,"minecraft:clay":1460,"minecraft:oak_leaves":653,"minecraft:white_wool":31889,"minecraft:dark_oak_trapdoor":170,"minecraft:sand":351,"minecraft:yellow_terracotta":282,"minecraft:light_blue_concrete":1,"minecraft:cut_sandstone_slab":18,"minecraft:loom":2,"minecraft:yellow_concrete":1,"minecraft:light_blue_wool":4390,"minecraft:smooth_red_sandstone":1,"minecraft:light_gray_terracotta":909,"minecraft:blue_ice":56,"minecraft:stone_brick_wall":20,"minecraft:sponge":60,"minecraft:purple_terracotta":117,"minecraft:chiseled_quartz_block":14,"minecraft:gray_concrete":60,"minecraft:note_block":212,"minecraft:black_concrete_powder":1,"minecraft:black_bed":1,"minecraft:end_stone":155,"minecraft:shears":11,"minecraft:red_sandstone_wall":24,"minecraft:sticky_piston":22,"minecraft:redstone_torch":526,"minecraft:black_terracotta":3412,"minecraft:lever":222,"minecraft:blue_glazed_terracotta":25,"minecraft:black_concrete":40,"minecraft:firework_rocket":33,"minecraft:daylight_detector":4,"minecraft:acacia_door":3,"minecraft:dark_oak_log":9,"minecraft:birch_slab":36,"minecraft:heavy_weighted_pressure_plate":3,"minecraft:light_gray_concrete":400,"minecraft:barrier":163,"minecraft:brown_wool":1699,"minecraft:string":42,"minecraft:stone_button":154,"minecraft:cyan_carpet":43,"minecraft:lectern":42,"minecraft:white_glazed_terracotta":8,"minecraft:red_terracotta":211,"minecraft:polished_granite":88,"minecraft:oak_pressure_plate":3,"minecraft:diamond_ore":1,"minecraft:iron_door":22,"minecraft:cat_spawn_egg":1,"minecraft:jungle_sign":38,"minecraft:nether_wart_block":9,"minecraft:diamond_sword":31,"minecraft:stripped_oak_wood":1,"minecraft:grindstone":10,"minecraft:smithing_table":11,"minecraft:white_stained_glass":84,"minecraft:andesite":1,"minecraft:birch_log":26,"minecraft:pink_stained_glass":789,"minecraft:ice":4,"minecraft:smooth_stone_slab":1101,"minecraft:oak_boat":4,"minecraft:white_concrete":248,"minecraft:bone_meal":52,"minecraft:purple_wool":160,"minecraft:gray_stained_glass":2,"minecraft:oak_fence":7,"minecraft:purpur_block":15,"minecraft:oak_trapdoor":27,"minecraft:stripped_acacia_wood":54,"minecraft:petrified_oak_slab":2191,"minecraft:iron_bars":99,"minecraft:enchanting_table":11,"minecraft:acacia_log":8,"minecraft:flint_and_steel":11,"minecraft:red_concrete":1,"minecraft:armor_stand":22,"minecraft:redstone":2313,"minecraft:zombie_villager_spawn_egg":2,"minecraft:light_gray_carpet":59,"minecraft:light_blue_terracotta":722,"minecraft:spruce_planks":552,"minecraft:ender_chest":81,"minecraft:wooden_shovel":3,"minecraft:stripped_birch_wood":2,"minecraft:sandstone_wall":10,"minecraft:dried_kelp_block":2,"minecraft:netherrack":293,"minecraft:oak_door":1,"minecraft:torch":159,"minecraft:orange_stained_glass":170,"minecraft:light_gray_shulker_box":1,"minecraft:end_stone_brick_wall":6,"minecraft:brewing_stand":6,"minecraft:dirt":704,"minecraft:anvil":47,"minecraft:white_carpet":311,"minecraft:hopper":425,"minecraft:nether_quartz_ore":6,"minecraft:prismarine_bricks":187,"minecraft:spruce_stairs":4,"minecraft:nether_brick_slab":1,"minecraft:shulker_box":1,"minecraft:yellow_carpet":30,"minecraft:salmon_bucket":1,"minecraft:oak_wood":10,"minecraft:jungle_trapdoor":28,"minecraft:granite":152,"minecraft:blue_concrete":1,"minecraft:polished_diorite":8032,"minecraft:andesite_wall":7,"minecraft:brown_terracotta":5051,"minecraft:red_shulker_box":13,"minecraft:stone_brick_slab":3,"minecraft:dark_oak_planks":2319,"minecraft:sea_lantern":2671,"minecraft:light_gray_stained_glass":77,"minecraft:bookshelf":83,"minecraft:yellow_stained_glass":163,"minecraft:iron_block":3362,"minecraft:light_weighted_pressure_plate":2,"minecraft:oak_stairs":44,"minecraft:brick_stairs":28,"minecraft:slime_block":493,"minecraft:smooth_sandstone":20,"minecraft:jungle_log":9,"minecraft:chicken_spawn_egg":1,"minecraft:smooth_quartz":3467,"minecraft:light_gray_wool":3283,"minecraft:tripwire_hook":7,"minecraft:purple_concrete":4,"minecraft:glowstone":44,"minecraft:lime_concrete":287,"minecraft:magenta_terracotta":119,"minecraft:magenta_wool":136,"minecraft:emerald_block":447,"minecraft:dark_oak_pressure_plate":23,"minecraft:iron_trapdoor":165,"minecraft:lime_stained_glass":14,"minecraft:salmon_spawn_egg":2,"minecraft:podzol":51,"minecraft:minecart":12,"minecraft:trapped_chest":9,"minecraft:stone_pressure_plate":43,"minecraft:acacia_planks":132,"minecraft:orange_terracotta":125,"minecraft:observer":37,"minecraft:pumpkin":25,"minecraft:water_bucket":1590,"minecraft:nether_brick_wall":1,"minecraft:tube_coral_block":2,"minecraft:sandstone_stairs":18,"minecraft:snow_block":2448,"minecraft:prismarine_brick_slab":937,"minecraft:birch_planks":6552,"minecraft:polished_andesite":6,"minecraft:lime_wool":1017,"minecraft:cartography_table":19,"minecraft:blue_wool":1466,"minecraft:red_mushroom_block":788,"minecraft:spruce_sign":19,"minecraft:cauldron":9,"minecraft:magenta_stained_glass":46,"minecraft:stonecutter":6,"minecraft:red_glazed_terracotta":260,"minecraft:cracked_stone_bricks":3,"minecraft:diamond_block":31,"minecraft:rail":112,"minecraft:orange_carpet":173,"minecraft:lime_terracotta":1096,"minecraft:comparator":200,"minecraft:oak_slab":721,"minecraft:dark_prismarine_slab":30,"minecraft:crafting_table":5,"minecraft:red_bed":1,"minecraft:birch_sign":506,"minecraft:campfire":31,"minecraft:dark_oak_fence_gate":34,"minecraft:painting":127,"minecraft:brown_glazed_terracotta":23,"minecraft:magenta_carpet":34,"minecraft:cake":7,"minecraft:spruce_log":13,"minecraft:dark_oak_door":22,"minecraft:mushroom_stem":4321,"minecraft:oak_log":9,"minecraft:purple_stained_glass":163,"minecraft:piston":31,"minecraft:blue_stained_glass_pane":13,"minecraft:gray_terracotta":6003,"minecraft:dark_prismarine":392,"minecraft:flower_pot":1,"minecraft:black_wool":18213,"minecraft:acacia_stairs":13,"minecraft:activator_rail":7,"minecraft:acacia_sign":682,"minecraft:command_block":384,"minecraft:oak_button":7,"minecraft:map":27,"minecraft:spruce_pressure_plate":9,"minecraft:detector_rail":28,"minecraft:spruce_trapdoor":248,"minecraft:yellow_wool":753,"minecraft:blue_carpet":16,"minecraft:pink_bed":1,"minecraft:potion":4,"minecraft:acacia_pressure_plate":9,"minecraft:red_concrete_powder":2,"minecraft:white_banner":1,"minecraft:bucket":3,"minecraft:jungle_door":7,"minecraft:lapis_block":13869,"minecraft:chain_command_block":590,"minecraft:glass_pane":47,"minecraft:repeating_command_block":325,"minecraft:kelp":491,"minecraft:sea_pickle":48,"minecraft:stripped_oak_log":12,"minecraft:splash_potion":28,"minecraft:birch_stairs":12,"minecraft:purple_carpet":19,"minecraft:gray_wool":2375,"minecraft:smooth_stone":1288,"minecraft:brown_mushroom_block":8,"minecraft:jukebox":1,"minecraft:green_stained_glass":167},"minecraft:crafted":{"minecraft:shield":1,"minecraft:leather_chestplate":1,"minecraft:leather_leggings":1,"minecraft:leather_boots":1,"minecraft:firework_star":36,"minecraft:firework_rocket":72},"minecraft:mined":{"minecraft:pink_bed":1,"minecraft:red_bed":1,"minecraft:slime_block":1,"minecraft:black_bed":1,"minecraft:oak_leaves":11,"minecraft:lime_wool":1,"minecraft:campfire":1,"minecraft:blue_bed":2},"minecraft:picked_up":{"minecraft:creeper_head":256,"minecraft:redstone_block":1,"minecraft:iron_trapdoor":1,"minecraft:yellow_wool":3,"minecraft:magenta_carpet":1,"minecraft:diamond_sword":27,"minecraft:oak_stairs":1,"minecraft:potion":1,"minecraft:birch_button":3,"minecraft:golden_sword":19,"minecraft:string":3,"minecraft:smooth_stone_slab":2,"minecraft:oak_sign":19,"minecraft:sea_pickle":1,"minecraft:activator_rail":1,"minecraft:gold_nugget":256,"minecraft:comparator":10,"minecraft:bucket":4,"minecraft:light_weighted_pressure_plate":1,"minecraft:spruce_planks":1,"minecraft:acacia_sign":259,"minecraft:red_dye":256,"minecraft:ender_eye":1,"minecraft:redstone_torch":96,"minecraft:written_book":2,"minecraft:wooden_shovel":1,"minecraft:smooth_quartz":2,"minecraft:coal_block":1,"minecraft:blue_wool":3,"minecraft:dark_oak_door":17,"minecraft:tipped_arrow":50,"minecraft:spruce_pressure_plate":1,"minecraft:torch":29,"minecraft:snow_block":4,"minecraft:blue_stained_glass":1,"minecraft:cactus":2,"minecraft:rotten_flesh":15,"minecraft:command_block":5,"minecraft:light_blue_wool":1,"minecraft:red_tulip":51,"minecraft:blue_dye":317,"minecraft:end_rod":1,"minecraft:green_wool":5,"minecraft:white_terracotta":1,"minecraft:iron_bars":2,"minecraft:snowball":3,"minecraft:feather":256,"minecraft:repeater":22,"minecraft:iron_door":3,"minecraft:orange_carpet":1,"minecraft:brown_wool":38,"minecraft:gray_concrete":3,"minecraft:map":514,"minecraft:dirt":9,"minecraft:stripped_birch_log":1,"minecraft:polished_granite":1,"minecraft:wheat_seeds":28,"minecraft:light_blue_dye":259,"minecraft:grindstone":64,"minecraft:dark_oak_sign":54,"minecraft:glowstone_dust":320,"minecraft:powered_rail":2,"minecraft:sand":72,"minecraft:jungle_planks":3,"minecraft:dropper":2,"minecraft:grass_block":4,"minecraft:orange_wool":1,"minecraft:blue_terracotta":1,"minecraft:diamond":256,"minecraft:slime_block":2,"minecraft:spruce_boat":2,"minecraft:lever":26,"minecraft:writable_book":6,"minecraft:white_concrete":1,"minecraft:cyan_dye":275,"minecraft:light_gray_carpet":6,"minecraft:oak_leaves":11,"minecraft:end_stone_bricks":2,"minecraft:charcoal":2,"minecraft:crafting_table":2,"minecraft:firework_star":196,"minecraft:ladder":24,"minecraft:chest_minecart":2,"minecraft:redstone_lamp":7,"minecraft:pink_wool":1,"minecraft:gold_block":1,"minecraft:purpur_block":3,"minecraft:shield":1,"minecraft:heavy_weighted_pressure_plate":3,"minecraft:elytra":15,"minecraft:white_carpet":7,"minecraft:quartz_slab":1,"minecraft:item_frame":43,"minecraft:detector_rail":2,"minecraft:observer":2,"minecraft:lectern":1,"minecraft:minecart":8,"minecraft:chest":7,"minecraft:quartz_stairs":1,"minecraft:spruce_trapdoor":3,"minecraft:egg":5,"minecraft:lime_wool":2,"minecraft:orange_dye":259,"minecraft:end_stone":2,"minecraft:fire_charge":256,"minecraft:white_dye":256,"minecraft:stone_button":20,"minecraft:brown_concrete_powder":1,"minecraft:redstone":216,"minecraft:mushroom_stem":1,"minecraft:prismarine_crystals":7,"minecraft:stone_pressure_plate":4,"minecraft:dark_oak_planks":1,"minecraft:repeating_command_block":1,"minecraft:pink_tulip":32,"minecraft:yellow_terracotta":1,"minecraft:mutton":2,"minecraft:white_wool":2,"minecraft:rail":129,"minecraft:purple_dye":256,"minecraft:dark_oak_button":4,"minecraft:yellow_dye":256,"minecraft:filled_map":37,"minecraft:birch_planks":15,"minecraft:jungle_button":1,"minecraft:gunpowder":256,"minecraft:paper":896,"minecraft:birch_pressure_plate":1,"minecraft:podzol":1,"minecraft:gray_carpet":2,"minecraft:apple":1,"minecraft:stone_bricks":7,"minecraft:stripped_oak_wood":1,"minecraft:green_dye":293,"minecraft:oak_slab":2,"minecraft:chain_command_block":9,"minecraft:white_stained_glass_pane":1,"minecraft:chiseled_stone_bricks":10,"minecraft:stone_brick_slab":30,"minecraft:dandelion":7,"minecraft:lava_bucket":1,"minecraft:spruce_door":1,"minecraft:sea_lantern":2,"minecraft:leather_helmet":1,"minecraft:firework_rocket":4212,"minecraft:lime_dye":274,"minecraft:iron_helmet":2,"minecraft:painting":6,"minecraft:birch_sign":20,"minecraft:red_concrete":70,"minecraft:oak_button":6,"minecraft:end_stone_brick_slab":1,"minecraft:black_wool":85,"minecraft:pink_dye":275,"minecraft:hopper":3,"minecraft:ender_pearl":32},"minecraft:killed_by":{"minecraft:zombie":1},"minecraft:custom":{"minecraft:interact_with_crafting_table":26,"minecraft:open_barrel":3,"minecraft:open_shulker_box":41,"minecraft:eat_cake_slice":8,"minecraft:leave_game":203,"minecraft:time_since_death":221666,"minecraft:sprint_one_cm":3431780,"minecraft:drop":93,"minecraft:deaths":8,"minecraft:jump":10331,"minecraft:interact_with_brewingstand":1,"minecraft:walk_on_water_one_cm":196013,"minecraft:interact_with_cartography_table":18,"minecraft:play_one_minute":25964518,"minecraft:interact_with_loom":7,"minecraft:open_enderchest":3,"minecraft:damage_dealt":1961,"minecraft:crouch_one_cm":133174,"minecraft:inspect_dispenser":108,"minecraft:inspect_dropper":382,"minecraft:mob_kills":37,"minecraft:interact_with_anvil":33,"minecraft:inspect_hopper":480,"minecraft:fill_cauldron":5,"minecraft:climb_one_cm":59726,"minecraft:walk_one_cm":12496277,"minecraft:sneak_time":544853,"minecraft:walk_under_water_one_cm":461442,"minecraft:boat_one_cm":57014,"minecraft:interact_with_lectern":21,"minecraft:tune_noteblock":147,"minecraft:interact_with_grindstone":4,"minecraft:interact_with_stonecutter":1,"minecraft:time_since_rest":221751,"minecraft:damage_taken":2345,"minecraft:trigger_trapped_chest":23,"minecraft:minecart_one_cm":454847,"minecraft:swim_one_cm":6855,"minecraft:fly_one_cm":88945699,"minecraft:open_chest":296,"minecraft:aviate_one_cm":2017814,"minecraft:fall_one_cm":77242}},"DataVersion":2230}