{"stats":{"minecraft:dropped":{"minecraft:nether_brick_stairs":1,"minecraft:gold_ore":12,"minecraft:clay":3,"minecraft:acacia_wood":3,"minecraft:soul_sand":7,"minecraft:piston":4,"minecraft:birch_planks":37,"minecraft:orange_dye":51,"minecraft:oak_pressure_plate":17,"minecraft:oak_log":1,"minecraft:loom":6,"minecraft:emerald_ore":1,"minecraft:crafting_table":3,"minecraft:lime_stained_glass":1,"minecraft:red_sandstone":1,"minecraft:stripped_birch_wood":5,"minecraft:orange_tulip":1,"minecraft:lime_terracotta":2,"minecraft:lantern":64,"minecraft:jungle_planks":5,"minecraft:mossy_stone_brick_stairs":1,"minecraft:red_wool":17,"minecraft:cracked_stone_bricks":1,"minecraft:quartz_pillar":2,"minecraft:bedrock":7,"minecraft:brown_banner":28,"minecraft:black_banner":1,"minecraft:leather_helmet":5,"minecraft:gold_block":9,"minecraft:cyan_terracotta":5,"minecraft:dirt":4,"minecraft:gray_concrete":2,"minecraft:dark_oak_log":6,"minecraft:orange_carpet":2,"minecraft:packed_ice":3,"minecraft:ice":2,"minecraft:stone_button":18,"minecraft:dispenser":7,"minecraft:yellow_dye":188,"minecraft:dark_oak_wood":7,"minecraft:cut_sandstone":3,"minecraft:stripped_dark_oak_wood":5,"minecraft:snowball":551,"minecraft:bone_block":1,"minecraft:sand":14,"minecraft:sugar":192,"minecraft:purple_wool":2,"minecraft:stripped_oak_wood":1,"minecraft:dark_oak_planks":8,"minecraft:birch_log":1,"minecraft:pink_glazed_terracotta":1,"minecraft:white_wool":26,"minecraft:birch_stairs":14,"minecraft:brown_mushroom_block":2,"minecraft:armor_stand":2,"minecraft:green_wool":10,"minecraft:honeycomb_block":3,"minecraft:pink_concrete":3,"minecraft:gravel":5,"minecraft:dark_oak_door":6,"minecraft:pink_terracotta":5,"minecraft:lever":7,"minecraft:cooked_chicken":317,"minecraft:infested_chiseled_stone_bricks":1,"minecraft:stripped_jungle_wood":3,"minecraft:pink_dye":59,"minecraft:yellow_wool":47,"minecraft:blue_wool":41,"minecraft:obsidian":4,"minecraft:lime_wool":34,"minecraft:stripped_dark_oak_log":5,"minecraft:oak_planks":46,"minecraft:birch_wood":4,"minecraft:lime_dye":58,"minecraft:end_stone":4,"minecraft:yellow_stained_glass":1,"minecraft:cooked_mutton":61,"minecraft:stone_stairs":1,"minecraft:honey_bottle":95,"minecraft:azure_bluet":1,"minecraft:white_bed":2,"minecraft:mycelium":2,"minecraft:orange_stained_glass":2,"minecraft:chiseled_stone_bricks":1,"minecraft:sea_lantern":14,"minecraft:trident":1,"minecraft:coal_ore":6,"minecraft:oak_wood":8,"minecraft:dropper":3,"minecraft:jungle_stairs":1,"minecraft:quartz_block":7,"minecraft:honey_block":2,"minecraft:glowstone":6,"minecraft:hopper":2,"minecraft:chest":7,"minecraft:ladder":5,"minecraft:spruce_wood":1,"minecraft:yellow_banner":38,"minecraft:purple_concrete_powder":1,"minecraft:spruce_slab":2,"minecraft:white_dye":126,"minecraft:iron_ore":10,"minecraft:red_nether_bricks":13,"minecraft:end_stone_bricks":3,"minecraft:glass":9,"minecraft:white_concrete_powder":4,"minecraft:stone_brick_stairs":1,"minecraft:light_gray_concrete_powder":4,"minecraft:magenta_wool":4,"minecraft:netherrack":2,"minecraft:green_stained_glass":1,"minecraft:lectern":1,"minecraft:brown_concrete":3,"minecraft:egg":7,"minecraft:firework_rocket":1,"minecraft:water_bucket":8,"minecraft:purple_terracotta":4,"minecraft:stripped_spruce_log":3,"minecraft:black_dye":57,"minecraft:birch_leaves":4,"minecraft:mossy_cobblestone":2,"minecraft:bookshelf":2,"minecraft:yellow_concrete":12,"minecraft:horn_coral_block":4,"minecraft:oak_fence":7,"minecraft:yellow_terracotta":12,"minecraft:feather":1,"minecraft:cobblestone":9,"minecraft:book":64,"minecraft:purple_concrete":3,"minecraft:observer":3,"minecraft:granite":1,"minecraft:stripped_jungle_log":1,"minecraft:spruce_door":11,"minecraft:spruce_stairs":4,"minecraft:acacia_log":1,"minecraft:grass_block":9,"minecraft:yellow_carpet":134,"minecraft:coal_block":1,"minecraft:lime_banner":1,"minecraft:polished_andesite":4,"minecraft:end_rod":2,"minecraft:acacia_sign":1,"minecraft:oxeye_daisy":3,"minecraft:lava_bucket":3,"minecraft:iron_block":6,"minecraft:gray_wool":13,"minecraft:smooth_red_sandstone":5,"minecraft:milk_bucket":1,"minecraft:diorite":3,"minecraft:sponge":4,"minecraft:torch":17,"minecraft:repeater":5,"minecraft:light_blue_wool":3,"minecraft:nether_wart_block":6,"minecraft:brown_wool":10,"minecraft:white_concrete":28,"minecraft:smooth_quartz":11,"minecraft:yellow_glazed_terracotta":1,"minecraft:lime_carpet":11,"minecraft:jungle_door":3,"minecraft:iron_door":2,"minecraft:lapis_ore":4,"minecraft:diamond_helmet":1,"minecraft:brown_terracotta":5,"minecraft:stripped_birch_log":4,"minecraft:oak_stairs":5,"minecraft:polished_andesite_stairs":1,"minecraft:pumpkin":1,"minecraft:magenta_glazed_terracotta":3,"minecraft:orange_concrete_powder":1,"minecraft:white_banner":44,"minecraft:red_dye":67,"minecraft:string":2,"minecraft:smooth_sandstone":15,"minecraft:trapped_chest":2,"minecraft:tripwire_hook":1,"minecraft:lily_pad":3,"minecraft:blue_carpet":3,"minecraft:bucket":6,"minecraft:acacia_planks":10,"minecraft:lapis_block":10,"minecraft:chiseled_sandstone":5,"minecraft:redstone":30,"minecraft:snow_block":8,"minecraft:polished_diorite":7,"minecraft:red_concrete":1,"minecraft:yellow_concrete_powder":2,"minecraft:bricks":8,"minecraft:blue_terracotta":4,"minecraft:anvil":5,"minecraft:kelp":21,"minecraft:redstone_ore":8,"minecraft:brown_dye":52,"minecraft:green_terracotta":1,"minecraft:chiseled_quartz_block":7,"minecraft:dark_oak_sign":2,"minecraft:cocoa_beans":65,"minecraft:lime_concrete":1,"minecraft:light_gray_terracotta":11,"minecraft:jukebox":10,"minecraft:sticky_piston":3,"minecraft:grass_path":1,"minecraft:red_banner":1,"minecraft:chicken":1,"minecraft:light_gray_wool":8,"minecraft:blue_concrete":4,"minecraft:stripped_oak_log":2,"minecraft:stone_slab":1,"minecraft:light_gray_concrete":5,"minecraft:stripped_acacia_wood":7,"minecraft:white_terracotta":10,"minecraft:magenta_concrete":14,"minecraft:diamond_ore":10,"minecraft:orange_wool":16,"minecraft:nether_bricks":8,"minecraft:spruce_fence":1,"minecraft:oak_sign":7,"minecraft:acacia_leaves":1,"minecraft:red_terracotta":5,"minecraft:light_blue_dye":60,"minecraft:snow":1,"minecraft:hay_block":1,"minecraft:cyan_wool":5,"minecraft:stone":2,"minecraft:gray_terracotta":5,"minecraft:black_concrete_powder":1,"minecraft:allium":1,"minecraft:orange_terracotta":6,"minecraft:spruce_planks":24,"minecraft:andesite":4,"minecraft:blue_banner":2,"minecraft:pink_wool":15,"minecraft:blue_ice":2,"minecraft:andesite_stairs":1,"minecraft:redstone_torch":14,"minecraft:birch_sign":39,"minecraft:stone_bricks":6,"minecraft:gray_concrete_powder":1,"minecraft:stripped_acacia_log":8,"minecraft:slime_ball":1,"minecraft:sandstone":1,"minecraft:red_sand":3,"minecraft:red_tulip":2,"minecraft:nether_quartz_ore":9,"minecraft:brown_stained_glass":1,"minecraft:light_blue_terracotta":5,"minecraft:white_stained_glass":7,"minecraft:black_wool":15,"minecraft:magenta_terracotta":9,"minecraft:terracotta":5},"minecraft:killed":{"minecraft:chicken":3},"minecraft:used":{"minecraft:writable_book":15,"minecraft:blue_terracotta":1408,"minecraft:red_sand":5,"minecraft:dispenser":12,"minecraft:spruce_slab":20,"minecraft:ladder":71,"minecraft:oak_sign":9,"minecraft:white_concrete_powder":162,"minecraft:chest":15,"minecraft:white_terracotta":1412,"minecraft:stone":21,"minecraft:brown_concrete":11,"minecraft:stripped_jungle_wood":468,"minecraft:red_nether_brick_stairs":7,"minecraft:green_terracotta":1,"minecraft:soul_sand":79,"minecraft:jungle_planks":594,"minecraft:orange_wool":1301,"minecraft:nether_bricks":155,"minecraft:allium":13,"minecraft:pink_terracotta":2501,"minecraft:cyan_wool":100,"minecraft:snowball":253,"minecraft:stripped_spruce_log":1,"minecraft:obsidian":1020,"minecraft:glass":1024,"minecraft:packed_ice":7,"minecraft:stripped_dark_oak_wood":142,"minecraft:honey_block":2,"minecraft:cyan_terracotta":106,"minecraft:coal_ore":52,"minecraft:bricks":14,"minecraft:spruce_wood":1,"minecraft:red_wool":1485,"minecraft:grass_block":1008,"minecraft:quartz_block":487,"minecraft:polished_andesite_stairs":400,"minecraft:green_wool":911,"minecraft:dark_oak_wood":62,"minecraft:gray_concrete_powder":1,"minecraft:pink_wool":82,"minecraft:stone_brick_stairs":1,"minecraft:stone_bricks":97,"minecraft:blue_banner":2,"minecraft:bedrock":70,"minecraft:birch_button":13,"minecraft:repeater":61,"minecraft:honeycomb_block":8,"minecraft:snow":3,"minecraft:hay_block":7,"minecraft:written_book":12,"minecraft:yellow_glazed_terracotta":3,"minecraft:gold_block":793,"minecraft:egg":5,"minecraft:emerald_ore":1,"minecraft:spruce_door":34,"minecraft:diorite":8,"minecraft:end_rod":19,"minecraft:end_stone_bricks":2781,"minecraft:dropper":15,"minecraft:stripped_acacia_log":98,"minecraft:stripped_birch_log":103,"minecraft:birch_leaves":312,"minecraft:dark_oak_sign":2,"minecraft:birch_wood":144,"minecraft:oak_planks":5449,"minecraft:lily_pad":51,"minecraft:orange_tulip":14,"minecraft:mossy_stone_brick_stairs":1,"minecraft:sandstone":5,"minecraft:clay":73,"minecraft:white_wool":16489,"minecraft:sand":21,"minecraft:yellow_terracotta":188,"minecraft:infested_chiseled_stone_bricks":1,"minecraft:yellow_concrete":308,"minecraft:acacia_leaves":179,"minecraft:loom":7,"minecraft:light_blue_wool":33,"minecraft:black_banner":6,"minecraft:smooth_red_sandstone":110,"minecraft:light_gray_terracotta":2802,"minecraft:blue_ice":46,"minecraft:sponge":3,"minecraft:purple_terracotta":77,"minecraft:chiseled_quartz_block":23,"minecraft:gray_concrete":4,"minecraft:black_concrete_powder":5,"minecraft:end_stone":32,"minecraft:purple_concrete_powder":115,"minecraft:redstone_torch":37,"minecraft:sticky_piston":14,"minecraft:black_terracotta":20,"minecraft:lever":25,"minecraft:red_sandstone":2,"minecraft:chiseled_sandstone":306,"minecraft:acacia_door":2,"minecraft:lime_carpet":44,"minecraft:dark_oak_log":27,"minecraft:light_gray_concrete":75,"minecraft:red_terracotta":187,"minecraft:oak_pressure_plate":34,"minecraft:brown_stained_glass":1,"minecraft:stone_button":24,"minecraft:string":8,"minecraft:brown_wool":74,"minecraft:lectern":1,"minecraft:gravel":16,"minecraft:iron_door":10,"minecraft:diamond_ore":76,"minecraft:coal_block":181,"minecraft:nether_wart_block":93,"minecraft:stripped_oak_wood":601,"minecraft:andesite":124,"minecraft:white_stained_glass":165,"minecraft:birch_log":8,"minecraft:ice":2,"minecraft:white_concrete":4135,"minecraft:purple_wool":215,"minecraft:oak_fence":192,"minecraft:stripped_acacia_wood":144,"minecraft:orange_concrete_powder":1,"minecraft:acacia_log":4,"minecraft:red_concrete":5,"minecraft:redstone_ore":16,"minecraft:armor_stand":4,"minecraft:redstone":390,"minecraft:mycelium":4,"minecraft:light_blue_terracotta":11,"minecraft:spruce_planks":2251,"minecraft:stripped_birch_wood":654,"minecraft:netherrack":2,"minecraft:torch":131,"minecraft:orange_stained_glass":112,"minecraft:dirt":62,"minecraft:anvil":7,"minecraft:hopper":11,"minecraft:nether_quartz_ore":63,"minecraft:spruce_stairs":340,"minecraft:yellow_carpet":3316,"minecraft:stone_stairs":1,"minecraft:bee_nest":2,"minecraft:oak_wood":24,"minecraft:spruce_fence":10,"minecraft:granite":2,"minecraft:blue_concrete":629,"minecraft:nether_brick_stairs":165,"minecraft:polished_diorite":31,"minecraft:brown_terracotta":141,"minecraft:dark_oak_planks":19,"minecraft:sea_lantern":128,"minecraft:red_tulip":12,"minecraft:yellow_stained_glass":1,"minecraft:iron_block":106,"minecraft:oak_stairs":144,"minecraft:smooth_sandstone":1720,"minecraft:smooth_quartz":539,"minecraft:yellow_concrete_powder":26,"minecraft:light_gray_wool":86,"minecraft:tripwire_hook":2,"minecraft:purple_concrete":364,"minecraft:glowstone":13,"minecraft:lime_concrete":21,"minecraft:magenta_wool":55,"minecraft:magenta_terracotta":11,"minecraft:lime_stained_glass":99,"minecraft:horn_coral_block":3,"minecraft:trapped_chest":1,"minecraft:acacia_wood":7,"minecraft:acacia_planks":82,"minecraft:orange_terracotta":17,"minecraft:pumpkin":1,"minecraft:water_bucket":5777,"minecraft:yellow_banner":17,"minecraft:iron_ore":33,"minecraft:pink_glazed_terracotta":9,"minecraft:snow_block":9214,"minecraft:birch_planks":18669,"minecraft:blue_wool":12441,"minecraft:polished_andesite":96,"minecraft:lime_wool":1966,"minecraft:red_nether_bricks":475,"minecraft:cut_sandstone":586,"minecraft:gold_ore":93,"minecraft:cracked_stone_bricks":2,"minecraft:pink_concrete":7,"minecraft:jungle_wood":8,"minecraft:mossy_cobblestone":63,"minecraft:vine":64,"minecraft:orange_carpet":21,"minecraft:lime_terracotta":2,"minecraft:stripped_dark_oak_log":93,"minecraft:terracotta":36,"minecraft:crafting_table":1,"minecraft:brown_banner":63,"minecraft:birch_sign":103,"minecraft:light_gray_concrete_powder":14,"minecraft:dark_oak_door":4,"minecraft:oak_log":1,"minecraft:gray_terracotta":48,"minecraft:piston":14,"minecraft:oxeye_daisy":15,"minecraft:black_wool":1537,"minecraft:stripped_jungle_log":1,"minecraft:lapis_ore":23,"minecraft:stone_slab":2,"minecraft:jungle_stairs":2,"minecraft:magenta_concrete":159,"minecraft:yellow_wool":3386,"minecraft:chiseled_stone_bricks":7,"minecraft:blue_carpet":4,"minecraft:cobblestone":11,"minecraft:white_banner":39,"minecraft:andesite_stairs":1,"minecraft:jungle_door":2,"minecraft:bucket":92,"minecraft:lapis_block":7,"minecraft:grass_path":2,"minecraft:magenta_glazed_terracotta":5,"minecraft:kelp":187,"minecraft:stripped_oak_log":2,"minecraft:gray_wool":1008,"minecraft:brown_mushroom_block":50,"minecraft:jukebox":22,"minecraft:birch_stairs":909,"minecraft:green_stained_glass":9},"minecraft:crafted":{"minecraft:leather_helmet":3},"minecraft:picked_up":{"minecraft:anvil":2,"minecraft:yellow_wool":25,"minecraft:oak_stairs":1,"minecraft:birch_button":4,"minecraft:lapis_block":5,"minecraft:string":1,"minecraft:red_nether_bricks":4,"minecraft:armor_stand":1,"minecraft:sticky_piston":1,"minecraft:oak_sign":3,"minecraft:red_sand":1,"minecraft:comparator":1,"minecraft:bucket":3,"minecraft:spruce_planks":15,"minecraft:horn_coral_block":3,"minecraft:acacia_sign":1,"minecraft:red_dye":66,"minecraft:redstone_torch":18,"minecraft:smooth_quartz":5,"minecraft:dark_oak_door":3,"minecraft:blue_wool":17,"minecraft:diamond_ore":1,"minecraft:jungle_door":3,"minecraft:jukebox":1,"minecraft:brown_terracotta":1,"minecraft:oak_fence":5,"minecraft:torch":12,"minecraft:spruce_stairs":1,"minecraft:snow_block":1,"minecraft:honeycomb_block":2,"minecraft:diorite":1,"minecraft:yellow_concrete_powder":1,"minecraft:pink_terracotta":3,"minecraft:black_dye":57,"minecraft:yellow_banner":20,"minecraft:quartz_block":3,"minecraft:lime_carpet":9,"minecraft:honey_bottle":154,"minecraft:iron_block":3,"minecraft:red_tulip":2,"minecraft:cyan_terracotta":2,"minecraft:green_wool":6,"minecraft:bookshelf":2,"minecraft:end_rod":1,"minecraft:white_terracotta":5,"minecraft:stripped_birch_wood":2,"minecraft:obsidian":65,"minecraft:snowball":988,"minecraft:cobblestone":1,"minecraft:feather":1,"minecraft:repeater":3,"minecraft:iron_door":2,"minecraft:water_bucket":14,"minecraft:andesite":4,"minecraft:orange_carpet":2,"minecraft:brown_wool":5,"minecraft:acacia_leaves":1,"minecraft:jungle_wood":1,"minecraft:magenta_dye":64,"minecraft:purple_stained_glass":1,"minecraft:gray_concrete":1,"minecraft:dirt":1,"minecraft:stripped_birch_log":2,"minecraft:lantern":64,"minecraft:light_gray_concrete_powder":4,"minecraft:gray_concrete_powder":1,"minecraft:glass":9,"minecraft:acacia_planks":8,"minecraft:gray_terracotta":1,"minecraft:light_blue_dye":60,"minecraft:dark_oak_sign":1,"minecraft:oak_planks":29,"minecraft:black_terracotta":1,"minecraft:stripped_acacia_wood":3,"minecraft:oak_pressure_plate":17,"minecraft:dropper":1,"minecraft:sand":13,"minecraft:jungle_planks":3,"minecraft:stripped_spruce_log":3,"minecraft:brown_mushroom_block":1,"minecraft:grass_block":4,"minecraft:loom":6,"minecraft:trapped_chest":2,"minecraft:dark_oak_log":1,"minecraft:chiseled_sandstone":3,"minecraft:red_terracotta":2,"minecraft:orange_wool":6,"minecraft:light_gray_terracotta":7,"minecraft:stripped_acacia_log":4,"minecraft:polished_andesite":3,"minecraft:clay":1,"minecraft:blue_terracotta":1,"minecraft:dispenser":4,"minecraft:sugar":322,"minecraft:yellow_carpet":125,"minecraft:lever":9,"minecraft:blue_ice":1,"minecraft:granite":1,"minecraft:white_concrete":9,"minecraft:blue_banner":2,"minecraft:netherrack":1,"minecraft:bricks":2,"minecraft:end_stone_bricks":2,"minecraft:magenta_glazed_terracotta":3,"minecraft:crafting_table":3,"minecraft:chicken":1,"minecraft:ladder":2,"minecraft:pink_wool":2,"minecraft:gold_block":5,"minecraft:snow":1,"minecraft:white_stained_glass":4,"minecraft:mycelium":1,"minecraft:magenta_wool":2,"minecraft:cyan_wool":2,"minecraft:observer":3,"minecraft:light_gray_wool":1,"minecraft:chest":2,"minecraft:piston":2,"minecraft:egg":5,"minecraft:lime_wool":16,"minecraft:orange_dye":51,"minecraft:end_stone":2,"minecraft:white_dye":124,"minecraft:stone_button":17,"minecraft:quartz_pillar":2,"minecraft:trident":9,"minecraft:redstone":44,"minecraft:brown_dye":59,"minecraft:blue_carpet":2,"minecraft:purple_terracotta":1,"minecraft:dark_oak_planks":1,"minecraft:nether_bricks":3,"minecraft:yellow_terracotta":2,"minecraft:black_banner":1,"minecraft:white_wool":13,"minecraft:oxeye_daisy":202,"minecraft:lapis_ore":1,"minecraft:birch_leaves":2,"minecraft:smooth_red_sandstone":1,"minecraft:tripwire_hook":2,"minecraft:yellow_dye":249,"minecraft:acacia_wood":2,"minecraft:birch_planks":17,"minecraft:bedrock":5,"minecraft:yellow_glazed_terracotta":1,"minecraft:lily_pad":1,"minecraft:nether_wart_block":4,"minecraft:white_banner":26,"minecraft:orange_terracotta":1,"minecraft:cooked_mutton":190,"minecraft:smooth_sandstone":5,"minecraft:kelp":40,"minecraft:iron_ore":1,"minecraft:cooked_chicken":383,"minecraft:soul_sand":3,"minecraft:book":195,"minecraft:nether_quartz_ore":1,"minecraft:milk_bucket":9,"minecraft:yellow_concrete":6,"minecraft:red_wool":7,"minecraft:lime_concrete":1,"minecraft:gravel":1,"minecraft:lava_bucket":2,"minecraft:birch_stairs":4,"minecraft:green_stained_glass":1,"minecraft:red_banner":1,"minecraft:white_bed":1,"minecraft:gold_ore":1,"minecraft:sea_lantern":5,"minecraft:spruce_door":6,"minecraft:leather_helmet":4,"minecraft:stripped_jungle_log":1,"minecraft:oak_wood":3,"minecraft:firework_rocket":1,"minecraft:lime_dye":58,"minecraft:coal_ore":1,"minecraft:white_concrete_powder":3,"minecraft:polished_diorite":1,"minecraft:honey_block":1,"minecraft:stripped_jungle_wood":1,"minecraft:redstone_ore":1,"minecraft:birch_sign":31,"minecraft:gray_wool":5,"minecraft:terracotta":2,"minecraft:brown_banner":10,"minecraft:stripped_dark_oak_log":2,"minecraft:black_wool":6,"minecraft:magenta_concrete":10,"minecraft:dark_oak_wood":2,"minecraft:pink_dye":59,"minecraft:hopper":1},"minecraft:custom":{"minecraft:interact_with_crafting_table":3,"minecraft:open_shulker_box":3,"minecraft:leave_game":128,"minecraft:time_since_death":13117471,"minecraft:sprint_one_cm":5091469,"minecraft:drop":1348,"minecraft:jump":20866,"minecraft:walk_on_water_one_cm":385233,"minecraft:play_one_minute":13117471,"minecraft:interact_with_loom":67,"minecraft:damage_dealt":180,"minecraft:crouch_one_cm":548,"minecraft:inspect_dispenser":76,"minecraft:inspect_dropper":48,"minecraft:interact_with_anvil":17,"minecraft:mob_kills":3,"minecraft:inspect_hopper":1,"minecraft:climb_one_cm":138664,"minecraft:walk_one_cm":13881023,"minecraft:sneak_time":2401,"minecraft:walk_under_water_one_cm":2512276,"minecraft:interact_with_lectern":7,"minecraft:time_since_rest":13117471,"minecraft:trigger_trapped_chest":7,"minecraft:swim_one_cm":2234,"minecraft:fly_one_cm":70229507,"minecraft:open_chest":147}},"DataVersion":2230}