{"stats":{"minecraft:custom":{"minecraft:interact_with_crafting_table":18,"minecraft:leave_game":220,"minecraft:time_since_death":12645652,"minecraft:deaths":1,"minecraft:jump":10727,"minecraft:interact_with_furnace":1,"minecraft:damage_dealt":470,"minecraft:inspect_dispenser":30,"minecraft:inspect_dropper":6,"minecraft:interact_with_anvil":6,"minecraft:sneak_time":299276,"minecraft:interact_with_lectern":2,"minecraft:time_since_rest":12645705,"minecraft:swim_one_cm":539,"minecraft:fly_one_cm":65011126,"minecraft:open_chest":30,"minecraft:open_shulker_box":8,"minecraft:sprint_one_cm":156481,"minecraft:drop":2119,"minecraft:walk_on_water_one_cm":92583,"minecraft:play_one_minute":14335316,"minecraft:interact_with_loom":159,"minecraft:crouch_one_cm":580305,"minecraft:mob_kills":10,"minecraft:climb_one_cm":81695,"minecraft:walk_one_cm":6249101,"minecraft:walk_under_water_one_cm":509183,"minecraft:boat_one_cm":297012,"minecraft:damage_taken":240,"minecraft:trigger_trapped_chest":6,"minecraft:minecart_one_cm":99617},"minecraft:dropped":{"minecraft:clay":66,"minecraft:oak_pressure_plate":2,"minecraft:crafting_table":5,"minecraft:lime_concrete_powder":1,"minecraft:orange_tulip":5,"minecraft:quartz_pillar":11,"minecraft:brown_banner":4283,"minecraft:item_frame":23,"minecraft:light_weighted_pressure_plate":64,"minecraft:gold_block":13,"minecraft:dirt":8,"minecraft:gray_concrete":2,"minecraft:stone_button":2,"minecraft:yellow_dye":2817,"minecraft:dark_oak_trapdoor":2,"minecraft:stripped_dark_oak_wood":3,"minecraft:bone_meal":192,"minecraft:bone_block":2,"minecraft:sand":4,"minecraft:purple_wool":13,"minecraft:dark_oak_planks":1,"minecraft:white_wool":258,"minecraft:birch_stairs":2,"minecraft:tropical_fish_bucket":1,"minecraft:green_wool":14,"minecraft:oak_door":65,"minecraft:pink_concrete":5,"minecraft:dark_oak_door":64,"minecraft:compass":3,"minecraft:emerald_block":2,"minecraft:diamond_block":2,"minecraft:cooked_chicken":127,"minecraft:pink_dye":960,"minecraft:obsidian":64,"minecraft:blue_wool":39,"minecraft:stripped_dark_oak_log":3,"minecraft:oak_planks":38,"minecraft:birch_wood":1,"minecraft:end_stone":3,"minecraft:lime_dye":896,"minecraft:green_banner":1,"minecraft:azure_bluet":1,"minecraft:blue_stained_glass":4,"minecraft:red_mushroom_block":1,"minecraft:sea_lantern":7,"minecraft:jungle_stairs":130,"minecraft:quartz_block":68,"minecraft:jungle_log":2,"minecraft:ladder":5,"minecraft:yellow_banner":2007,"minecraft:white_dye":768,"minecraft:spruce_slab":1,"minecraft:glass":3,"minecraft:podzol":1,"minecraft:stone_brick_stairs":65,"minecraft:white_glazed_terracotta":1,"minecraft:green_stained_glass":2,"minecraft:lectern":3,"minecraft:brown_concrete":4,"minecraft:egg":5,"minecraft:orange_shulker_box":3,"minecraft:black_dye":897,"minecraft:horn_coral_block":68,"minecraft:cobblestone":1,"minecraft:yellow_terracotta":10,"minecraft:barrier":2,"minecraft:dark_prismarine_slab":1,"minecraft:book":126,"minecraft:purple_concrete":65,"minecraft:command_block":1,"minecraft:stripped_jungle_log":2,"minecraft:yellow_carpet":21,"minecraft:polished_andesite":6,"minecraft:acacia_sign":5,"minecraft:oxeye_daisy":1,"minecraft:lava_bucket":1,"minecraft:cobweb":1,"minecraft:dark_oak_leaves":2,"minecraft:gray_wool":7,"minecraft:brown_concrete_powder":4,"minecraft:sponge":1,"minecraft:yellow_glazed_terracotta":66,"minecraft:lapis_ore":1,"minecraft:brown_terracotta":130,"minecraft:stripped_birch_log":8,"minecraft:oak_stairs":2,"minecraft:green_glazed_terracotta":1,"minecraft:white_banner":774,"minecraft:orange_concrete_powder":1,"minecraft:red_dye":256,"minecraft:paper":1,"minecraft:string":1,"minecraft:smooth_sandstone":72,"minecraft:trapped_chest":1,"minecraft:lily_pad":2,"minecraft:acacia_planks":3,"minecraft:snow_block":8,"minecraft:bricks":2,"minecraft:yellow_concrete_powder":1,"minecraft:creeper_head":192,"minecraft:green_terracotta":9,"minecraft:player_head":1,"minecraft:dark_oak_sign":1,"minecraft:cocoa_beans":192,"minecraft:smooth_stone_slab":64,"minecraft:orange_concrete":134,"minecraft:white_carpet":1,"minecraft:stone_slab":64,"minecraft:light_gray_concrete":193,"minecraft:white_terracotta":20,"minecraft:magenta_concrete":66,"minecraft:light_blue_concrete":75,"minecraft:orange_wool":38,"minecraft:nether_bricks":67,"minecraft:purple_stained_glass":5,"minecraft:lily_of_the_valley":4,"minecraft:light_blue_dye":2176,"minecraft:polished_granite_stairs":1,"minecraft:cyan_wool":16,"minecraft:stone":6,"minecraft:brain_coral_block":1,"minecraft:allium":2,"minecraft:spruce_trapdoor":1,"minecraft:spruce_planks":9,"minecraft:stone_pressure_plate":65,"minecraft:stone_bricks":1,"minecraft:birch_boat":2,"minecraft:red_sand":4,"minecraft:magenta_dye":192,"minecraft:red_tulip":64,"minecraft:green_concrete_powder":1,"minecraft:stripped_spruce_wood":1,"minecraft:red_sandstone_stairs":1,"minecraft:cyan_concrete_powder":4,"minecraft:black_wool":79,"minecraft:pink_concrete_powder":4,"minecraft:quartz_slab":1,"minecraft:terracotta":6,"minecraft:nether_brick_stairs":2,"minecraft:birch_planks":50,"minecraft:orange_dye":832,"minecraft:oak_log":6,"minecraft:loom":79,"minecraft:ender_pearl":2,"minecraft:tube_coral_block":1,"minecraft:stripped_birch_wood":21,"minecraft:lime_terracotta":8,"minecraft:lantern":64,"minecraft:jungle_planks":3,"minecraft:red_wool":15,"minecraft:bedrock":2,"minecraft:black_banner":146,"minecraft:cobblestone_stairs":1,"minecraft:spruce_leaves":2,"minecraft:cyan_terracotta":6,"minecraft:ice":2,"minecraft:dispenser":2,"minecraft:dark_oak_wood":2,"minecraft:cut_sandstone":1,"minecraft:snowball":132,"minecraft:jungle_sign":1,"minecraft:stripped_oak_wood":1,"minecraft:black_concrete":68,"minecraft:black_stained_glass":1,"minecraft:pink_glazed_terracotta":3,"minecraft:brown_mushroom_block":9,"minecraft:chorus_plant":64,"minecraft:gravel":1,"minecraft:pink_terracotta":9,"minecraft:purpur_block":3,"minecraft:stripped_jungle_wood":3,"minecraft:andesite_slab":2,"minecraft:yellow_wool":36,"minecraft:lime_wool":33,"minecraft:purple_banner":2,"minecraft:black_terracotta":69,"minecraft:infested_mossy_stone_bricks":1,"minecraft:beehive":64,"minecraft:honey_bottle":62,"minecraft:birch_fence_gate":1,"minecraft:mushroom_stem":4,"minecraft:cyan_banner":129,"minecraft:skeleton_skull":1,"minecraft:oak_wood":1,"minecraft:dropper":1,"minecraft:stone_brick_wall":1,"minecraft:chest":2,"minecraft:spruce_wood":1,"minecraft:iron_bars":1,"minecraft:cyan_concrete":5,"minecraft:powered_rail":1,"minecraft:prismarine_bricks":3,"minecraft:chain_command_block":1,"minecraft:white_concrete_powder":2,"minecraft:magenta_wool":72,"minecraft:oak_leaves":4,"minecraft:light_gray_concrete_powder":1,"minecraft:polished_granite":1,"minecraft:acacia_pressure_plate":1,"minecraft:firework_rocket":1,"minecraft:water_bucket":7,"minecraft:oak_slab":1,"minecraft:purple_terracotta":131,"minecraft:stripped_spruce_log":4,"minecraft:vine":1,"minecraft:mossy_cobblestone":2,"minecraft:bookshelf":1,"minecraft:yellow_concrete":12,"minecraft:cyan_dye":896,"minecraft:observer":1,"minecraft:activator_rail":2,"minecraft:light_blue_concrete_powder":4,"minecraft:acacia_log":2,"minecraft:grass_block":16,"minecraft:stick":1,"minecraft:iron_block":3,"minecraft:blue_dye":1909,"minecraft:diorite":2,"minecraft:smooth_red_sandstone":7,"minecraft:light_blue_stained_glass":3,"minecraft:torch":6,"minecraft:light_blue_wool":54,"minecraft:repeater":1,"minecraft:nether_wart_block":1,"minecraft:white_concrete":19,"minecraft:smooth_quartz":82,"minecraft:brown_wool":13,"minecraft:iron_door":8,"minecraft:jungle_door":1,"minecraft:zombie_head":1,"minecraft:polished_andesite_stairs":1,"minecraft:bucket":6,"minecraft:lapis_block":5,"minecraft:redstone_block":1,"minecraft:redstone":2,"minecraft:polished_diorite":1,"minecraft:red_concrete":3,"minecraft:blue_terracotta":1,"minecraft:anvil":65,"minecraft:brown_dye":4416,"minecraft:gray_stained_glass":1,"minecraft:oak_trapdoor":2,"minecraft:dragon_head":1,"minecraft:dark_prismarine_stairs":1,"minecraft:light_gray_terracotta":70,"minecraft:lime_concrete":11,"minecraft:composter":1,"minecraft:birch_pressure_plate":1,"minecraft:wither_skeleton_skull":192,"minecraft:light_gray_wool":8,"minecraft:comparator":1,"minecraft:stripped_oak_log":2,"minecraft:green_concrete":4,"minecraft:stripped_acacia_wood":3,"minecraft:acacia_leaves":1,"minecraft:red_terracotta":1,"minecraft:filled_map":32,"minecraft:gray_terracotta":64,"minecraft:orange_terracotta":4,"minecraft:andesite":1,"minecraft:quartz_stairs":1,"minecraft:mossy_stone_bricks":1,"minecraft:pink_wool":14,"minecraft:blue_ice":14,"minecraft:infested_stone":4,"minecraft:birch_sign":22,"minecraft:spruce_log":1,"minecraft:stripped_acacia_log":2,"minecraft:beacon":1,"minecraft:light_blue_terracotta":5,"minecraft:magenta_terracotta":10},"minecraft:killed":{"minecraft:chicken":7,"minecraft:villager":1},"minecraft:used":{"minecraft:polished_granite_stairs":390,"minecraft:spruce_slab":5,"minecraft:dispenser":4,"minecraft:ladder":88,"minecraft:green_banner":2,"minecraft:chest":2,"minecraft:brown_concrete":478,"minecraft:stone":444,"minecraft:quartz_stairs":114,"minecraft:chiseled_red_sandstone":4,"minecraft:soul_sand":1,"minecraft:lily_of_the_valley":21,"minecraft:blue_stained_glass":159,"minecraft:allium":69,"minecraft:orange_wool":5578,"minecraft:snowball":397,"minecraft:stripped_spruce_log":177,"minecraft:spruce_boat":1,"minecraft:honey_block":26,"minecraft:packed_ice":70,"minecraft:lava_bucket":8,"minecraft:stripped_dark_oak_wood":152,"minecraft:quartz_pillar":294,"minecraft:villager_spawn_egg":1,"minecraft:red_wool":1317,"minecraft:grass_block":567,"minecraft:polished_andesite_stairs":170,"minecraft:quartz_block":388,"minecraft:dark_oak_leaves":2,"minecraft:pink_wool":1810,"minecraft:stone_brick_stairs":177,"minecraft:blue_banner":1,"minecraft:infested_mossy_stone_bricks":5,"minecraft:yellow_glazed_terracotta":200,"minecraft:furnace":1,"minecraft:egg":54,"minecraft:gray_banner":6,"minecraft:brown_concrete_powder":59,"minecraft:emerald_ore":2,"minecraft:mossy_stone_bricks":54,"minecraft:diorite":146,"minecraft:end_stone_bricks":11,"minecraft:spruce_door":2,"minecraft:stripped_birch_log":797,"minecraft:infested_stone":224,"minecraft:powered_rail":6,"minecraft:prismarine":13,"minecraft:lily_pad":4,"minecraft:orange_tulip":28,"minecraft:lime_concrete_powder":29,"minecraft:composter":5,"minecraft:clay":239,"minecraft:oak_leaves":442,"minecraft:smooth_quartz_stairs":3,"minecraft:dark_oak_trapdoor":9,"minecraft:sand":447,"minecraft:purpur_stairs":118,"minecraft:smooth_red_sandstone":806,"minecraft:blue_ice":622,"minecraft:acacia_leaves":261,"minecraft:purple_terracotta":634,"minecraft:gray_concrete":186,"minecraft:purple_concrete_powder":223,"minecraft:stone_button":14,"minecraft:cyan_carpet":30,"minecraft:white_glazed_terracotta":15,"minecraft:red_terracotta":1,"minecraft:oak_pressure_plate":6,"minecraft:nether_wart_block":1,"minecraft:white_stained_glass":5,"minecraft:green_concrete_powder":23,"minecraft:birch_log":432,"minecraft:ice":119,"minecraft:purple_wool":2759,"minecraft:stripped_acacia_wood":297,"minecraft:iron_bars":2,"minecraft:acacia_log":248,"minecraft:orange_concrete":1562,"minecraft:armor_stand":2,"minecraft:red_concrete":31,"minecraft:mycelium":3,"minecraft:green_glazed_terracotta":115,"minecraft:torch":112,"minecraft:anvil":4,"minecraft:stone_stairs":1,"minecraft:yellow_carpet":222,"minecraft:blue_concrete":22,"minecraft:nether_brick_stairs":366,"minecraft:sea_lantern":514,"minecraft:iron_block":177,"minecraft:light_weighted_pressure_plate":127,"minecraft:jungle_log":1135,"minecraft:smooth_quartz":2642,"minecraft:purple_concrete":791,"minecraft:glowstone":3,"minecraft:lime_concrete":447,"minecraft:magenta_wool":307,"minecraft:iron_trapdoor":13,"minecraft:magenta_terracotta":914,"minecraft:podzol":1,"minecraft:trapped_chest":3,"minecraft:acacia_planks":135,"minecraft:orange_terracotta":1030,"minecraft:yellow_banner":128,"minecraft:water_bucket":92,"minecraft:tube_coral_block":1,"minecraft:sandstone_stairs":22,"minecraft:birch_planks":9997,"minecraft:lime_wool":5700,"minecraft:red_mushroom_block":6,"minecraft:cracked_stone_bricks":90,"minecraft:pink_concrete":466,"minecraft:mossy_cobblestone":160,"minecraft:diamond_block":58,"minecraft:lime_terracotta":1128,"minecraft:light_gray_banner":1,"minecraft:comparator":1,"minecraft:vine":163,"minecraft:crafting_table":5,"minecraft:birch_sign":189,"minecraft:spruce_log":417,"minecraft:mushroom_stem":1587,"minecraft:oak_log":1769,"minecraft:oxeye_daisy":1,"minecraft:acacia_sign":13,"minecraft:stripped_jungle_log":16,"minecraft:oak_button":2,"minecraft:cyan_concrete":419,"minecraft:spruce_trapdoor":2,"minecraft:cobblestone":5,"minecraft:acacia_pressure_plate":1,"minecraft:stripped_oak_log":67,"minecraft:kelp":9,"minecraft:brown_mushroom_block":2219,"minecraft:green_stained_glass":65,"minecraft:light_blue_banner":10,"minecraft:blue_terracotta":57,"minecraft:red_sand":25,"minecraft:bone_block":5,"minecraft:white_terracotta":2139,"minecraft:stripped_jungle_wood":129,"minecraft:bubble_coral":4,"minecraft:green_terracotta":3786,"minecraft:spruce_leaves":2,"minecraft:birch_pressure_plate":22,"minecraft:jungle_planks":134,"minecraft:nether_bricks":569,"minecraft:pink_terracotta":1434,"minecraft:beehive":1,"minecraft:cyan_wool":1889,"minecraft:red_sandstone_stairs":10,"minecraft:glass":140,"minecraft:cyan_terracotta":1467,"minecraft:bricks":109,"minecraft:coal_ore":3,"minecraft:spruce_wood":60,"minecraft:lantern":4,"minecraft:green_wool":760,"minecraft:dark_oak_wood":101,"minecraft:stone_bricks":9,"minecraft:item_frame":24,"minecraft:bedrock":10,"minecraft:birch_button":4,"minecraft:repeater":6,"minecraft:redstone_lamp":20,"minecraft:honeycomb_block":13,"minecraft:brown_carpet":24,"minecraft:hay_block":67,"minecraft:gold_block":1099,"minecraft:pink_concrete_powder":440,"minecraft:stripped_spruce_wood":2,"minecraft:dark_oak_stairs":1,"minecraft:stripped_acacia_log":282,"minecraft:birch_leaves":1,"minecraft:jungle_fence":6,"minecraft:oak_planks":5876,"minecraft:birch_wood":26,"minecraft:ender_pearl":57,"minecraft:redstone_block":45,"minecraft:white_wool":11074,"minecraft:yellow_terracotta":746,"minecraft:light_blue_concrete":857,"minecraft:loom":15,"minecraft:light_blue_wool":15054,"minecraft:black_banner":54,"minecraft:light_gray_terracotta":978,"minecraft:yellow_concrete":3473,"minecraft:note_block":1,"minecraft:stone_brick_wall":5,"minecraft:redstone_torch":7,"minecraft:black_terracotta":1041,"minecraft:sticky_piston":5,"minecraft:green_concrete":64,"minecraft:black_concrete":669,"minecraft:birch_fence_gate":14,"minecraft:dark_oak_log":64,"minecraft:light_gray_concrete":206,"minecraft:lime_carpet":2,"minecraft:heavy_weighted_pressure_plate":2,"minecraft:brown_wool":1468,"minecraft:string":39,"minecraft:barrier":81,"minecraft:iron_door":87,"minecraft:gravel":11,"minecraft:granite_slab":1,"minecraft:jungle_sign":3,"minecraft:light_blue_concrete_powder":169,"minecraft:stripped_oak_wood":181,"minecraft:andesite":140,"minecraft:white_concrete":5072,"minecraft:tropical_fish_bucket":2,"minecraft:cobweb":5,"minecraft:oak_fence":23,"minecraft:purpur_block":279,"minecraft:orange_concrete_powder":128,"minecraft:trident":38,"minecraft:jungle_leaves":1,"minecraft:redstone":21,"minecraft:light_blue_terracotta":604,"minecraft:spruce_planks":660,"minecraft:stripped_birch_wood":3145,"minecraft:dried_kelp_block":21,"minecraft:oak_door":6,"minecraft:dirt":139,"minecraft:prismarine_bricks":260,"minecraft:spruce_stairs":91,"minecraft:shulker_box":5,"minecraft:bee_nest":14,"minecraft:spruce_fence":4,"minecraft:purple_banner":3,"minecraft:purple_stained_glass_pane":31,"minecraft:brown_terracotta":169,"minecraft:dark_oak_planks":190,"minecraft:red_tulip":37,"minecraft:yellow_stained_glass":269,"minecraft:oak_stairs":325,"minecraft:smooth_sandstone":2376,"minecraft:yellow_concrete_powder":20,"minecraft:light_gray_wool":284,"minecraft:black_stained_glass":7,"minecraft:emerald_block":63,"minecraft:minecart":1,"minecraft:horn_coral_block":10,"minecraft:cyan_concrete_powder":588,"minecraft:cyan_banner":35,"minecraft:stone_pressure_plate":4,"minecraft:brain_coral_block":7,"minecraft:pink_tulip":11,"minecraft:cobblestone_stairs":8,"minecraft:pink_glazed_terracotta":12,"minecraft:snow_block":808,"minecraft:polished_andesite":240,"minecraft:blue_wool":8445,"minecraft:andesite_slab":449,"minecraft:birch_boat":10,"minecraft:cut_sandstone":197,"minecraft:magenta_stained_glass":4,"minecraft:red_glazed_terracotta":18,"minecraft:terracotta":938,"minecraft:stripped_dark_oak_log":153,"minecraft:brown_banner":99,"minecraft:yellow_stained_glass_pane":5,"minecraft:brown_glazed_terracotta":47,"minecraft:smooth_red_sandstone_stairs":5,"minecraft:dark_oak_door":2,"minecraft:purple_stained_glass":1788,"minecraft:gray_terracotta":17,"minecraft:piston":2,"minecraft:acacia_stairs":15,"minecraft:black_wool":1512,"minecraft:map":23,"minecraft:jungle_stairs":14,"minecraft:magenta_concrete":277,"minecraft:stone_slab":320,"minecraft:yellow_wool":4523,"minecraft:white_banner":55,"minecraft:lapis_block":7,"minecraft:red_banner":2,"minecraft:bucket":98,"minecraft:grass_path":4,"minecraft:purple_carpet":2,"minecraft:gray_wool":416,"minecraft:birch_stairs":45},"minecraft:picked_up":{"minecraft:creeper_head":192,"minecraft:anvil":65,"minecraft:red_sandstone_stairs":1,"minecraft:oak_stairs":1,"minecraft:infested_stone":1,"minecraft:dark_oak_trapdoor":2,"minecraft:spruce_planks":1,"minecraft:horn_coral_block":67,"minecraft:acacia_sign":6,"minecraft:dark_oak_door":64,"minecraft:beehive":64,"minecraft:composter":1,"minecraft:green_terracotta":1,"minecraft:pink_terracotta":3,"minecraft:black_dye":640,"minecraft:yellow_banner":2049,"minecraft:honey_bottle":66,"minecraft:command_block":1,"minecraft:light_blue_wool":20,"minecraft:tropical_fish":1,"minecraft:red_tulip":71,"minecraft:iron_block":1,"minecraft:blue_dye":2393,"minecraft:cyan_terracotta":2,"minecraft:white_terracotta":8,"minecraft:iron_bars":1,"minecraft:snowball":134,"minecraft:feather":2,"minecraft:iron_door":8,"minecraft:brown_wool":2,"minecraft:purple_stained_glass":1,"minecraft:pink_concrete_powder":1,"minecraft:cyan_concrete_powder":4,"minecraft:magenta_terracotta":3,"minecraft:gray_terracotta":64,"minecraft:lime_terracotta":3,"minecraft:birch_fence_gate":1,"minecraft:brown_mushroom_block":2,"minecraft:loom":8,"minecraft:trapped_chest":1,"minecraft:stripped_acacia_log":1,"minecraft:polished_andesite":2,"minecraft:dispenser":1,"minecraft:blue_terracotta":1,"minecraft:green_concrete":1,"minecraft:blue_ice":5,"minecraft:cyan_dye":832,"minecraft:bricks":2,"minecraft:spruce_leaves":1,"minecraft:crafting_table":5,"minecraft:purple_wool":3,"minecraft:conduit":1,"minecraft:purpur_block":1,"minecraft:compass":3,"minecraft:white_carpet":2,"minecraft:cyan_wool":3,"minecraft:chest":1,"minecraft:egg":8,"minecraft:stone":2,"minecraft:oak_door":2,"minecraft:white_dye":959,"minecraft:redstone":6,"minecraft:mushroom_stem":1,"minecraft:yellow_terracotta":1,"minecraft:white_wool":489,"minecraft:bone_block":1,"minecraft:smooth_red_sandstone":3,"minecraft:yellow_dye":2875,"minecraft:filled_map":15,"minecraft:oak_log":2,"minecraft:lily_pad":2,"minecraft:paper":1,"minecraft:white_banner":648,"minecraft:birch_pressure_plate":2,"minecraft:kelp":9,"minecraft:red_wool":2,"minecraft:lime_concrete":3,"minecraft:birch_stairs":1,"minecraft:light_blue_stained_glass":2,"minecraft:sea_lantern":4,"minecraft:birch_sign":27,"minecraft:gray_wool":3,"minecraft:brown_banner":4376,"minecraft:pink_dye":896,"minecraft:light_blue_concrete":2,"minecraft:redstone_block":1,"minecraft:yellow_wool":7,"minecraft:stone_brick_stairs":64,"minecraft:smooth_stone_slab":64,"minecraft:purple_banner":1,"minecraft:zombie_head":1,"minecraft:bucket":2,"minecraft:dark_oak_leaves":1,"minecraft:light_weighted_pressure_plate":3,"minecraft:red_dye":384,"minecraft:smooth_quartz":72,"minecraft:blue_wool":9,"minecraft:stick":1,"minecraft:orange_shulker_box":2,"minecraft:jungle_door":1,"minecraft:brown_terracotta":128,"minecraft:torch":10,"minecraft:snow_block":3,"minecraft:light_gray_banner":1,"minecraft:blue_stained_glass":2,"minecraft:green_banner":1,"minecraft:quartz_block":65,"minecraft:green_wool":1,"minecraft:stripped_birch_wood":7,"minecraft:magenta_dye":128,"minecraft:wither_skeleton_skull":320,"minecraft:dirt":5,"minecraft:glass":1,"minecraft:acacia_planks":1,"minecraft:orange_tulip":9,"minecraft:light_blue_dye":2240,"minecraft:cyan_concrete":2,"minecraft:oak_planks":14,"minecraft:pink_concrete":1,"minecraft:black_terracotta":3,"minecraft:oak_pressure_plate":1,"minecraft:sand":25,"minecraft:nether_brick_stairs":1,"minecraft:grass_block":6,"minecraft:lily_of_the_valley":7,"minecraft:mossy_cobblestone":1,"minecraft:orange_wool":9,"minecraft:light_gray_concrete":65,"minecraft:light_gray_terracotta":67,"minecraft:yellow_carpet":32,"minecraft:clay":1,"minecraft:light_blue_terracotta":1,"minecraft:black_concrete":2,"minecraft:bone_meal":1088,"minecraft:white_concrete":4,"minecraft:andesite_slab":1,"minecraft:oak_leaves":2,"minecraft:cocoa_beans":576,"minecraft:allium":10,"minecraft:chicken":1,"minecraft:ladder":14,"minecraft:pink_wool":4,"minecraft:gold_block":7,"minecraft:oak_trapdoor":2,"minecraft:orange_concrete":65,"minecraft:item_frame":17,"minecraft:magenta_wool":65,"minecraft:cyan_carpet":1,"minecraft:dark_prismarine_stairs":1,"minecraft:lectern":2,"minecraft:spruce_trapdoor":1,"minecraft:lime_wool":8,"minecraft:orange_dye":832,"minecraft:end_stone":1,"minecraft:quartz_pillar":2,"minecraft:stone_button":2,"minecraft:trident":2,"minecraft:brown_dye":6594,"minecraft:stone_pressure_plate":65,"minecraft:purple_terracotta":2,"minecraft:dark_oak_planks":1,"minecraft:pink_glazed_terracotta":2,"minecraft:jungle_stairs":1,"minecraft:nether_bricks":3,"minecraft:stripped_dark_oak_wood":1,"minecraft:black_banner":161,"minecraft:skeleton_skull":65,"minecraft:lime_stained_glass":1,"minecraft:birch_planks":15,"minecraft:ice":1,"minecraft:bedrock":1,"minecraft:yellow_glazed_terracotta":64,"minecraft:cobblestone_stairs":1,"minecraft:orange_terracotta":1,"minecraft:cooked_mutton":1,"minecraft:podzol":1,"minecraft:smooth_sandstone":1,"minecraft:cooked_chicken":65,"minecraft:book":65,"minecraft:birch_boat":2,"minecraft:lava_bucket":1,"minecraft:green_stained_glass":2,"minecraft:spruce_door":2,"minecraft:stripped_jungle_log":1,"minecraft:cyan_banner":168,"minecraft:lime_dye":704,"minecraft:gray_banner":1,"minecraft:black_wool":68,"minecraft:magenta_concrete":65,"minecraft:dark_oak_wood":1},"minecraft:crafted":{"minecraft:white_banner":16,"minecraft:item_frame":6,"minecraft:map":5}},"DataVersion":2230}