{"stats":{"minecraft:picked_up":{"minecraft:diamond_sword":1,"minecraft:potion":1,"minecraft:golden_sword":1,"minecraft:armor_stand":1,"minecraft:oak_sign":3,"minecraft:blue_orchid":2,"minecraft:red_sandstone":1,"minecraft:written_book":1,"minecraft:dark_oak_sign":1,"minecraft:white_glazed_terracotta":1,"minecraft:lime_wool":1,"minecraft:quartz_pillar":2,"minecraft:grass_block":2,"minecraft:diamond_block":3,"minecraft:polished_andesite":1,"minecraft:diamond_shovel":2,"minecraft:writable_book":5,"minecraft:birch_sign":1,"minecraft:mutton":6,"minecraft:white_wool":3,"minecraft:oxeye_daisy":24},"minecraft:used":{"minecraft:emerald_ore":149,"minecraft:blue_terracotta":220,"minecraft:diorite":2,"minecraft:end_rod":1,"minecraft:writable_book":21,"minecraft:end_stone_bricks":380,"minecraft:light_blue_glazed_terracotta":2,"minecraft:sandstone_stairs":21,"minecraft:snow_block":2978,"minecraft:birch_planks":92,"minecraft:oak_planks":10,"minecraft:armor_stand":3,"minecraft:red_sandstone_slab":46,"minecraft:polished_andesite":145,"minecraft:dark_oak_sign":8,"minecraft:lime_wool":2,"minecraft:bone_block":446,"minecraft:oak_sign":29,"minecraft:blue_wool":93,"minecraft:light_blue_terracotta":31,"minecraft:white_terracotta":2,"minecraft:end_stone_brick_slab":6,"minecraft:red_glazed_terracotta":1,"minecraft:quartz_stairs":7,"minecraft:sheep_spawn_egg":1,"minecraft:grass":14,"minecraft:player_head":4,"minecraft:gold_ore":10,"minecraft:spruce_leaves":350,"minecraft:white_wool":794,"minecraft:green_glazed_terracotta":38,"minecraft:pink_concrete":14,"minecraft:lime_terracotta":75,"minecraft:soul_sand":1,"minecraft:mossy_cobblestone":33,"minecraft:diamond_block":118,"minecraft:sand":1,"minecraft:tnt":5,"minecraft:light_blue_concrete":22,"minecraft:cyan_glazed_terracotta":160,"minecraft:oak_slab":75,"minecraft:hopper":2,"minecraft:blue_stained_glass":23,"minecraft:orange_glazed_terracotta":16,"minecraft:spruce_stairs":10,"minecraft:birch_sign":4,"minecraft:chiseled_quartz_block":1,"minecraft:light_gray_terracotta":6,"minecraft:campfire":12,"minecraft:light_gray_glazed_terracotta":559,"minecraft:light_gray_concrete_powder":2,"minecraft:purple_terracotta":16,"minecraft:gray_concrete":52,"minecraft:granite":726,"minecraft:cyan_wool":12,"minecraft:end_stone":23,"minecraft:spruce_log":46,"minecraft:black_terracotta":50,"minecraft:dark_oak_planks":2,"minecraft:red_sandstone":443,"minecraft:green_concrete":3,"minecraft:blue_glazed_terracotta":228,"minecraft:black_wool":23,"minecraft:sea_lantern":5,"minecraft:cyan_terracotta":1,"minecraft:oxeye_daisy":4,"minecraft:bricks":10,"minecraft:diamond_shovel":4,"minecraft:acacia_door":2,"minecraft:quartz_pillar":6,"minecraft:light_gray_concrete":17,"minecraft:red_wool":11,"minecraft:iron_block":123,"minecraft:grass_block":13,"minecraft:blue_orchid":946,"minecraft:stone_button":2,"minecraft:lapis_ore":81,"minecraft:lectern":77,"minecraft:white_glazed_terracotta":971,"minecraft:smooth_quartz":448,"minecraft:diamond_ore":121,"minecraft:iron_door":1,"minecraft:gravel":1,"minecraft:yellow_wool":18,"minecraft:granite_slab":213,"minecraft:bedrock":1,"minecraft:light_gray_wool":8,"minecraft:birch_trapdoor":40,"minecraft:purple_concrete":47,"minecraft:glowstone":2,"minecraft:potion":3,"minecraft:gray_glazed_terracotta":79,"minecraft:emerald_block":204,"minecraft:written_book":2,"minecraft:yellow_glazed_terracotta":5,"minecraft:andesite":28,"minecraft:birch_log":13,"minecraft:white_stained_glass":52,"minecraft:lapis_block":26,"minecraft:white_concrete":41,"minecraft:gray_wool":58,"minecraft:splash_potion":38,"minecraft:smooth_stone":1,"minecraft:purple_wool":23,"minecraft:lime_glazed_terracotta":69},"minecraft:custom":{"minecraft:mob_kills":1,"minecraft:play_one_minute":4410551,"minecraft:open_shulker_box":3,"minecraft:leave_game":30,"minecraft:time_since_death":2404535,"minecraft:climb_one_cm":1836,"minecraft:time_since_rest":2404965,"minecraft:sprint_one_cm":727253,"minecraft:damage_taken":240,"minecraft:walk_one_cm":3012481,"minecraft:drop":28,"minecraft:damage_dealt":80,"minecraft:interact_with_beacon":2,"minecraft:fly_one_cm":13714010,"minecraft:crouch_one_cm":67095,"minecraft:deaths":1,"minecraft:sneak_time":78754,"minecraft:walk_under_water_one_cm":3040,"minecraft:interact_with_lectern":32,"minecraft:jump":5206,"minecraft:walk_on_water_one_cm":848},"minecraft:killed":{"minecraft:sheep":1},"minecraft:dropped":{"minecraft:blue_terracotta":1,"minecraft:emerald_block":1,"minecraft:diamond_block":3,"minecraft:red_sandstone":1,"minecraft:diamond_shovel":2,"minecraft:sheep_spawn_egg":1,"minecraft:quartz_pillar":2,"minecraft:diamond_ore":2,"minecraft:grass_block":2,"minecraft:polished_andesite":1,"minecraft:iron_block":1,"minecraft:lime_glazed_terracotta":1,"minecraft:mutton":1,"minecraft:white_concrete":1,"minecraft:potion":1,"minecraft:bone_block":1,"minecraft:blue_glazed_terracotta":1,"minecraft:end_stone_bricks":2,"minecraft:acacia_door":1,"minecraft:white_stained_glass":1,"minecraft:white_wool":1,"minecraft:white_glazed_terracotta":1,"minecraft:armor_stand":1}},"DataVersion":2230}