{"stats":{"minecraft:dropped":{"minecraft:gold_ore":1,"minecraft:gray_banner":1,"minecraft:red_sandstone":1,"minecraft:red_sandstone_slab":1,"minecraft:elytra":2,"minecraft:cut_red_sandstone":1,"minecraft:grass":1,"minecraft:diamond_chestplate":1,"minecraft:mojang_banner_pattern":1,"minecraft:granite_slab":2,"minecraft:iron_bars":1,"minecraft:iron_ore":1,"minecraft:red_sand":1,"minecraft:black_concrete":1,"minecraft:red_sandstone_stairs":2},"minecraft:used":{"minecraft:trident":14,"minecraft:end_rod":5,"minecraft:jungle_leaves":1,"minecraft:iron_bars":463,"minecraft:writable_book":63,"minecraft:red_sand":97,"minecraft:granite_stairs":220,"minecraft:snow_block":18,"minecraft:cut_red_sandstone_slab":120,"minecraft:smooth_quartz_slab":1,"minecraft:red_sandstone_slab":334,"minecraft:redstone":7,"minecraft:powered_rail":284,"minecraft:ladder":16,"minecraft:oak_sign":18,"minecraft:lime_concrete_powder":1,"minecraft:chest":7,"minecraft:stone":3,"minecraft:redstone_block":2,"minecraft:grass":51,"minecraft:cobblestone_slab":11,"minecraft:white_wool":2,"minecraft:torch":2,"minecraft:soul_sand":19,"minecraft:dirt":56,"minecraft:sand":2,"minecraft:rail":2415,"minecraft:crafting_table":1,"minecraft:black_banner":45,"minecraft:nether_bricks":16,"minecraft:birch_sign":4,"minecraft:smooth_red_sandstone":8,"minecraft:blue_ice":7,"minecraft:acacia_button":1,"minecraft:polished_granite_slab":8,"minecraft:lingering_potion":5,"minecraft:granite":11197,"minecraft:dead_brain_coral_block":1713,"minecraft:redstone_torch":10,"minecraft:red_sandstone_stairs":716,"minecraft:enderman_spawn_egg":3,"minecraft:black_wool":1,"minecraft:packed_ice":17,"minecraft:red_sandstone":12814,"minecraft:black_concrete":57,"minecraft:firework_rocket":18,"minecraft:bricks":1,"minecraft:quartz_slab":2,"minecraft:grass_block":83,"minecraft:stone_button":20,"minecraft:string":131,"minecraft:brick_stairs":1,"minecraft:detector_rail":305,"minecraft:stone_slab":1,"minecraft:dark_oak_button":1,"minecraft:cut_red_sandstone":177,"minecraft:item_frame":1,"minecraft:granite_slab":269,"minecraft:tripwire_hook":3,"minecraft:lime_concrete":7,"minecraft:bow":5,"minecraft:written_book":1,"minecraft:lime_stained_glass":3,"minecraft:white_stained_glass_pane":4,"minecraft:minecart":62,"minecraft:smooth_stone_slab":2,"minecraft:white_concrete":12,"minecraft:splash_potion":47},"minecraft:crafted":{"minecraft:firework_rocket":3},"minecraft:picked_up":{"minecraft:splash_potion":1,"minecraft:red_sandstone_stairs":1,"minecraft:salmon":2,"minecraft:elytra":2,"minecraft:item_frame":1,"minecraft:oak_sign":1,"minecraft:red_sandstone":1,"minecraft:black_shulker_box":1,"minecraft:iron_ore":1,"minecraft:redstone_torch":1,"minecraft:minecart":6,"minecraft:powered_rail":1,"minecraft:torch":1,"minecraft:stone_button":8,"minecraft:granite_slab":1,"minecraft:gold_ore":1,"minecraft:redstone":1,"minecraft:command_block":1,"minecraft:black_concrete":1,"minecraft:gray_banner":1,"minecraft:grass":1,"minecraft:black_banner":5,"minecraft:iron_bars":1,"minecraft:rail":1},"minecraft:custom":{"minecraft:interact_with_crafting_table":5,"minecraft:play_one_minute":8477337,"minecraft:open_shulker_box":76,"minecraft:leave_game":31,"minecraft:time_since_death":8477337,"minecraft:climb_one_cm":19519,"minecraft:time_since_rest":8477337,"minecraft:sprint_one_cm":1247403,"minecraft:open_enderchest":17,"minecraft:walk_one_cm":4154716,"minecraft:trigger_trapped_chest":1,"minecraft:drop":18,"minecraft:minecart_one_cm":580313,"minecraft:damage_dealt":206,"minecraft:swim_one_cm":2441,"minecraft:fly_one_cm":28953412,"minecraft:open_chest":35,"minecraft:crouch_one_cm":51668,"minecraft:sneak_time":71929,"minecraft:walk_under_water_one_cm":60649,"minecraft:interact_with_lectern":34,"minecraft:aviate_one_cm":3673509,"minecraft:jump":5974,"minecraft:walk_on_water_one_cm":3900,"minecraft:inspect_dispenser":7}},"DataVersion":2230}