{"stats":{"minecraft:used":{"minecraft:packed_ice":44,"minecraft:villager_spawn_egg":12,"minecraft:snow_block":2,"minecraft:command_block":12,"minecraft:zombie_villager_spawn_egg":1,"minecraft:grass_block":26,"minecraft:iron_block":2,"minecraft:oak_planks":1,"minecraft:oak_button":3,"minecraft:birch_wood":89,"minecraft:stone_button":13,"minecraft:oak_sign":24,"minecraft:light_blue_terracotta":1,"minecraft:stone":23,"minecraft:white_shulker_box":1,"minecraft:smooth_quartz":1025,"minecraft:clay":54,"minecraft:sheep_spawn_egg":33,"minecraft:stripped_birch_wood":1,"minecraft:item_frame":1,"minecraft:white_wool":628,"minecraft:sand":16,"minecraft:dirt":1,"minecraft:magenta_wool":1,"minecraft:blue_stained_glass":12,"minecraft:furnace":2,"minecraft:dead_fire_coral_block":1,"minecraft:light_blue_wool":222,"minecraft:blue_ice":2,"minecraft:white_concrete":318,"minecraft:gray_wool":14,"minecraft:cyan_wool":2,"minecraft:stripped_spruce_wood":2},"minecraft:picked_up":{"minecraft:oak_slab":1,"minecraft:stone":2,"minecraft:torch":1,"minecraft:packed_ice":1,"minecraft:filled_map":3,"minecraft:sand":2,"minecraft:stripped_spruce_wood":1,"minecraft:stone_button":4,"minecraft:grass_block":5,"minecraft:item_frame":4,"minecraft:command_block":2,"minecraft:rotten_flesh":2,"minecraft:oak_sign":1,"minecraft:birch_sign":1,"minecraft:emerald":1,"minecraft:white_terracotta":1,"minecraft:white_shulker_box":16,"minecraft:ender_pearl":1},"minecraft:dropped":{"minecraft:filled_map":1,"minecraft:stone":7,"minecraft:packed_ice":1,"minecraft:stone_button":1,"minecraft:oak_planks":1,"minecraft:sand":2,"minecraft:command_block":3,"minecraft:sheep_spawn_egg":1,"minecraft:white_terracotta":1,"minecraft:stripped_spruce_wood":1,"minecraft:white_shulker_box":6,"minecraft:oak_sign":1,"minecraft:grass_block":7,"minecraft:item_frame":4,"minecraft:emerald":1},"minecraft:custom":{"minecraft:time_since_rest":4216531,"minecraft:interact_with_furnace":1,"minecraft:sprint_one_cm":1987920,"minecraft:damage_taken":960,"minecraft:walk_one_cm":2539498,"minecraft:trigger_trapped_chest":2,"minecraft:drop":37,"minecraft:damage_dealt":132,"minecraft:swim_one_cm":516,"minecraft:fly_one_cm":15479667,"minecraft:open_chest":10,"minecraft:crouch_one_cm":17709,"minecraft:play_one_minute":4385113,"minecraft:open_shulker_box":48,"minecraft:deaths":4,"minecraft:sneak_time":45609,"minecraft:walk_under_water_one_cm":61138,"minecraft:interact_with_lectern":9,"minecraft:jump":1902,"minecraft:leave_game":99,"minecraft:time_since_death":4216488,"minecraft:walk_on_water_one_cm":3327,"minecraft:climb_one_cm":16882}},"DataVersion":2230}