{"stats":{"minecraft:custom":{"minecraft:interact_with_crafting_table":17,"minecraft:eat_cake_slice":35,"minecraft:leave_game":31,"minecraft:time_since_death":2992330,"minecraft:sprint_one_cm":1038797,"minecraft:drop":224,"minecraft:deaths":1,"minecraft:jump":11508,"minecraft:interact_with_brewingstand":1,"minecraft:walk_on_water_one_cm":551,"minecraft:play_record":1,"minecraft:play_one_minute":4807356,"minecraft:interact_with_loom":68,"minecraft:open_enderchest":3,"minecraft:crouch_one_cm":349398,"minecraft:interact_with_smoker":2,"minecraft:inspect_dropper":3,"minecraft:interact_with_anvil":1,"minecraft:inspect_hopper":1,"minecraft:climb_one_cm":4276,"minecraft:walk_one_cm":6056532,"minecraft:sneak_time":205515,"minecraft:walk_under_water_one_cm":13986,"minecraft:time_since_rest":2992378,"minecraft:damage_taken":240,"minecraft:trigger_trapped_chest":11,"minecraft:fly_one_cm":15437101,"minecraft:open_chest":33},"minecraft:picked_up":{"minecraft:potion":1,"minecraft:dark_oak_pressure_plate":1,"minecraft:oak_sign":1,"minecraft:light_weighted_pressure_plate":1,"minecraft:torch":17,"minecraft:vine":1,"minecraft:iron_block":2,"minecraft:music_disc_wait":1,"minecraft:iron_bars":2,"minecraft:iron_door":2,"minecraft:chiseled_quartz_block":1,"minecraft:dirt":2,"minecraft:lantern":2,"minecraft:light_gray_concrete_powder":1,"minecraft:pink_banner":2,"minecraft:wheat_seeds":5,"minecraft:light_blue_dye":1,"minecraft:dark_oak_sign":1,"minecraft:black_concrete_powder":1,"minecraft:lever":3,"minecraft:white_concrete":1,"minecraft:blue_banner":1,"minecraft:azure_bluet":1,"minecraft:heavy_weighted_pressure_plate":2,"minecraft:cornflower":1,"minecraft:white_carpet":2,"minecraft:item_frame":3,"minecraft:quartz_slab":1,"minecraft:poppy":33,"minecraft:music_disc_mellohi":2,"minecraft:stone_button":2,"minecraft:redstone":15,"minecraft:stone_pressure_plate":11,"minecraft:black_banner":26,"minecraft:oxeye_daisy":2,"minecraft:white_banner":43,"minecraft:red_carpet":5,"minecraft:light_blue_banner":10,"minecraft:stone_bricks":64,"minecraft:polished_andesite_stairs":2,"minecraft:dandelion":1,"minecraft:lava_bucket":2,"minecraft:lime_dye":1,"minecraft:brown_banner":63},"minecraft:crafted":{"minecraft:cobblestone_stairs":4,"minecraft:leather_boots":1,"minecraft:leather_helmet":1,"minecraft:blue_dye":1,"minecraft:white_dye":65},"minecraft:dropped":{"minecraft:birch_planks":2,"minecraft:dark_oak_stairs":1,"minecraft:cyan_glazed_terracotta":2,"minecraft:crafting_table":1,"minecraft:stripped_birch_wood":2,"minecraft:flower_banner_pattern":1,"minecraft:quartz_pillar":4,"minecraft:bedrock":2,"minecraft:brown_banner":35,"minecraft:red_carpet":5,"minecraft:cobblestone_stairs":6,"minecraft:gold_block":1,"minecraft:cyan_terracotta":1,"minecraft:dirt":11,"minecraft:gray_concrete":1,"minecraft:stone_button":3,"minecraft:light_gray_banner":2,"minecraft:white_stained_glass_pane":1,"minecraft:bone_block":1,"minecraft:black_concrete":3,"minecraft:pink_glazed_terracotta":1,"minecraft:white_wool":1,"minecraft:magenta_banner":2,"minecraft:diamond_block":4,"minecraft:stripped_jungle_wood":1,"minecraft:black_terracotta":2,"minecraft:diamond_shovel":1,"minecraft:lime_dye":1,"minecraft:dead_fire_coral_block":2,"minecraft:black_glazed_terracotta":2,"minecraft:oak_wood":1,"minecraft:quartz_block":3,"minecraft:glowstone":2,"minecraft:leather_boots":1,"minecraft:spruce_wood":1,"minecraft:white_dye":1,"minecraft:iron_bars":7,"minecraft:glass":1,"minecraft:white_concrete_powder":1,"minecraft:stone_brick_stairs":1,"minecraft:light_gray_concrete_powder":1,"minecraft:dead_tube_coral_block":1,"minecraft:vine":2,"minecraft:smooth_quartz_stairs":1,"minecraft:yellow_concrete":1,"minecraft:iron_helmet":1,"minecraft:cobblestone":3,"minecraft:light_gray_glazed_terracotta":1,"minecraft:jungle_wood":1,"minecraft:dead_horn_coral_block":1,"minecraft:coal_block":1,"minecraft:polished_andesite":1,"minecraft:end_rod":2,"minecraft:oxeye_daisy":1,"minecraft:lava_bucket":3,"minecraft:iron_block":9,"minecraft:light_blue_stained_glass":1,"minecraft:torch":3,"minecraft:nether_wart_block":2,"minecraft:white_concrete":3,"minecraft:smooth_quartz":4,"minecraft:iron_door":2,"minecraft:potion":7,"minecraft:stripped_birch_log":1,"minecraft:pink_banner":2,"minecraft:polished_andesite_stairs":2,"minecraft:white_banner":24,"minecraft:music_disc_wait":1,"minecraft:smooth_stone":1,"minecraft:trapped_chest":1,"minecraft:pink_stained_glass_pane":1,"minecraft:redstone_block":2,"minecraft:redstone":3,"minecraft:polished_diorite":4,"minecraft:red_concrete":1,"minecraft:blue_terracotta":2,"minecraft:anvil":1,"minecraft:redstone_ore":1,"minecraft:ender_chest":1,"minecraft:chiseled_quartz_block":4,"minecraft:dead_bubble_coral_block":1,"minecraft:red_banner":1,"minecraft:magenta_stained_glass_pane":1,"minecraft:slime_block":1,"minecraft:light_gray_concrete":3,"minecraft:light_blue_concrete":1,"minecraft:oak_sign":1,"minecraft:flint_and_steel":1,"minecraft:light_blue_dye":1,"minecraft:stone":1,"minecraft:gray_terracotta":3,"minecraft:black_concrete_powder":1,"minecraft:quartz_stairs":1,"minecraft:stone_pressure_plate":3,"minecraft:stone_bricks":66,"minecraft:light_gray_dye":1,"minecraft:orange_stained_glass_pane":1,"minecraft:dead_brain_coral_block":1,"minecraft:light_blue_terracotta":2,"minecraft:magma_block":2,"minecraft:quartz_slab":1},"minecraft:used":{"minecraft:light_blue_banner":114,"minecraft:light_blue_stained_glass_pane":5,"minecraft:blue_terracotta":12,"minecraft:polished_granite_stairs":58,"minecraft:smooth_quartz_slab":330,"minecraft:dead_horn_coral_block":3,"minecraft:dispenser":1,"minecraft:poppy":249,"minecraft:bone_block":25,"minecraft:white_concrete_powder":5,"minecraft:green_banner":10,"minecraft:chest":2,"minecraft:white_terracotta":3628,"minecraft:stone":6,"minecraft:stripped_jungle_wood":2,"minecraft:quartz_stairs":45,"minecraft:grass":3,"minecraft:mossy_stone_brick_slab":568,"minecraft:blue_stained_glass":1,"minecraft:brick_slab":6,"minecraft:nether_bricks":98,"minecraft:prismarine_brick_stairs":171,"minecraft:pink_terracotta":3,"minecraft:glass":173,"minecraft:cyan_terracotta":18,"minecraft:lava_bucket":21,"minecraft:stripped_dark_oak_wood":100,"minecraft:bricks":34,"minecraft:quartz_pillar":29,"minecraft:lime_banner":3,"minecraft:red_wool":5,"minecraft:quartz_slab":18,"minecraft:spruce_wood":9,"minecraft:lantern":50,"minecraft:grass_block":740,"minecraft:polished_andesite_stairs":19,"minecraft:quartz_block":804,"minecraft:wet_sponge":3,"minecraft:dark_oak_wood":6,"minecraft:dark_oak_slab":5,"minecraft:music_disc_wait":1,"minecraft:pink_wool":99,"minecraft:stone_bricks":534,"minecraft:stone_brick_stairs":31,"minecraft:blue_banner":9,"minecraft:item_frame":60,"minecraft:bedrock":413,"minecraft:birch_trapdoor":9,"minecraft:red_stained_glass_pane":10,"minecraft:red_carpet":49,"minecraft:redstone_lamp":21,"minecraft:magma_block":39,"minecraft:polished_diorite_stairs":288,"minecraft:gold_block":100,"minecraft:skeleton_skull":11,"minecraft:gray_banner":4,"minecraft:dark_prismarine_stairs":95,"minecraft:stripped_spruce_wood":5,"minecraft:dark_oak_stairs":108,"minecraft:end_rod":134,"minecraft:spruce_door":1,"minecraft:dropper":6,"minecraft:stripped_birch_log":82,"minecraft:red_stained_glass":3,"minecraft:dark_oak_sign":5,"minecraft:prismarine":141,"minecraft:prismarine_stairs":21,"minecraft:polished_diorite_slab":133,"minecraft:mossy_stone_brick_stairs":3,"minecraft:black_glazed_terracotta":876,"minecraft:redstone_block":147,"minecraft:smooth_quartz_stairs":35,"minecraft:white_wool":29477,"minecraft:dark_oak_trapdoor":63,"minecraft:purpur_stairs":3,"minecraft:infested_chiseled_stone_bricks":3,"minecraft:light_blue_concrete":2213,"minecraft:lime_stained_glass_pane":3,"minecraft:loom":3,"minecraft:light_blue_wool":2,"minecraft:black_banner":101,"minecraft:yellow_concrete":1,"minecraft:sponge":31,"minecraft:chiseled_quartz_block":60,"minecraft:gray_concrete":8,"minecraft:black_concrete_powder":3,"minecraft:birch_fence":11,"minecraft:redstone_torch":24,"minecraft:black_terracotta":14,"minecraft:lever":15,"minecraft:black_concrete":369,"minecraft:daylight_detector":8,"minecraft:dark_oak_log":4,"minecraft:birch_slab":58,"minecraft:light_gray_concrete":194,"minecraft:heavy_weighted_pressure_plate":12,"minecraft:brown_stained_glass":1,"minecraft:stone_button":26,"minecraft:cyan_carpet":3,"minecraft:lectern":2,"minecraft:polished_granite":74,"minecraft:diamond_ore":14,"minecraft:iron_door":13,"minecraft:magenta_stained_glass_pane":1,"minecraft:smooth_red_sandstone_slab":14,"minecraft:coal_block":2,"minecraft:nether_wart_block":8,"minecraft:stripped_oak_wood":3,"minecraft:grindstone":10,"minecraft:dark_oak_fence":7,"minecraft:white_stained_glass":2,"minecraft:birch_log":3,"minecraft:pink_stained_glass":8,"minecraft:white_concrete":212,"minecraft:bone_meal":285,"minecraft:gray_stained_glass":16,"minecraft:oak_fence":5,"minecraft:oak_trapdoor":33,"minecraft:iron_bars":1022,"minecraft:enchanting_table":6,"minecraft:dead_tube_coral_block":3,"minecraft:acacia_log":4,"minecraft:flint_and_steel":258,"minecraft:armor_stand":76,"minecraft:redstone_ore":2,"minecraft:red_concrete":2,"minecraft:redstone":100,"minecraft:light_blue_terracotta":8,"minecraft:spruce_planks":4,"minecraft:ender_chest":2,"minecraft:stripped_birch_wood":444,"minecraft:oak_door":7,"minecraft:orange_stained_glass":1,"minecraft:torch":84,"minecraft:brewing_stand":4,"minecraft:dirt":653,"minecraft:anvil":1,"minecraft:white_carpet":17,"minecraft:hopper":6,"minecraft:prismarine_bricks":114,"minecraft:spruce_stairs":51,"minecraft:stone_stairs":2,"minecraft:light_gray_glazed_terracotta":140,"minecraft:oak_wood":4,"minecraft:pink_carpet":14,"minecraft:polished_granite_slab":68,"minecraft:light_blue_stained_glass":2,"minecraft:dead_brain_coral_block":3,"minecraft:blue_concrete":2,"minecraft:nether_brick_stairs":78,"minecraft:polished_diorite":2053,"minecraft:purple_banner":7,"minecraft:purple_stained_glass_pane":1,"minecraft:stone_brick_slab":77,"minecraft:dark_oak_planks":1681,"minecraft:sea_lantern":339,"minecraft:light_gray_stained_glass":3,"minecraft:bookshelf":38,"minecraft:yellow_stained_glass":6,"minecraft:iron_block":2713,"minecraft:light_weighted_pressure_plate":6,"minecraft:slime_block":71,"minecraft:brick_stairs":42,"minecraft:jungle_log":3,"minecraft:smooth_quartz":892,"minecraft:pink_stained_glass_pane":11,"minecraft:glowstone":162,"minecraft:gray_glazed_terracotta":2,"minecraft:black_stained_glass":5,"minecraft:magenta_wool":66,"minecraft:tall_grass":19,"minecraft:iron_trapdoor":25,"minecraft:dark_oak_pressure_plate":3,"minecraft:lime_stained_glass":2,"minecraft:white_stained_glass_pane":3,"minecraft:cyan_banner":8,"minecraft:trapped_chest":2,"minecraft:stone_pressure_plate":36,"minecraft:dead_bubble_coral_block":139,"minecraft:orange_stained_glass_pane":1,"minecraft:yellow_banner":10,"minecraft:cobblestone_stairs":42,"minecraft:pink_glazed_terracotta":40,"minecraft:birch_planks":297,"minecraft:polished_andesite":340,"minecraft:pink_banner":21,"minecraft:magenta_stained_glass":4,"minecraft:sheep_spawn_egg":1,"minecraft:pink_concrete":2,"minecraft:jungle_wood":4,"minecraft:diamond_block":182,"minecraft:light_gray_banner":4,"minecraft:rail":1,"minecraft:stripped_dark_oak_log":2,"minecraft:crafting_table":3,"minecraft:oak_slab":13,"minecraft:dark_prismarine_slab":17,"minecraft:cyan_glazed_terracotta":184,"minecraft:dead_fire_coral_block":3,"minecraft:brown_banner":255,"minecraft:birch_sign":6,"minecraft:yellow_stained_glass_pane":3,"minecraft:white_bed":1,"minecraft:light_gray_concrete_powder":3,"minecraft:painting":143,"minecraft:smooth_red_sandstone_stairs":16,"minecraft:smoker":4,"minecraft:cake":5,"minecraft:spruce_log":99,"minecraft:dark_oak_door":6,"minecraft:cyan_stained_glass":15,"minecraft:purple_stained_glass":1,"minecraft:oak_log":6,"minecraft:blue_stained_glass_pane":2,"minecraft:gray_terracotta":1191,"minecraft:piston":143,"minecraft:dark_prismarine":130,"minecraft:ender_eye":12,"minecraft:flower_pot":7,"minecraft:cornflower":255,"minecraft:map":5,"minecraft:spruce_trapdoor":19,"minecraft:magenta_banner":8,"minecraft:chiseled_stone_bricks":7,"minecraft:cobblestone":697,"minecraft:potion":21,"minecraft:orange_banner":8,"minecraft:cyan_stained_glass_pane":3,"minecraft:white_banner":112,"minecraft:red_banner":7,"minecraft:glass_pane":418,"minecraft:end_portal_frame":20,"minecraft:smooth_stone":14,"minecraft:jukebox":14,"minecraft:birch_stairs":198,"minecraft:green_stained_glass":1}},"DataVersion":2230}