{"stats":{"minecraft:custom":{"minecraft:time_since_rest":374689,"minecraft:sprint_one_cm":151517,"minecraft:damage_taken":240,"minecraft:walk_one_cm":1230702,"minecraft:trigger_trapped_chest":2,"minecraft:mob_kills":1,"minecraft:drop":131,"minecraft:minecart_one_cm":7704,"minecraft:damage_dealt":10,"minecraft:interact_with_crafting_table":2,"minecraft:fly_one_cm":2272238,"minecraft:open_chest":1,"minecraft:open_shulker_box":176,"minecraft:crouch_one_cm":17805,"minecraft:play_one_minute":569802,"minecraft:interact_with_loom":1,"minecraft:deaths":1,"minecraft:sneak_time":10621,"minecraft:walk_under_water_one_cm":14621,"minecraft:interact_with_lectern":5,"minecraft:jump":709,"minecraft:leave_game":3,"minecraft:time_since_death":374590,"minecraft:walk_on_water_one_cm":3599,"minecraft:climb_one_cm":13086,"minecraft:inspect_dispenser":5},"minecraft:used":{"minecraft:trident":78,"minecraft:blue_terracotta":3,"minecraft:powered_rail":1,"minecraft:armor_stand":56,"minecraft:stripped_birch_log":1,"minecraft:grass_block":18,"minecraft:yellow_shulker_box":18,"minecraft:dispenser":3,"minecraft:dark_oak_sign":15,"minecraft:oak_sign":11,"minecraft:blue_concrete_powder":6,"minecraft:white_shulker_box":19,"minecraft:yellow_concrete_powder":13,"minecraft:yellow_wool":1,"minecraft:bedrock":1,"minecraft:dirt":77,"minecraft:potion":3,"minecraft:blue_shulker_box":22,"minecraft:crafting_table":2,"minecraft:blue_stained_glass":2,"minecraft:minecart":3,"minecraft:birch_sign":3,"minecraft:jungle_door":3,"minecraft:bucket":1,"minecraft:gold_block":5,"minecraft:light_gray_concrete_powder":2,"minecraft:salmon_bucket":2,"minecraft:lingering_potion":220,"minecraft:blue_concrete":18,"minecraft:splash_potion":89},"minecraft:dropped":{"minecraft:blue_shulker_box":9,"minecraft:diamond_sword":8,"minecraft:leather_chestplate":16,"minecraft:golden_helmet":1,"minecraft:dispenser":3,"minecraft:lingering_potion":2,"minecraft:leather_boots":32,"minecraft:yellow_shulker_box":12,"minecraft:golden_sword":3,"minecraft:leather_leggings":28,"minecraft:birch_sign":1,"minecraft:white_shulker_box":11,"minecraft:splash_potion":2,"minecraft:dragon_breath":1,"minecraft:leather_helmet":2},"minecraft:picked_up":{"minecraft:lingering_potion":2,"minecraft:yellow_shulker_box":21,"minecraft:leather_chestplate":7,"minecraft:splash_potion":2,"minecraft:leather_leggings":19,"minecraft:diamond_sword":5,"minecraft:golden_sword":2,"minecraft:light_blue_stained_glass":1,"minecraft:leather_helmet":1,"minecraft:leather_boots":24,"minecraft:honey_bottle":1,"minecraft:acacia_sign":1,"minecraft:dark_oak_sign":1,"minecraft:white_shulker_box":22,"minecraft:blue_shulker_box":19},"minecraft:crafted":{"minecraft:leather_helmet":1},"minecraft:killed":{"minecraft:sheep":1}},"DataVersion":2230}