{"stats":{"minecraft:custom":{"minecraft:inspect_dropper":2,"minecraft:mob_kills":1,"minecraft:interact_with_cartography_table":2,"minecraft:open_barrel":4,"minecraft:open_shulker_box":8,"minecraft:play_one_minute":1431556,"minecraft:interact_with_loom":1,"minecraft:leave_game":29,"minecraft:time_since_death":1431556,"minecraft:climb_one_cm":14933,"minecraft:time_since_rest":1431556,"minecraft:sprint_one_cm":514536,"minecraft:open_enderchest":1,"minecraft:walk_one_cm":2368118,"minecraft:drop":54,"minecraft:damage_dealt":60,"minecraft:fly_one_cm":10205322,"minecraft:open_chest":14,"minecraft:crouch_one_cm":14815,"minecraft:sneak_time":20987,"minecraft:walk_under_water_one_cm":12767,"minecraft:interact_with_lectern":5,"minecraft:jump":1546,"minecraft:walk_on_water_one_cm":1771,"minecraft:interact_with_smoker":1,"minecraft:inspect_dispenser":2},"minecraft:dropped":{"minecraft:oak_door":1,"minecraft:snow_block":1,"minecraft:spruce_sign":1,"minecraft:bread":1,"minecraft:bricks":1,"minecraft:dark_oak_stairs":1,"minecraft:lever":1,"minecraft:cocoa_beans":1,"minecraft:bookshelf":1,"minecraft:diamond_shovel":1,"minecraft:apple":1,"minecraft:prismarine_brick_stairs":1,"minecraft:glass_pane":1,"minecraft:elytra":1,"minecraft:dark_oak_fence_gate":1,"minecraft:grass_block":1,"minecraft:mushroom_stew":1,"minecraft:end_rod":1,"minecraft:sandstone_wall":1,"minecraft:smooth_red_sandstone":1,"minecraft:birch_trapdoor":2,"minecraft:dark_oak_fence":2,"minecraft:spruce_trapdoor":2,"minecraft:brown_wool":1,"minecraft:iron_door":1,"minecraft:potion":1,"minecraft:writable_book":1,"minecraft:white_stained_glass_pane":1,"minecraft:oak_stairs":7,"minecraft:birch_sign":5,"minecraft:pumpkin_pie":1,"minecraft:painting":1,"minecraft:sunflower":2,"minecraft:beacon":2,"minecraft:campfire":1,"minecraft:prismarine_bricks":1,"minecraft:white_concrete_powder":1,"minecraft:tripwire_hook":1,"minecraft:blue_carpet":1,"minecraft:white_wool":1,"minecraft:terracotta":1,"minecraft:stone_brick_slab":1,"minecraft:brown_concrete":1,"minecraft:armor_stand":1,"minecraft:firework_rocket":1},"minecraft:killed":{"minecraft:parrot":1},"minecraft:used":{"minecraft:oak_trapdoor":2,"minecraft:yellow_banner":8,"minecraft:dark_oak_stairs":31,"minecraft:light_blue_banner":9,"minecraft:end_rod":314,"minecraft:iron_bars":16,"minecraft:writable_book":2,"minecraft:snow_block":6,"minecraft:armor_stand":8,"minecraft:light_gray_carpet":179,"minecraft:oak_sign":5,"minecraft:cartography_table":4,"minecraft:green_banner":1,"minecraft:white_concrete_powder":1048,"minecraft:stone":3,"minecraft:brown_concrete":4,"minecraft:composter":9,"minecraft:parrot_spawn_egg":1,"minecraft:spruce_fence_gate":1,"minecraft:sandstone_wall":2,"minecraft:white_wool":106,"minecraft:oak_door":2,"minecraft:oak_leaves":980,"minecraft:orange_carpet":1,"minecraft:dirt":37,"minecraft:terracotta":4,"minecraft:yellow_terracotta":18,"minecraft:prismarine_bricks":25,"minecraft:birch_sign":12,"minecraft:prismarine_brick_stairs":6,"minecraft:smooth_red_sandstone":2,"minecraft:campfire":1,"minecraft:light_gray_concrete_powder":388,"minecraft:dark_oak_fence_gate":2,"minecraft:painting":10,"minecraft:birch_fence":144,"minecraft:andesite_wall":239,"minecraft:oak_log":207,"minecraft:glass":2,"minecraft:stone_brick_slab":19,"minecraft:lever":3,"minecraft:flower_pot":2,"minecraft:black_wool":3,"minecraft:sea_lantern":303,"minecraft:diamond_shovel":1,"minecraft:bricks":2,"minecraft:bookshelf":4,"minecraft:iron_block":2,"minecraft:lantern":56,"minecraft:grass_block":204,"minecraft:oak_stairs":7,"minecraft:map":6,"minecraft:brown_wool":182,"minecraft:lectern":2,"minecraft:dark_oak_leaves":38,"minecraft:gray_concrete_powder":1,"minecraft:spruce_trapdoor":17,"minecraft:smooth_quartz":16,"minecraft:iron_door":5,"minecraft:diorite_wall":3,"minecraft:stone_brick_stairs":14,"minecraft:stone_bricks":18,"minecraft:yellow_wool":98,"minecraft:item_frame":200,"minecraft:tripwire_hook":6,"minecraft:birch_trapdoor":5,"minecraft:white_banner":2,"minecraft:white_stained_glass_pane":4,"minecraft:dark_oak_fence":1056,"minecraft:sea_pickle":3,"minecraft:glass_pane":2},"minecraft:picked_up":{"minecraft:cocoa_beans":1,"minecraft:feather":1,"minecraft:iron_door":1,"minecraft:smooth_red_sandstone":1,"minecraft:tripwire_hook":1,"minecraft:brown_wool":1,"minecraft:oak_stairs":7,"minecraft:mushroom_stew":1,"minecraft:prismarine_bricks":1,"minecraft:lantern":3,"minecraft:armor_stand":1,"minecraft:item_frame":6,"minecraft:glass_pane":1,"minecraft:apple":1,"minecraft:spruce_trapdoor":1,"minecraft:dark_oak_stairs":1,"minecraft:prismarine_brick_stairs":1,"minecraft:white_stained_glass_pane":1,"minecraft:oak_door":1,"minecraft:birch_trapdoor":2,"minecraft:snow_block":1,"minecraft:grass_block":1,"minecraft:dark_oak_fence_gate":1,"minecraft:blue_carpet":1,"minecraft:diamond_shovel":1,"minecraft:white_concrete_powder":1,"minecraft:campfire":1,"minecraft:pumpkin_pie":1,"minecraft:lever":2,"minecraft:writable_book":2,"minecraft:painting":1,"minecraft:bone_meal":2,"minecraft:birch_sign":6,"minecraft:spruce_sign":1,"minecraft:bookshelf":1,"minecraft:end_rod":1,"minecraft:bread":1,"minecraft:terracotta":1,"minecraft:light_gray_carpet":2,"minecraft:dark_oak_fence":2,"minecraft:white_wool":1,"minecraft:sunflower":2}},"DataVersion":2230}