{"stats":{"minecraft:custom":{"minecraft:inspect_dropper":8,"minecraft:mob_kills":11,"minecraft:inspect_hopper":2,"minecraft:fill_cauldron":1,"minecraft:open_shulker_box":5,"minecraft:leave_game":13,"minecraft:time_since_death":1083038,"minecraft:climb_one_cm":6174,"minecraft:sprint_one_cm":498360,"minecraft:walk_one_cm":3448304,"minecraft:drop":28,"minecraft:walk_under_water_one_cm":94582,"minecraft:sneak_time":26561,"minecraft:interact_with_lectern":3,"minecraft:jump":2848,"minecraft:walk_on_water_one_cm":53813,"minecraft:play_one_minute":1083038,"minecraft:interact_with_loom":7,"minecraft:pot_flower":4,"minecraft:time_since_rest":1083038,"minecraft:trigger_trapped_chest":1,"minecraft:damage_dealt":362,"minecraft:swim_one_cm":814,"minecraft:fly_one_cm":4679021,"minecraft:open_chest":5,"minecraft:crouch_one_cm":34994,"minecraft:interact_with_smoker":1,"minecraft:inspect_dispenser":19},"minecraft:picked_up":{"minecraft:seagrass":2,"minecraft:white_carpet":1,"minecraft:sea_pickle":2,"minecraft:bucket":2,"minecraft:redstone_torch":5,"minecraft:redstone":4,"minecraft:tropical_fish":17,"minecraft:water_bucket":5,"minecraft:lantern":6,"minecraft:light_gray_concrete_powder":1,"minecraft:kelp":1,"minecraft:mossy_stone_bricks":1,"minecraft:scaffolding":1,"minecraft:dandelion":1,"minecraft:painting":3,"minecraft:bone_meal":7},"minecraft:killed":{"minecraft:tropical_fish":11},"minecraft:dropped":{"minecraft:cyan_stained_glass":1,"minecraft:lantern":5,"minecraft:tropical_fish":3,"minecraft:grass_block":1,"minecraft:dirt":1,"minecraft:seagrass":3,"minecraft:dandelion":2,"minecraft:stone_brick_slab":1,"minecraft:mossy_stone_brick_slab":1,"minecraft:sea_lantern":1,"minecraft:sea_pickle":3,"minecraft:quartz_block":1,"minecraft:quartz_stairs":1,"minecraft:mossy_stone_bricks":2,"minecraft:painting":2},"minecraft:used":{"minecraft:peony":2,"minecraft:petrified_oak_slab":1,"minecraft:jungle_leaves":13,"minecraft:writable_book":2,"minecraft:rose_bush":2,"minecraft:iron_bars":3,"minecraft:orange_concrete":1,"minecraft:white_tulip":3,"minecraft:smooth_quartz_slab":2,"minecraft:red_concrete":6,"minecraft:dispenser":9,"minecraft:redstone":32,"minecraft:light_gray_carpet":9,"minecraft:black_carpet":5,"minecraft:light_blue_terracotta":23,"minecraft:white_terracotta":15,"minecraft:stone":366,"minecraft:stripped_jungle_wood":65,"minecraft:quartz_stairs":352,"minecraft:mossy_stone_brick_slab":32,"minecraft:smooth_sandstone_stairs":24,"minecraft:dried_kelp_block":5,"minecraft:orange_stained_glass":6,"minecraft:soul_sand":1,"minecraft:dirt":182,"minecraft:red_nether_brick_slab":19,"minecraft:white_carpet":23,"minecraft:hopper":2,"minecraft:brick_slab":24,"minecraft:blue_stained_glass":87,"minecraft:prismarine_bricks":141,"minecraft:cod_bucket":3,"minecraft:spruce_stairs":111,"minecraft:prismarine_brick_stairs":2,"minecraft:cobblestone_wall":1,"minecraft:jungle_slab":78,"minecraft:nether_brick_slab":4,"minecraft:pink_terracotta":2,"minecraft:yellow_carpet":27,"minecraft:salmon_bucket":3,"minecraft:jungle_trapdoor":47,"minecraft:light_blue_stained_glass":433,"minecraft:blue_concrete":16,"minecraft:polished_diorite":141,"minecraft:obsidian":2,"minecraft:glass":14,"minecraft:stone_brick_slab":94,"minecraft:dark_oak_planks":2,"minecraft:sea_lantern":128,"minecraft:cyan_terracotta":98,"minecraft:stripped_dark_oak_wood":92,"minecraft:bookshelf":76,"minecraft:light_gray_stained_glass":6,"minecraft:iron_block":25,"minecraft:quartz_slab":32,"minecraft:yellow_stained_glass":97,"minecraft:lantern":15,"minecraft:grass_block":192,"minecraft:blue_orchid":1,"minecraft:smooth_sandstone":18,"minecraft:polished_andesite_stairs":1,"minecraft:quartz_block":85,"minecraft:dark_oak_leaves":33,"minecraft:smooth_quartz":213,"minecraft:dark_oak_button":9,"minecraft:stone_brick_stairs":128,"minecraft:stone_bricks":314,"minecraft:item_frame":21,"minecraft:birch_trapdoor":11,"minecraft:tripwire_hook":2,"minecraft:black_stained_glass":2,"minecraft:repeater":1,"minecraft:redstone_lamp":77,"minecraft:red_nether_brick_wall":6,"minecraft:magma_block":3,"minecraft:brown_carpet":8,"minecraft:emerald_block":1,"minecraft:scaffolding":14,"minecraft:seagrass":35,"minecraft:stripped_spruce_wood":80,"minecraft:mossy_stone_bricks":42,"minecraft:water_bucket":152,"minecraft:end_rod":27,"minecraft:end_stone_bricks":34,"minecraft:cobblestone_stairs":5,"minecraft:brick_wall":1,"minecraft:dropper":10,"minecraft:yellow_shulker_box":3,"minecraft:gray_carpet":3,"minecraft:jungle_fence":4,"minecraft:orange_tulip":4,"minecraft:smooth_sandstone_slab":24,"minecraft:mossy_stone_brick_stairs":35,"minecraft:composter":46,"minecraft:redstone_block":11,"minecraft:end_stone_brick_slab":8,"minecraft:cauldron":2,"minecraft:spruce_fence_gate":1,"minecraft:diamond_axe":10,"minecraft:clay":5,"minecraft:cobblestone_slab":96,"minecraft:smooth_quartz_stairs":3,"minecraft:oak_leaves":85,"minecraft:yellow_terracotta":14,"minecraft:light_blue_concrete":2,"minecraft:cut_sandstone_slab":14,"minecraft:loom":2,"minecraft:light_gray_concrete_powder":91,"minecraft:chiseled_quartz_block":4,"minecraft:gray_concrete":268,"minecraft:stone_brick_wall":3,"minecraft:painting":142,"minecraft:black_concrete_powder":1,"minecraft:red_sandstone_wall":1,"minecraft:cyan_stained_glass":4,"minecraft:birch_fence":1,"minecraft:redstone_torch":16,"minecraft:sticky_piston":9,"minecraft:black_terracotta":1,"minecraft:gray_terracotta":1,"minecraft:lever":25,"minecraft:flower_pot":6,"minecraft:cornflower":2,"minecraft:black_concrete":8,"minecraft:black_wool":1,"minecraft:daylight_detector":69,"minecraft:birch_fence_gate":1,"minecraft:stripped_jungle_log":10,"minecraft:light_gray_concrete":4,"minecraft:heavy_weighted_pressure_plate":5,"minecraft:string":24,"minecraft:stone_button":4,"minecraft:lectern":1,"minecraft:jungle_stairs":68,"minecraft:purpur_slab":2,"minecraft:stone_slab":51,"minecraft:polished_granite":1,"minecraft:spruce_trapdoor":14,"minecraft:iron_door":1,"minecraft:gravel":32,"minecraft:lilac":2,"minecraft:blue_carpet":2,"minecraft:coal_block":18,"minecraft:white_banner":15,"minecraft:stripped_oak_wood":67,"minecraft:dark_oak_fence":16,"minecraft:white_stained_glass":7,"minecraft:bucket":33,"minecraft:andesite":15,"minecraft:glass_pane":42,"minecraft:smooth_stone_slab":88,"minecraft:wither_rose":3,"minecraft:sea_pickle":50,"minecraft:white_concrete":131,"minecraft:tropical_fish_bucket":26,"minecraft:kelp":25,"minecraft:dandelion":8,"minecraft:jukebox":1,"minecraft:smooth_stone":160,"minecraft:birch_stairs":103,"minecraft:gray_stained_glass":3}},"DataVersion":2230}