{"stats":{"minecraft:dropped":{"minecraft:diamond_block":3,"minecraft:red_sandstone":1,"minecraft:diamond_shovel":2,"minecraft:sheep_spawn_egg":1,"minecraft:grass_block":1,"minecraft:polished_andesite":1,"minecraft:mutton":1,"minecraft:white_concrete":1,"minecraft:potion":1,"minecraft:bone_block":1,"minecraft:end_stone_bricks":2,"minecraft:armor_stand":1},"minecraft:killed":{"minecraft:sheep":1},"minecraft:custom":{"minecraft:mob_kills":1,"minecraft:play_one_minute":1959955,"minecraft:open_shulker_box":3,"minecraft:leave_game":16,"minecraft:time_since_death":1959955,"minecraft:climb_one_cm":1836,"minecraft:time_since_rest":1959955,"minecraft:sprint_one_cm":588146,"minecraft:walk_one_cm":2653610,"minecraft:drop":14,"minecraft:damage_dealt":80,"minecraft:interact_with_beacon":2,"minecraft:fly_one_cm":8340667,"minecraft:crouch_one_cm":59517,"minecraft:sneak_time":40920,"minecraft:walk_under_water_one_cm":3040,"minecraft:interact_with_lectern":3,"minecraft:jump":4882,"minecraft:walk_on_water_one_cm":52},"minecraft:picked_up":{"minecraft:diamond_sword":1,"minecraft:potion":1,"minecraft:golden_sword":1,"minecraft:armor_stand":1,"minecraft:blue_orchid":2,"minecraft:oak_sign":3,"minecraft:red_sandstone":1,"minecraft:dark_oak_sign":1,"minecraft:grass_block":1,"minecraft:diamond_block":3,"minecraft:polished_andesite":1,"minecraft:diamond_shovel":2,"minecraft:mutton":4,"minecraft:white_wool":3},"minecraft:used":{"minecraft:end_rod":1,"minecraft:end_stone_bricks":168,"minecraft:sandstone_stairs":21,"minecraft:snow_block":700,"minecraft:birch_planks":48,"minecraft:armor_stand":3,"minecraft:red_sandstone_slab":46,"minecraft:polished_andesite":145,"minecraft:dark_oak_sign":8,"minecraft:bone_block":174,"minecraft:oak_planks":10,"minecraft:oak_sign":26,"minecraft:blue_wool":7,"minecraft:end_stone_brick_slab":6,"minecraft:quartz_stairs":7,"minecraft:sheep_spawn_egg":1,"minecraft:grass":14,"minecraft:white_wool":286,"minecraft:spruce_leaves":350,"minecraft:lime_terracotta":60,"minecraft:diamond_block":66,"minecraft:sand":1,"minecraft:oak_slab":75,"minecraft:blue_stained_glass":23,"minecraft:orange_glazed_terracotta":1,"minecraft:spruce_stairs":10,"minecraft:campfire":11,"minecraft:light_gray_glazed_terracotta":72,"minecraft:light_gray_concrete_powder":2,"minecraft:chiseled_quartz_block":1,"minecraft:granite":726,"minecraft:cyan_wool":12,"minecraft:end_stone":11,"minecraft:spruce_log":46,"minecraft:black_terracotta":50,"minecraft:dark_oak_planks":2,"minecraft:sea_lantern":5,"minecraft:red_sandstone":443,"minecraft:black_wool":23,"minecraft:diamond_shovel":4,"minecraft:quartz_pillar":5,"minecraft:red_wool":11,"minecraft:iron_block":39,"minecraft:grass_block":4,"minecraft:blue_orchid":946,"minecraft:stone_button":1,"minecraft:lectern":73,"minecraft:white_glazed_terracotta":278,"minecraft:smooth_quartz":179,"minecraft:diamond_ore":5,"minecraft:iron_door":1,"minecraft:yellow_wool":18,"minecraft:granite_slab":213,"minecraft:light_gray_wool":2,"minecraft:birch_trapdoor":40,"minecraft:purple_concrete":47,"minecraft:glowstone":2,"minecraft:potion":3,"minecraft:emerald_block":33,"minecraft:yellow_glazed_terracotta":4,"minecraft:white_stained_glass":4,"minecraft:lapis_block":26,"minecraft:white_concrete":9,"minecraft:gray_wool":12,"minecraft:smooth_stone":1,"minecraft:splash_potion":38,"minecraft:lime_glazed_terracotta":28}},"DataVersion":2230}