{"stats":{"minecraft:custom":{"minecraft:interact_with_crafting_table":25,"minecraft:open_shulker_box":33,"minecraft:bell_ring":4,"minecraft:eat_cake_slice":76,"minecraft:leave_game":49,"minecraft:time_since_death":677692,"minecraft:sprint_one_cm":1254545,"minecraft:drop":128,"minecraft:deaths":3,"minecraft:jump":9574,"minecraft:walk_on_water_one_cm":196988,"minecraft:play_one_minute":3919332,"minecraft:interact_with_loom":134,"minecraft:damage_dealt":1550,"minecraft:crouch_one_cm":75556,"minecraft:inspect_dispenser":27,"minecraft:interact_with_anvil":9,"minecraft:mob_kills":10,"minecraft:inspect_hopper":3,"minecraft:fill_cauldron":1,"minecraft:climb_one_cm":6380,"minecraft:walk_one_cm":11917768,"minecraft:sneak_time":52490,"minecraft:walk_under_water_one_cm":417713,"minecraft:boat_one_cm":1755,"minecraft:interact_with_blast_furnace":14,"minecraft:tune_noteblock":66,"minecraft:pot_flower":24,"minecraft:interact_with_grindstone":8,"minecraft:time_since_rest":677710,"minecraft:damage_taken":800,"minecraft:trigger_trapped_chest":3,"minecraft:minecart_one_cm":386892,"minecraft:swim_one_cm":212051,"minecraft:fly_one_cm":25879332,"minecraft:open_chest":46,"minecraft:aviate_one_cm":6532542},"minecraft:picked_up":{"minecraft:wheat":1,"minecraft:redstone_block":2,"minecraft:creeper_head":108,"minecraft:potion":2,"minecraft:blue_concrete":1,"minecraft:string":1,"minecraft:smooth_stone_slab":2,"minecraft:acacia_sign":4,"minecraft:red_dye":127,"minecraft:redstone_torch":44,"minecraft:flower_banner_pattern":1,"minecraft:dark_oak_door":4,"minecraft:stick":1,"minecraft:torch":25,"minecraft:black_dye":230,"minecraft:brown_carpet":1,"minecraft:tropical_fish":3,"minecraft:blue_dye":62,"minecraft:iron_bars":1,"minecraft:leather_chestplate":3,"minecraft:repeater":4,"minecraft:iron_door":1,"minecraft:chiseled_quartz_block":1,"minecraft:magenta_dye":1,"minecraft:light_gray_dye":1,"minecraft:gray_concrete":3,"minecraft:leather_boots":1,"minecraft:orange_tulip":1,"minecraft:wheat_seeds":1,"minecraft:grindstone":1,"minecraft:dark_oak_sign":3,"minecraft:powered_rail":1,"minecraft:black_stained_glass_pane":1,"minecraft:lily_of_the_valley":6,"minecraft:dispenser":1,"minecraft:yellow_carpet":2,"minecraft:lever":29,"minecraft:spruce_button":1,"minecraft:white_concrete":2,"minecraft:blue_banner":1,"minecraft:allium":1,"minecraft:ladder":11,"minecraft:leather_leggings":2,"minecraft:gold_block":5,"minecraft:shield":1,"minecraft:heavy_weighted_pressure_plate":8,"minecraft:cornflower":5,"minecraft:white_carpet":13,"minecraft:item_frame":63,"minecraft:blue_orchid":1,"minecraft:creeper_banner_pattern":2,"minecraft:detector_rail":3,"minecraft:poppy":3,"minecraft:birch_sapling":2,"minecraft:egg":1,"minecraft:bowl":1,"minecraft:white_dye":126,"minecraft:cake":2,"minecraft:stone_button":46,"minecraft:redstone":94,"minecraft:blue_carpet":78,"minecraft:stone_pressure_plate":5,"minecraft:saddle":1,"minecraft:black_banner":5,"minecraft:mutton":11,"minecraft:white_wool":137,"minecraft:rail":87,"minecraft:oxeye_daisy":1,"minecraft:yellow_dye":125,"minecraft:birch_planks":1,"minecraft:filled_map":38,"minecraft:bedrock":1,"minecraft:paper":55,"minecraft:white_banner":50,"minecraft:birch_pressure_plate":1,"minecraft:red_carpet":1,"minecraft:gray_carpet":6,"minecraft:iron_ingot":7,"minecraft:cooked_chicken":1,"minecraft:cobweb":1,"minecraft:dandelion":2,"minecraft:gravel":1,"minecraft:leather_helmet":2,"minecraft:white_concrete_powder":1,"minecraft:birch_sign":5,"minecraft:oak_button":15,"minecraft:black_wool":65},"minecraft:killed":{"minecraft:salmon":2,"minecraft:sheep":7,"minecraft:ravager":1},"minecraft:crafted":{"minecraft:cauldron":1,"minecraft:creeper_banner_pattern":10,"minecraft:leather_chestplate":2,"minecraft:leather_leggings":1,"minecraft:leather_boots":2,"minecraft:skull_banner_pattern":1,"minecraft:leather_helmet":2},"minecraft:dropped":{"minecraft:orange_dye":1,"minecraft:creeper_banner_pattern":1,"minecraft:bedrock":2,"minecraft:black_banner":2,"minecraft:leather_helmet":2,"minecraft:item_frame":1,"minecraft:gray_concrete":4,"minecraft:black_stained_glass_pane":1,"minecraft:yellow_dye":2,"minecraft:white_wool":130,"minecraft:gray_dye":2,"minecraft:dark_oak_door":1,"minecraft:detector_rail":1,"minecraft:pink_dye":1,"minecraft:wheat":1,"minecraft:grindstone":1,"minecraft:lime_dye":1,"minecraft:leather_chestplate":3,"minecraft:sea_lantern":1,"minecraft:heavy_weighted_pressure_plate":3,"minecraft:leather_boots":1,"minecraft:leather_leggings":2,"minecraft:white_dye":1,"minecraft:iron_bars":1,"minecraft:black_dye":65,"minecraft:cyan_dye":1,"minecraft:purple_dye":1,"minecraft:grass_block":1,"minecraft:polished_andesite":1,"minecraft:stick":1,"minecraft:lava_bucket":1,"minecraft:cobweb":1,"minecraft:blue_dye":2,"minecraft:green_dye":1,"minecraft:white_concrete":2,"minecraft:map":1,"minecraft:white_banner":14,"minecraft:red_dye":3,"minecraft:paper":55,"minecraft:gray_carpet":3,"minecraft:redstone":5,"minecraft:creeper_head":108,"minecraft:brown_dye":1,"minecraft:chiseled_quartz_block":1,"minecraft:smooth_stone_slab":2,"minecraft:birch_pressure_plate":1,"minecraft:blue_concrete":1,"minecraft:filled_map":28,"minecraft:light_blue_dye":1,"minecraft:cake":2,"minecraft:redstone_torch":2,"minecraft:stone_pressure_plate":2,"minecraft:birch_sign":1,"minecraft:light_gray_dye":2,"minecraft:magenta_dye":2,"minecraft:black_wool":65},"minecraft:used":{"minecraft:peony":10,"minecraft:light_gray_stained_glass_pane":6,"minecraft:smooth_quartz_slab":20,"minecraft:dispenser":7,"minecraft:poppy":19,"minecraft:diamond_hoe":8,"minecraft:ladder":25,"minecraft:oak_sign":6,"minecraft:white_concrete_powder":5,"minecraft:green_banner":5,"minecraft:chest":44,"minecraft:white_shulker_box":1,"minecraft:quartz_stairs":157,"minecraft:bell":2,"minecraft:player_head":5,"minecraft:soul_sand":16,"minecraft:birch_pressure_plate":4,"minecraft:lily_of_the_valley":31,"minecraft:blue_stained_glass":602,"minecraft:brick_slab":96,"minecraft:jungle_planks":29,"minecraft:nether_bricks":1,"minecraft:allium":1,"minecraft:obsidian":57,"minecraft:glass":1025,"minecraft:cyan_terracotta":451,"minecraft:lava_bucket":1,"minecraft:stripped_dark_oak_wood":5,"minecraft:bricks":15,"minecraft:quartz_pillar":104,"minecraft:quartz_slab":530,"minecraft:red_wool":4,"minecraft:black_stained_glass_pane":229,"minecraft:lantern":11,"minecraft:grass_block":5753,"minecraft:blue_orchid":2,"minecraft:birch_sapling":67,"minecraft:green_wool":13,"minecraft:quartz_block":12,"minecraft:tropical_fish_spawn_egg":3,"minecraft:pink_wool":97,"minecraft:stone_brick_stairs":90,"minecraft:stone_bricks":5509,"minecraft:blue_banner":5,"minecraft:item_frame":246,"minecraft:bedrock":8,"minecraft:birch_button":10,"minecraft:birch_trapdoor":41,"minecraft:repeater":106,"minecraft:magma_block":2,"minecraft:red_carpet":17,"minecraft:redstone_lamp":67,"minecraft:infested_mossy_stone_bricks":1872,"minecraft:brown_carpet":1,"minecraft:snow":37,"minecraft:oak_sapling":1,"minecraft:blue_shulker_box":3,"minecraft:furnace":3,"minecraft:gold_block":1,"minecraft:skeleton_skull":6,"minecraft:dragon_head":13,"minecraft:end_rod":232,"minecraft:gray_carpet":22,"minecraft:wither_skeleton_skull":1,"minecraft:powered_rail":137,"minecraft:red_stained_glass":48,"minecraft:stripped_birch_log":83,"minecraft:birch_leaves":13,"minecraft:acacia_trapdoor":9,"minecraft:dark_oak_sign":23,"minecraft:oak_planks":86,"minecraft:lily_pad":1,"minecraft:orange_tulip":1,"minecraft:sandstone":1,"minecraft:redstone_block":79,"minecraft:black_glazed_terracotta":1,"minecraft:composter":1,"minecraft:diamond_axe":3,"minecraft:smooth_quartz_stairs":539,"minecraft:white_wool":155,"minecraft:dark_oak_trapdoor":29,"minecraft:loom":9,"minecraft:blast_furnace":17,"minecraft:black_banner":23,"minecraft:yellow_concrete":16,"minecraft:chiseled_quartz_block":19,"minecraft:note_block":20,"minecraft:stone_brick_wall":3,"minecraft:gray_concrete":9277,"minecraft:end_stone":31,"minecraft:birch_fence":7,"minecraft:redstone_torch":211,"minecraft:sticky_piston":185,"minecraft:lever":75,"minecraft:black_concrete":466,"minecraft:firework_rocket":6,"minecraft:birch_fence_gate":7,"minecraft:acacia_door":3,"minecraft:gray_stained_glass_pane":6,"minecraft:birch_slab":254,"minecraft:light_gray_concrete":383,"minecraft:heavy_weighted_pressure_plate":13,"minecraft:string":54,"minecraft:brown_stained_glass":270,"minecraft:stone_button":84,"minecraft:lectern":5,"minecraft:polished_granite":6,"minecraft:oak_pressure_plate":2,"minecraft:iron_door":27,"minecraft:gravel":193,"minecraft:lilac":66,"minecraft:polished_andesite_slab":37,"minecraft:jungle_sign":5,"minecraft:diamond_sword":16,"minecraft:grindstone":28,"minecraft:white_stained_glass":2410,"minecraft:birch_log":1,"minecraft:pink_stained_glass":11,"minecraft:smooth_stone_slab":2326,"minecraft:chest_minecart":19,"minecraft:oak_boat":1,"minecraft:white_concrete":17961,"minecraft:tropical_fish_bucket":11,"minecraft:bone_meal":249,"minecraft:purple_wool":48,"minecraft:cobweb":14,"minecraft:oak_fence":20,"minecraft:oak_trapdoor":5,"minecraft:trident":2,"minecraft:rose_bush":23,"minecraft:iron_bars":310,"minecraft:flint_and_steel":45,"minecraft:armor_stand":219,"minecraft:redstone":576,"minecraft:light_gray_carpet":6,"minecraft:netherrack":54,"minecraft:torch":175,"minecraft:dirt":187,"minecraft:anvil":10,"minecraft:white_carpet":484,"minecraft:hopper":9,"minecraft:nether_quartz_ore":47,"minecraft:yellow_carpet":20,"minecraft:bee_nest":2,"minecraft:jungle_trapdoor":117,"minecraft:light_blue_stained_glass":13,"minecraft:spruce_fence":11,"minecraft:dead_brain_coral_block":377,"minecraft:blue_concrete":246,"minecraft:nether_brick_stairs":2,"minecraft:polished_diorite":9,"minecraft:birch_door":9,"minecraft:purple_banner":7,"minecraft:stone_brick_slab":1235,"minecraft:ravager_spawn_egg":1,"minecraft:sea_lantern":1173,"minecraft:yellow_stained_glass":6,"minecraft:iron_block":23,"minecraft:oak_stairs":28,"minecraft:slime_block":29,"minecraft:spruce_button":1,"minecraft:brick_stairs":3,"minecraft:smooth_quartz":889,"minecraft:tripwire_hook":10,"minecraft:black_stained_glass":67,"minecraft:iron_trapdoor":50,"minecraft:white_stained_glass_pane":15,"minecraft:podzol":2,"minecraft:minecart":71,"minecraft:infested_cobblestone":43,"minecraft:trapped_chest":1,"minecraft:stone_pressure_plate":13,"minecraft:acacia_planks":22,"minecraft:observer":66,"minecraft:water_bucket":1163,"minecraft:cobblestone_stairs":1,"minecraft:tube_coral_block":15,"minecraft:sandstone_stairs":177,"minecraft:snow_block":759,"minecraft:birch_planks":2388,"minecraft:polished_andesite":953,"minecraft:lime_wool":4,"minecraft:blue_wool":1120,"minecraft:birch_boat":1,"minecraft:red_mushroom_block":19,"minecraft:cauldron":1,"minecraft:stonecutter":2,"minecraft:sheep_spawn_egg":44,"minecraft:conduit":2,"minecraft:rail":412,"minecraft:comparator":1,"minecraft:oak_slab":1573,"minecraft:tnt":1,"minecraft:crafting_table":6,"minecraft:birch_sign":30,"minecraft:yellow_stained_glass_pane":13,"minecraft:campfire":30,"minecraft:painting":84,"minecraft:cake":23,"minecraft:smoker":1,"minecraft:dark_oak_door":109,"minecraft:purple_stained_glass":46,"minecraft:piston":151,"minecraft:flower_pot":53,"minecraft:activator_rail":1,"minecraft:cornflower":26,"minecraft:black_wool":115,"minecraft:oxeye_daisy":2,"minecraft:diamond_shovel":26,"minecraft:acacia_sign":59,"minecraft:oak_button":22,"minecraft:map":74,"minecraft:detector_rail":323,"minecraft:jungle_stairs":82,"minecraft:spruce_trapdoor":7,"minecraft:yellow_wool":7,"minecraft:blue_carpet":518,"minecraft:green_carpet":2,"minecraft:chiseled_stone_bricks":1,"minecraft:cobblestone":57,"minecraft:white_banner":258,"minecraft:jungle_door":5,"minecraft:red_banner":5,"minecraft:bucket":29,"minecraft:glass_pane":222,"minecraft:dandelion":15,"minecraft:kelp":6,"minecraft:purple_carpet":3,"minecraft:smooth_stone":322,"minecraft:brown_mushroom_block":8,"minecraft:jukebox":1,"minecraft:birch_stairs":93,"minecraft:green_stained_glass":42}},"DataVersion":2230}