{"stats":{"minecraft:custom":{"minecraft:interact_with_anvil":19,"minecraft:mob_kills":53,"minecraft:play_one_minute":3735766,"minecraft:interact_with_loom":8,"minecraft:open_shulker_box":95,"minecraft:leave_game":25,"minecraft:time_since_death":3735766,"minecraft:climb_one_cm":21442,"minecraft:time_since_rest":3735766,"minecraft:sprint_one_cm":480565,"minecraft:open_enderchest":2,"minecraft:walk_one_cm":7552178,"minecraft:trigger_trapped_chest":2,"minecraft:drop":10,"minecraft:minecart_one_cm":3970,"minecraft:damage_dealt":4250,"minecraft:interact_with_beacon":2,"minecraft:swim_one_cm":3991,"minecraft:fly_one_cm":19049690,"minecraft:open_chest":8,"minecraft:crouch_one_cm":16046,"minecraft:sneak_time":5381,"minecraft:walk_under_water_one_cm":234483,"minecraft:boat_one_cm":2537,"minecraft:interact_with_lectern":36,"minecraft:jump":4546,"minecraft:walk_on_water_one_cm":3903},"minecraft:mined":{"minecraft:white_bed":1},"minecraft:picked_up":{"minecraft:nether_wart":176,"minecraft:diamond_sword":5,"minecraft:lapis_lazuli":1,"minecraft:green_shulker_box":1,"minecraft:white_banner":15,"minecraft:white_carpet":9,"minecraft:red_sand":2,"minecraft:black_shulker_box":6,"minecraft:acacia_sign":1,"minecraft:light_gray_wool":1,"minecraft:torch":1,"minecraft:red_banner":1,"minecraft:grass_block":1,"minecraft:writable_book":9,"minecraft:birch_sign":3,"minecraft:green_wool":3,"minecraft:black_banner":1,"minecraft:netherrack":1,"minecraft:mutton":80,"minecraft:white_wool":47},"minecraft:killed":{"minecraft:sheep":53},"minecraft:dropped":{"minecraft:white_carpet":5,"minecraft:diamond_sword":5,"minecraft:birch_sign":1,"minecraft:red_sand":2,"minecraft:netherrack":1},"minecraft:used":{"minecraft:iron_bars":2,"minecraft:end_rod":133,"minecraft:writable_book":43,"minecraft:red_sand":2,"minecraft:sandstone_stairs":34,"minecraft:melon":243,"minecraft:flint_and_steel":40,"minecraft:snow_block":27,"minecraft:red_sandstone_slab":22,"minecraft:polished_andesite":162,"minecraft:lime_wool":435,"minecraft:ladder":2,"minecraft:green_banner":5,"minecraft:chest":1,"minecraft:birch_boat":3,"minecraft:white_terracotta":77,"minecraft:sandstone":2,"minecraft:black_shulker_box":7,"minecraft:cut_sandstone":11,"minecraft:stripped_birch_wood":665,"minecraft:quartz_stairs":61,"minecraft:beacon":6,"minecraft:sheep_spawn_egg":12,"minecraft:oak_door":5,"minecraft:netherrack":144,"minecraft:cracked_stone_bricks":2,"minecraft:torch":89,"minecraft:white_wool":155,"minecraft:chiseled_red_sandstone":2,"minecraft:dirt":3,"minecraft:lime_terracotta":25,"minecraft:sand":10,"minecraft:anvil":7,"minecraft:white_carpet":28,"minecraft:tnt":3,"minecraft:oak_slab":1,"minecraft:loom":1,"minecraft:blue_stained_glass":90,"minecraft:spruce_stairs":7,"minecraft:birch_sign":225,"minecraft:black_banner":1,"minecraft:blue_ice":5,"minecraft:campfire":73,"minecraft:sponge":725,"minecraft:jungle_trapdoor":11,"minecraft:painting":10,"minecraft:spruce_fence":1,"minecraft:granite":232,"minecraft:obsidian":61,"minecraft:birch_fence":90,"minecraft:red_sandstone_stairs":2,"minecraft:glass":106,"minecraft:red_sandstone":2298,"minecraft:acacia_stairs":16,"minecraft:black_wool":268,"minecraft:black_concrete":3619,"minecraft:sea_lantern":326,"minecraft:cyan_terracotta":2,"minecraft:black_stained_glass_pane":24,"minecraft:chiseled_sandstone":60,"minecraft:heavy_weighted_pressure_plate":35,"minecraft:quartz_slab":23,"minecraft:light_gray_concrete":1,"minecraft:red_wool":16,"minecraft:lantern":41,"minecraft:iron_block":283,"minecraft:grass_block":2,"minecraft:oak_stairs":6,"minecraft:brown_wool":17,"minecraft:green_wool":9,"minecraft:lectern":10,"minecraft:stone_slab":6,"minecraft:mossy_cobblestone_slab":2,"minecraft:iron_door":12,"minecraft:polished_andesite_slab":2,"minecraft:yellow_wool":38,"minecraft:light_gray_wool":369,"minecraft:green_carpet":13,"minecraft:diamond_sword":95,"minecraft:birch_trapdoor":2,"minecraft:emerald_block":40,"minecraft:green_shulker_box":8,"minecraft:purple_concrete":137,"minecraft:magma_block":50,"minecraft:redstone_lamp":6,"minecraft:bow":78,"minecraft:snow":21,"minecraft:magenta_wool":129,"minecraft:hay_block":19,"minecraft:written_book":3,"minecraft:lime_stained_glass":8,"minecraft:dark_oak_fence":1,"minecraft:minecart":3,"minecraft:lapis_block":11,"minecraft:smooth_stone_slab":142,"minecraft:white_concrete":2025,"minecraft:acacia_planks":17,"minecraft:gray_wool":102,"minecraft:smooth_stone":217,"minecraft:purple_wool":1,"minecraft:birch_stairs":25}},"DataVersion":2230}