{"stats":{"minecraft:dropped":{"minecraft:gray_glazed_terracotta":1,"minecraft:dark_oak_pressure_plate":2,"minecraft:gray_wool":1,"minecraft:spruce_planks":1},"minecraft:custom":{"minecraft:play_one_minute":730137,"minecraft:open_shulker_box":4,"minecraft:pot_flower":2,"minecraft:leave_game":6,"minecraft:time_since_death":730137,"minecraft:climb_one_cm":624,"minecraft:time_since_rest":730137,"minecraft:sprint_one_cm":153127,"minecraft:walk_one_cm":390272,"minecraft:drop":4,"minecraft:swim_one_cm":500,"minecraft:fly_one_cm":3385108,"minecraft:open_chest":1,"minecraft:crouch_one_cm":7486,"minecraft:sneak_time":18424,"minecraft:walk_under_water_one_cm":4669,"minecraft:jump":276,"minecraft:walk_on_water_one_cm":255},"minecraft:picked_up":{"minecraft:dark_oak_pressure_plate":2,"minecraft:sheep_spawn_egg":1},"minecraft:used":{"minecraft:emerald_ore":3,"minecraft:diorite":13,"minecraft:blue_terracotta":3,"minecraft:end_rod":2,"minecraft:iron_bars":2,"minecraft:end_stone_bricks":7,"minecraft:iron_ore":2,"minecraft:light_blue_glazed_terracotta":13,"minecraft:snow_block":159,"minecraft:melon":14,"minecraft:birch_planks":182,"minecraft:redstone_ore":1,"minecraft:dark_oak_sign":1,"minecraft:lime_wool":108,"minecraft:oak_planks":88,"minecraft:birch_wood":8,"minecraft:spruce_planks":110,"minecraft:white_terracotta":76,"minecraft:sandstone":28,"minecraft:stripped_jungle_wood":994,"minecraft:stripped_birch_wood":12,"minecraft:clay":24,"minecraft:gold_ore":8,"minecraft:green_terracotta":256,"minecraft:green_glazed_terracotta":23,"minecraft:white_wool":198,"minecraft:dark_oak_trapdoor":2,"minecraft:mossy_cobblestone":5,"minecraft:diamond_block":4,"minecraft:dirt":16,"minecraft:soul_sand":8,"minecraft:lime_terracotta":24,"minecraft:terracotta":25,"minecraft:stripped_dark_oak_log":2,"minecraft:light_blue_concrete":17,"minecraft:cyan_glazed_terracotta":99,"minecraft:orange_glazed_terracotta":43,"minecraft:jungle_planks":59,"minecraft:light_blue_wool":13,"minecraft:birch_sign":1,"minecraft:light_gray_terracotta":9,"minecraft:yellow_concrete":182,"minecraft:light_gray_glazed_terracotta":96,"minecraft:dark_oak_fence_gate":1,"minecraft:chiseled_quartz_block":27,"minecraft:lingering_potion":60,"minecraft:brown_glazed_terracotta":10,"minecraft:gray_concrete":163,"minecraft:granite":3,"minecraft:end_stone":24,"minecraft:spruce_log":157,"minecraft:obsidian":2,"minecraft:oak_log":10,"minecraft:black_terracotta":24,"minecraft:brown_terracotta":15,"minecraft:flower_pot":3,"minecraft:blue_glazed_terracotta":1,"minecraft:acacia_stairs":3,"minecraft:black_wool":112,"minecraft:quartz_pillar":2,"minecraft:bricks":6,"minecraft:coal_ore":1,"minecraft:bookshelf":5,"minecraft:chiseled_sandstone":53,"minecraft:light_gray_concrete":1,"minecraft:lantern":2,"minecraft:iron_block":111,"minecraft:acacia_slab":5,"minecraft:smooth_sandstone":163,"minecraft:green_wool":209,"minecraft:lapis_ore":28,"minecraft:white_glazed_terracotta":102,"minecraft:cyan_concrete":37,"minecraft:polished_granite":3,"minecraft:spruce_trapdoor":4,"minecraft:smooth_quartz":52,"minecraft:diamond_ore":15,"minecraft:yellow_wool":300,"minecraft:bedrock":2,"minecraft:light_gray_wool":2,"minecraft:coal_block":4,"minecraft:redstone_lamp":1,"minecraft:lime_concrete":338,"minecraft:snow":138,"minecraft:hay_block":15,"minecraft:gray_glazed_terracotta":8,"minecraft:yellow_glazed_terracotta":10,"minecraft:dark_oak_fence":5,"minecraft:andesite":3,"minecraft:birch_log":11,"minecraft:lapis_block":330,"minecraft:gold_block":157,"minecraft:acacia_wood":1,"minecraft:white_concrete":37,"minecraft:coarse_dirt":1,"minecraft:gray_wool":187,"minecraft:brown_mushroom_block":762,"minecraft:lime_glazed_terracotta":113}},"DataVersion":2230}